2024-12-17 15:30 - WARNING - New file received :
2024-12-17 15:32 - INFO - New file received : example.txt
2024-12-17 15:32 - INFO - Creation of a new Merkle Tree
2024-12-17 15:32 - INFO - New node added : h(1)
2024-12-17 15:32 - INFO - New node added : h(2)
2024-12-17 15:32 - INFO - New node added : h(3)
2024-12-17 15:32 - INFO - New node added : h(4)
2024-12-17 15:32 - INFO - New node added : h(5)
2024-12-17 15:32 - INFO - New node added : h(6)
2024-12-17 15:32 - INFO - New node added : h(7)
2024-12-17 15:32 - INFO - New node added : h(8)
2024-12-17 15:32 - INFO - New node added : h(h(1)h(2))
2024-12-17 15:32 - INFO - New node added : h(h(3)h(4))
2024-12-17 15:32 - INFO - New node added : h(h(h(1)h(2))h(h(3)h(4)))
2024-12-17 15:32 - INFO - New node added : h(h(5)h(6))
2024-12-17 15:32 - INFO - New node added : h(h(7)h(8))
2024-12-17 15:32 - INFO - New node added : h(h(h(5)h(6))h(h(7)h(8)))
2024-12-17 15:32 - INFO - New node added : h(h(h(h(1)h(2))h(h(3)h(4)))h(h(h(5)h(6))h(h(7)h(8))))
2024-12-17 15:32 - INFO - Root Hash asked for Merkle Tree
2024-12-17 15:32 - INFO - Full Merkle Tree scheme asked
2024-12-17 15:36 - INFO - New file received : example.txt
2024-12-17 15:36 - INFO - Creation of a new Merkle Tree
2024-12-17 15:36 - INFO - New node added : 6b86b273ff34fce19d6b804eff5a3f5747ada4eaa22f1d49c01e52ddb7875b4b
2024-12-17 15:36 - INFO - New node added : d4735e3a265e16eee03f59718b9b5d03019c07d8b6c51f90da3a666eec13ab35
2024-12-17 15:36 - INFO - New node added : 4e07408562bedb8b60ce05c1decfe3ad16b72230967de01f640b7e4729b49fce
2024-12-17 15:36 - INFO - New node added : 4b227777d4dd1fc61c6f884f48641d02b4d121d3fd328cb08b5531fcacdabf8a
2024-12-17 15:36 - INFO - New node added : ef2d127de37b942baad06145e54b0c619a1f22327b2ebbcfbec78f5564afe39d
2024-12-17 15:36 - INFO - New node added : e7f6c011776e8db7cd330b54174fd76f7d0216b612387a5ffcfb81e6f0919683
2024-12-17 15:36 - INFO - New node added : 7902699be42c8a8e46fbbb4501726517e86b22c56a189f7625a6da49081b2451
2024-12-17 15:36 - INFO - New node added : 2c624232cdd221771294dfbb310aca000a0df6ac8b66b696d90ef06fdefb64a3
2024-12-17 15:36 - INFO - New node added : 33b675636da5dcc86ec847b38c08fa49ff1cace9749931e0a5d4dfdbdedd808a
2024-12-17 15:36 - INFO - New node added : 13656c83d841ea7de6ebf3a89e0038fea9526bd7f686f06f7a692343a8a32dca
2024-12-17 15:36 - INFO - New node added : 85df8945419d2b5038f7ac83ec1ec6b8267c40fdb3b1e56ff62f6676eb855e70
2024-12-17 15:36 - INFO - New node added : 43587f59c00a8e528bc7636fabaffcf70cc25afc5b4d53df797faf0dc72f6dd0
2024-12-17 15:36 - INFO - New node added : ada17dcc2d615cc0d982a538b618f45441e798c38b1df9f3dd273e386eba1363
2024-12-17 15:36 - INFO - New node added : e0e2d0cec0ef7e8fc458e516dfde82890c183431a3f9efae9e4693fc23dfa36a
2024-12-17 15:36 - INFO - New node added : c27450cd3fd4df029145f3437ae9c381e0ae55e8400de06cb973005b36d7b222
2024-12-17 15:36 - INFO - Root Hash asked for Merkle Tree
2024-12-17 15:36 - INFO - Full Merkle Tree scheme asked
2024-12-17 15:36 - INFO - New file received : example.txt
2024-12-17 15:36 - INFO - Creation of a new Merkle Tree
2024-12-17 15:36 - INFO - New node added : d4735e3a265e16eee03f59718b9b5d03019c07d8b6c51f90da3a666eec13ab35
2024-12-17 15:36 - INFO - New node added : 5feceb66ffc86f38d952786c6d696c79c2dbc239dd4e91b46729d73a27fb57e9
2024-12-17 15:36 - INFO - New node added : d4735e3a265e16eee03f59718b9b5d03019c07d8b6c51f90da3a666eec13ab35
2024-12-17 15:36 - INFO - New node added : 4b227777d4dd1fc61c6f884f48641d02b4d121d3fd328cb08b5531fcacdabf8a
2024-12-17 15:36 - INFO - New node added : 3973e022e93220f9212c18d0d0c543ae7c309e46640da93a4a0314de999f5112
2024-12-17 15:36 - INFO - New node added : 6b86b273ff34fce19d6b804eff5a3f5747ada4eaa22f1d49c01e52ddb7875b4b
2024-12-17 15:36 - INFO - New node added : d4735e3a265e16eee03f59718b9b5d03019c07d8b6c51f90da3a666eec13ab35
2024-12-17 15:36 - INFO - New node added : 3973e022e93220f9212c18d0d0c543ae7c309e46640da93a4a0314de999f5112
2024-12-17 15:36 - INFO - New node added : 6b86b273ff34fce19d6b804eff5a3f5747ada4eaa22f1d49c01e52ddb7875b4b
2024-12-17 15:36 - INFO - New node added : 7902699be42c8a8e46fbbb4501726517e86b22c56a189f7625a6da49081b2451
2024-12-17 15:36 - INFO - New node added : 36a9e7f1c95b82ffb99743e0c5c4ce95d83c9a430aac59f84ef3cbfab6145068
2024-12-17 15:36 - INFO - New node added : 6b86b273ff34fce19d6b804eff5a3f5747ada4eaa22f1d49c01e52ddb7875b4b
2024-12-17 15:36 - INFO - New node added : ef2d127de37b942baad06145e54b0c619a1f22327b2ebbcfbec78f5564afe39d
2024-12-17 15:36 - INFO - New node added : e7ac0786668e0ff0f02b62bd04f45ff636fd82db63b1104601c975dc005f3a67
2024-12-17 15:36 - INFO - New node added : 4e07408562bedb8b60ce05c1decfe3ad16b72230967de01f640b7e4729b49fce
2024-12-17 15:36 - INFO - New node added : 5feceb66ffc86f38d952786c6d696c79c2dbc239dd4e91b46729d73a27fb57e9
2024-12-17 15:36 - INFO - New node added : 36a9e7f1c95b82ffb99743e0c5c4ce95d83c9a430aac59f84ef3cbfab6145068
2024-12-17 15:36 - INFO - New node added : 3973e022e93220f9212c18d0d0c543ae7c309e46640da93a4a0314de999f5112
2024-12-17 15:36 - INFO - New node added : 36a9e7f1c95b82ffb99743e0c5c4ce95d83c9a430aac59f84ef3cbfab6145068
2024-12-17 15:36 - INFO - New node added : fcb5f40df9be6bae66c1d77a6c15968866a9e6cbd7314ca432b019d17392f6f4
2024-12-17 15:36 - INFO - New node added : 559aead08264d5795d3909718cdd05abd49572e84fe55590eef31a88a08fdffd
2024-12-17 15:36 - INFO - New node added : 8c2574892063f995fdf756bce07f46c1a5193e54cd52837ed91e32008ccf41ac
2024-12-17 15:36 - INFO - New node added : 8ce86a6ae65d3692e7305e2c58ac62eebd97d3d943e093f577da25c36988246b
2024-12-17 15:36 - INFO - New node added : a83dd0ccbffe39d071cc317ddf6e97f5c6b1c87af91919271f9fa140b0508c6c
2024-12-17 15:36 - INFO - New node added : 8ce86a6ae65d3692e7305e2c58ac62eebd97d3d943e093f577da25c36988246b
2024-12-17 15:36 - INFO - New node added : 333e0a1e27815d0ceee55c473fe3dc93d56c63e3bee2b3b4aee8eed6d70191a3
2024-12-17 15:36 - INFO - New node added : 36a9e7f1c95b82ffb99743e0c5c4ce95d83c9a430aac59f84ef3cbfab6145068
2024-12-17 15:36 - INFO - New node added : 3973e022e93220f9212c18d0d0c543ae7c309e46640da93a4a0314de999f5112
2024-12-17 15:36 - INFO - New node added : 36a9e7f1c95b82ffb99743e0c5c4ce95d83c9a430aac59f84ef3cbfab6145068
2024-12-17 15:36 - INFO - New node added : 8ce86a6ae65d3692e7305e2c58ac62eebd97d3d943e093f577da25c36988246b
2024-12-17 15:36 - INFO - New node added : 3f79bb7b435b05321651daefd374cdc681dc06faa65e374e38337b88ca046dea
2024-12-17 15:36 - INFO - New node added : 50e721e49c013f00c62cf59f2163542a9d8df02464efeb615d31051b0fddc326
2024-12-17 15:36 - INFO - New node added : 36a9e7f1c95b82ffb99743e0c5c4ce95d83c9a430aac59f84ef3cbfab6145068
2024-12-17 15:36 - INFO - New node added : 252f10c83610ebca1a059c0bae8255eba2f95be4d1d7bcfa89d7248a82d9f111
2024-12-17 15:36 - INFO - New node added : de7d1b721a1e0632b7cf04edf5032c8ecffa9f9a08492152b926f1a5a7e765d7
2024-12-17 15:36 - INFO - New node added : acac86c0e609ca906f632b0e2dacccb2b77d22b0621f20ebece1a4835b93f6f0
2024-12-17 15:36 - INFO - New node added : 3f79bb7b435b05321651daefd374cdc681dc06faa65e374e38337b88ca046dea
2024-12-17 15:36 - INFO - New node added : 36a9e7f1c95b82ffb99743e0c5c4ce95d83c9a430aac59f84ef3cbfab6145068
2024-12-17 15:36 - INFO - New node added : 454349e422f05297191ead13e21d3db520e5abef52055e4964b82fb213f593a1
2024-12-17 15:36 - INFO - New node added : 3f79bb7b435b05321651daefd374cdc681dc06faa65e374e38337b88ca046dea
2024-12-17 15:36 - INFO - New node added : 2e7d2c03a9507ae265ecf5b5356885a53393a2029d241394997265a1a25aefc6
2024-12-17 15:36 - INFO - New node added : 3f79bb7b435b05321651daefd374cdc681dc06faa65e374e38337b88ca046dea
2024-12-17 15:36 - INFO - New node added : de7d1b721a1e0632b7cf04edf5032c8ecffa9f9a08492152b926f1a5a7e765d7
2024-12-17 15:36 - INFO - New node added : 4c94485e0c21ae6c41ce1dfe7b6bfaceea5ab68e40a2476f50208e526f506080
2024-12-17 15:36 - INFO - New node added : 3f79bb7b435b05321651daefd374cdc681dc06faa65e374e38337b88ca046dea
2024-12-17 15:36 - INFO - New node added : 18ac3e7343f016890c510e93f935261169d9e3f565436429830faf0934f4f8e4
2024-12-17 15:36 - INFO - New node added : 36a9e7f1c95b82ffb99743e0c5c4ce95d83c9a430aac59f84ef3cbfab6145068
2024-12-17 15:36 - INFO - New node added : e7ac0786668e0ff0f02b62bd04f45ff636fd82db63b1104601c975dc005f3a67
2024-12-17 15:36 - INFO - New node added : d4735e3a265e16eee03f59718b9b5d03019c07d8b6c51f90da3a666eec13ab35
2024-12-17 15:36 - INFO - New node added : 5feceb66ffc86f38d952786c6d696c79c2dbc239dd4e91b46729d73a27fb57e9
2024-12-17 15:36 - INFO - New node added : d4735e3a265e16eee03f59718b9b5d03019c07d8b6c51f90da3a666eec13ab35
2024-12-17 15:36 - INFO - New node added : 4b227777d4dd1fc61c6f884f48641d02b4d121d3fd328cb08b5531fcacdabf8a
2024-12-17 15:36 - INFO - New node added : 3973e022e93220f9212c18d0d0c543ae7c309e46640da93a4a0314de999f5112
2024-12-17 15:36 - INFO - New node added : 6b86b273ff34fce19d6b804eff5a3f5747ada4eaa22f1d49c01e52ddb7875b4b
2024-12-17 15:36 - INFO - New node added : d4735e3a265e16eee03f59718b9b5d03019c07d8b6c51f90da3a666eec13ab35
2024-12-17 15:36 - INFO - New node added : 3973e022e93220f9212c18d0d0c543ae7c309e46640da93a4a0314de999f5112
2024-12-17 15:36 - INFO - New node added : 6b86b273ff34fce19d6b804eff5a3f5747ada4eaa22f1d49c01e52ddb7875b4b
2024-12-17 15:36 - INFO - New node added : 7902699be42c8a8e46fbbb4501726517e86b22c56a189f7625a6da49081b2451
2024-12-17 15:36 - INFO - New node added : 36a9e7f1c95b82ffb99743e0c5c4ce95d83c9a430aac59f84ef3cbfab6145068
2024-12-17 15:36 - INFO - New node added : 6b86b273ff34fce19d6b804eff5a3f5747ada4eaa22f1d49c01e52ddb7875b4b
2024-12-17 15:36 - INFO - New node added : ef2d127de37b942baad06145e54b0c619a1f22327b2ebbcfbec78f5564afe39d
2024-12-17 15:36 - INFO - New node added : e7ac0786668e0ff0f02b62bd04f45ff636fd82db63b1104601c975dc005f3a67
2024-12-17 15:36 - INFO - New node added : 4e07408562bedb8b60ce05c1decfe3ad16b72230967de01f640b7e4729b49fce
2024-12-17 15:36 - INFO - New node added : d4735e3a265e16eee03f59718b9b5d03019c07d8b6c51f90da3a666eec13ab35
2024-12-17 15:36 - INFO - New node added : 36a9e7f1c95b82ffb99743e0c5c4ce95d83c9a430aac59f84ef3cbfab6145068
2024-12-17 15:36 - INFO - New node added : 3973e022e93220f9212c18d0d0c543ae7c309e46640da93a4a0314de999f5112
2024-12-17 15:36 - INFO - New node added : 36a9e7f1c95b82ffb99743e0c5c4ce95d83c9a430aac59f84ef3cbfab6145068
2024-12-17 15:36 - INFO - New node added : a83dd0ccbffe39d071cc317ddf6e97f5c6b1c87af91919271f9fa140b0508c6c
2024-12-17 15:36 - INFO - New node added : 8ce86a6ae65d3692e7305e2c58ac62eebd97d3d943e093f577da25c36988246b
2024-12-17 15:36 - INFO - New node added : f67ab10ad4e4c53121b6a5fe4da9c10ddee905b978d3788d2723d7bfacbe28a9
2024-12-17 15:36 - INFO - New node added : c4694f2e93d5c4e7d51f9c5deb75e6cc8be5e1114178c6a45b6fc2c566a0aa8c
2024-12-17 15:36 - INFO - New node added : 36a9e7f1c95b82ffb99743e0c5c4ce95d83c9a430aac59f84ef3cbfab6145068
2024-12-17 15:36 - INFO - New node added : 3973e022e93220f9212c18d0d0c543ae7c309e46640da93a4a0314de999f5112
2024-12-17 15:36 - INFO - New node added : 36a9e7f1c95b82ffb99743e0c5c4ce95d83c9a430aac59f84ef3cbfab6145068
2024-12-17 15:36 - INFO - New node added : 8ce86a6ae65d3692e7305e2c58ac62eebd97d3d943e093f577da25c36988246b
2024-12-17 15:36 - INFO - New node added : 3f79bb7b435b05321651daefd374cdc681dc06faa65e374e38337b88ca046dea
2024-12-17 15:36 - INFO - New node added : 50e721e49c013f00c62cf59f2163542a9d8df02464efeb615d31051b0fddc326
2024-12-17 15:36 - INFO - New node added : 36a9e7f1c95b82ffb99743e0c5c4ce95d83c9a430aac59f84ef3cbfab6145068
2024-12-17 15:36 - INFO - New node added : 252f10c83610ebca1a059c0bae8255eba2f95be4d1d7bcfa89d7248a82d9f111
2024-12-17 15:36 - INFO - New node added : de7d1b721a1e0632b7cf04edf5032c8ecffa9f9a08492152b926f1a5a7e765d7
2024-12-17 15:36 - INFO - New node added : acac86c0e609ca906f632b0e2dacccb2b77d22b0621f20ebece1a4835b93f6f0
2024-12-17 15:36 - INFO - New node added : 3f79bb7b435b05321651daefd374cdc681dc06faa65e374e38337b88ca046dea
2024-12-17 15:36 - INFO - New node added : 36a9e7f1c95b82ffb99743e0c5c4ce95d83c9a430aac59f84ef3cbfab6145068
2024-12-17 15:36 - INFO - New node added : 454349e422f05297191ead13e21d3db520e5abef52055e4964b82fb213f593a1
2024-12-17 15:36 - INFO - New node added : 3f79bb7b435b05321651daefd374cdc681dc06faa65e374e38337b88ca046dea
2024-12-17 15:36 - INFO - New node added : 2e7d2c03a9507ae265ecf5b5356885a53393a2029d241394997265a1a25aefc6
2024-12-17 15:36 - INFO - New node added : 3f79bb7b435b05321651daefd374cdc681dc06faa65e374e38337b88ca046dea
2024-12-17 15:36 - INFO - New node added : de7d1b721a1e0632b7cf04edf5032c8ecffa9f9a08492152b926f1a5a7e765d7
2024-12-17 15:36 - INFO - New node added : 4c94485e0c21ae6c41ce1dfe7b6bfaceea5ab68e40a2476f50208e526f506080
2024-12-17 15:36 - INFO - New node added : 3f79bb7b435b05321651daefd374cdc681dc06faa65e374e38337b88ca046dea
2024-12-17 15:36 - INFO - New node added : 18ac3e7343f016890c510e93f935261169d9e3f565436429830faf0934f4f8e4
2024-12-17 15:36 - INFO - New node added : 36a9e7f1c95b82ffb99743e0c5c4ce95d83c9a430aac59f84ef3cbfab6145068
2024-12-17 15:36 - INFO - New node added : e7ac0786668e0ff0f02b62bd04f45ff636fd82db63b1104601c975dc005f3a67
2024-12-17 15:36 - INFO - New node added : 36a9e7f1c95b82ffb99743e0c5c4ce95d83c9a430aac59f84ef3cbfab6145068
2024-12-17 15:36 - INFO - New node added : 3f79bb7b435b05321651daefd374cdc681dc06faa65e374e38337b88ca046dea
2024-12-17 15:36 - INFO - New node added : 2d711642b726b04401627ca9fbac32f5c8530fb1903cc4db02258717921a4881
2024-12-17 15:36 - INFO - New node added : ca978112ca1bbdcafac231b39a23dc4da786eff8147c4e72b9807785afee48bb
2024-12-17 15:36 - INFO - New node added : 62c66a7a5dd70c3146618063c344e531e6d4b59e379808443ce962b3abd63c5a
2024-12-17 15:36 - INFO - New node added : 148de9c5a7a44d19e56cd9ae1a554bf67847afb0c58f6e12fa29ac7ddfca9940
2024-12-17 15:36 - INFO - New node added : acac86c0e609ca906f632b0e2dacccb2b77d22b0621f20ebece1a4835b93f6f0
2024-12-17 15:36 - INFO - New node added : 3f79bb7b435b05321651daefd374cdc681dc06faa65e374e38337b88ca046dea
2024-12-17 15:36 - INFO - New node added : cdb4ee2aea69cc6a83331bbe96dc2caa9a299d21329efb0336fc02a82e1839a8
2024-12-17 15:36 - INFO - New node added : e3b98a4da31a127d4bde6e43033f66ba274cab0eb7eb1c70ec41402bf6273dd8
2024-12-17 15:36 - INFO - New node added : 2d711642b726b04401627ca9fbac32f5c8530fb1903cc4db02258717921a4881
2024-12-17 15:36 - INFO - New node added : e3b98a4da31a127d4bde6e43033f66ba274cab0eb7eb1c70ec41402bf6273dd8
2024-12-17 15:36 - INFO - New node added : d4735e3a265e16eee03f59718b9b5d03019c07d8b6c51f90da3a666eec13ab35
2024-12-17 15:36 - INFO - New node added : 5feceb66ffc86f38d952786c6d696c79c2dbc239dd4e91b46729d73a27fb57e9
2024-12-17 15:36 - INFO - New node added : d4735e3a265e16eee03f59718b9b5d03019c07d8b6c51f90da3a666eec13ab35
2024-12-17 15:36 - INFO - New node added : 4b227777d4dd1fc61c6f884f48641d02b4d121d3fd328cb08b5531fcacdabf8a
2024-12-17 15:36 - INFO - New node added : 3973e022e93220f9212c18d0d0c543ae7c309e46640da93a4a0314de999f5112
2024-12-17 15:36 - INFO - New node added : 6b86b273ff34fce19d6b804eff5a3f5747ada4eaa22f1d49c01e52ddb7875b4b
2024-12-17 15:36 - INFO - New node added : d4735e3a265e16eee03f59718b9b5d03019c07d8b6c51f90da3a666eec13ab35
2024-12-17 15:36 - INFO - New node added : 3973e022e93220f9212c18d0d0c543ae7c309e46640da93a4a0314de999f5112
2024-12-17 15:36 - INFO - New node added : 6b86b273ff34fce19d6b804eff5a3f5747ada4eaa22f1d49c01e52ddb7875b4b
2024-12-17 15:36 - INFO - New node added : 7902699be42c8a8e46fbbb4501726517e86b22c56a189f7625a6da49081b2451
2024-12-17 15:36 - INFO - New node added : 36a9e7f1c95b82ffb99743e0c5c4ce95d83c9a430aac59f84ef3cbfab6145068
2024-12-17 15:36 - INFO - New node added : 6b86b273ff34fce19d6b804eff5a3f5747ada4eaa22f1d49c01e52ddb7875b4b
2024-12-17 15:36 - INFO - New node added : ef2d127de37b942baad06145e54b0c619a1f22327b2ebbcfbec78f5564afe39d
2024-12-17 15:36 - INFO - New node added : e7ac0786668e0ff0f02b62bd04f45ff636fd82db63b1104601c975dc005f3a67
2024-12-17 15:36 - INFO - New node added : 4e07408562bedb8b60ce05c1decfe3ad16b72230967de01f640b7e4729b49fce
2024-12-17 15:36 - INFO - New node added : d4735e3a265e16eee03f59718b9b5d03019c07d8b6c51f90da3a666eec13ab35
2024-12-17 15:36 - INFO - New node added : 36a9e7f1c95b82ffb99743e0c5c4ce95d83c9a430aac59f84ef3cbfab6145068
2024-12-17 15:36 - INFO - New node added : 3973e022e93220f9212c18d0d0c543ae7c309e46640da93a4a0314de999f5112
2024-12-17 15:36 - INFO - New node added : 36a9e7f1c95b82ffb99743e0c5c4ce95d83c9a430aac59f84ef3cbfab6145068
2024-12-17 15:36 - INFO - New node added : a83dd0ccbffe39d071cc317ddf6e97f5c6b1c87af91919271f9fa140b0508c6c
2024-12-17 15:36 - INFO - New node added : 8ce86a6ae65d3692e7305e2c58ac62eebd97d3d943e093f577da25c36988246b
2024-12-17 15:36 - INFO - New node added : f67ab10ad4e4c53121b6a5fe4da9c10ddee905b978d3788d2723d7bfacbe28a9
2024-12-17 15:36 - INFO - New node added : c4694f2e93d5c4e7d51f9c5deb75e6cc8be5e1114178c6a45b6fc2c566a0aa8c
2024-12-17 15:36 - INFO - New node added : 36a9e7f1c95b82ffb99743e0c5c4ce95d83c9a430aac59f84ef3cbfab6145068
2024-12-17 15:36 - INFO - New node added : 3973e022e93220f9212c18d0d0c543ae7c309e46640da93a4a0314de999f5112
2024-12-17 15:36 - INFO - New node added : 36a9e7f1c95b82ffb99743e0c5c4ce95d83c9a430aac59f84ef3cbfab6145068
2024-12-17 15:36 - INFO - New node added : 6b23c0d5f35d1b11f9b683f0b0a617355deb11277d91ae091d399c655b87940d
2024-12-17 15:36 - INFO - New node added : 454349e422f05297191ead13e21d3db520e5abef52055e4964b82fb213f593a1
2024-12-17 15:36 - INFO - New node added : 3f79bb7b435b05321651daefd374cdc681dc06faa65e374e38337b88ca046dea
2024-12-17 15:36 - INFO - New node added : ca978112ca1bbdcafac231b39a23dc4da786eff8147c4e72b9807785afee48bb
2024-12-17 15:36 - INFO - New node added : e3b98a4da31a127d4bde6e43033f66ba274cab0eb7eb1c70ec41402bf6273dd8
2024-12-17 15:36 - INFO - New node added : de7d1b721a1e0632b7cf04edf5032c8ecffa9f9a08492152b926f1a5a7e765d7
2024-12-17 15:36 - INFO - New node added : 65c74c15a686187bb6bbf9958f494fc6b80068034a659a9ad44991b08c58f2d2
2024-12-17 15:36 - INFO - New node added : 1b16b1df538ba12dc3f97edbb85caa7050d46c148134290feba80f8236c83db9
2024-12-17 15:36 - INFO - New node added : 36a9e7f1c95b82ffb99743e0c5c4ce95d83c9a430aac59f84ef3cbfab6145068
2024-12-17 15:36 - INFO - New node added : 65c74c15a686187bb6bbf9958f494fc6b80068034a659a9ad44991b08c58f2d2
2024-12-17 15:36 - INFO - New node added : 252f10c83610ebca1a059c0bae8255eba2f95be4d1d7bcfa89d7248a82d9f111
2024-12-17 15:36 - INFO - New node added : 36a9e7f1c95b82ffb99743e0c5c4ce95d83c9a430aac59f84ef3cbfab6145068
2024-12-17 15:36 - INFO - New node added : ca978112ca1bbdcafac231b39a23dc4da786eff8147c4e72b9807785afee48bb
2024-12-17 15:36 - INFO - New node added : 36a9e7f1c95b82ffb99743e0c5c4ce95d83c9a430aac59f84ef3cbfab6145068
2024-12-17 15:36 - INFO - New node added : 1b16b1df538ba12dc3f97edbb85caa7050d46c148134290feba80f8236c83db9
2024-12-17 15:36 - INFO - New node added : 3f79bb7b435b05321651daefd374cdc681dc06faa65e374e38337b88ca046dea
2024-12-17 15:36 - INFO - New node added : 50e721e49c013f00c62cf59f2163542a9d8df02464efeb615d31051b0fddc326
2024-12-17 15:36 - INFO - New node added : 36a9e7f1c95b82ffb99743e0c5c4ce95d83c9a430aac59f84ef3cbfab6145068
2024-12-17 15:36 - INFO - New node added : 08f271887ce94707da822d5263bae19d5519cb3614e0daedc4c7ce5dab7473f1
2024-12-17 15:36 - INFO - New node added : 3f79bb7b435b05321651daefd374cdc681dc06faa65e374e38337b88ca046dea
2024-12-17 15:36 - INFO - New node added : 454349e422f05297191ead13e21d3db520e5abef52055e4964b82fb213f593a1
2024-12-17 15:36 - INFO - New node added : 8254c329a92850f6d539dd376f4816ee2764517da5e0235514af433164480d7a
2024-12-17 15:36 - INFO - New node added : acac86c0e609ca906f632b0e2dacccb2b77d22b0621f20ebece1a4835b93f6f0
2024-12-17 15:36 - INFO - New node added : 3f79bb7b435b05321651daefd374cdc681dc06faa65e374e38337b88ca046dea
2024-12-17 15:36 - INFO - New node added : 36a9e7f1c95b82ffb99743e0c5c4ce95d83c9a430aac59f84ef3cbfab6145068
2024-12-17 15:36 - INFO - New node added : e632b7095b0bf32c260fa4c539e9fd7b852d0de454e9be26f24d0d6f91d069d3
2024-12-17 15:36 - INFO - New node added : 454349e422f05297191ead13e21d3db520e5abef52055e4964b82fb213f593a1
2024-12-17 15:36 - INFO - New node added : 3f79bb7b435b05321651daefd374cdc681dc06faa65e374e38337b88ca046dea
2024-12-17 15:36 - INFO - New node added : 3f79bb7b435b05321651daefd374cdc681dc06faa65e374e38337b88ca046dea
2024-12-17 15:36 - INFO - New node added : d4735e3a265e16eee03f59718b9b5d03019c07d8b6c51f90da3a666eec13ab35
2024-12-17 15:36 - INFO - New node added : 5feceb66ffc86f38d952786c6d696c79c2dbc239dd4e91b46729d73a27fb57e9
2024-12-17 15:36 - INFO - New node added : d4735e3a265e16eee03f59718b9b5d03019c07d8b6c51f90da3a666eec13ab35
2024-12-17 15:36 - INFO - New node added : 4b227777d4dd1fc61c6f884f48641d02b4d121d3fd328cb08b5531fcacdabf8a
2024-12-17 15:36 - INFO - New node added : 3973e022e93220f9212c18d0d0c543ae7c309e46640da93a4a0314de999f5112
2024-12-17 15:36 - INFO - New node added : 6b86b273ff34fce19d6b804eff5a3f5747ada4eaa22f1d49c01e52ddb7875b4b
2024-12-17 15:36 - INFO - New node added : d4735e3a265e16eee03f59718b9b5d03019c07d8b6c51f90da3a666eec13ab35
2024-12-17 15:36 - INFO - New node added : 3973e022e93220f9212c18d0d0c543ae7c309e46640da93a4a0314de999f5112
2024-12-17 15:36 - INFO - New node added : 6b86b273ff34fce19d6b804eff5a3f5747ada4eaa22f1d49c01e52ddb7875b4b
2024-12-17 15:36 - INFO - New node added : 7902699be42c8a8e46fbbb4501726517e86b22c56a189f7625a6da49081b2451
2024-12-17 15:36 - INFO - New node added : 36a9e7f1c95b82ffb99743e0c5c4ce95d83c9a430aac59f84ef3cbfab6145068
2024-12-17 15:36 - INFO - New node added : 6b86b273ff34fce19d6b804eff5a3f5747ada4eaa22f1d49c01e52ddb7875b4b
2024-12-17 15:36 - INFO - New node added : ef2d127de37b942baad06145e54b0c619a1f22327b2ebbcfbec78f5564afe39d
2024-12-17 15:36 - INFO - New node added : e7ac0786668e0ff0f02b62bd04f45ff636fd82db63b1104601c975dc005f3a67
2024-12-17 15:36 - INFO - New node added : 4e07408562bedb8b60ce05c1decfe3ad16b72230967de01f640b7e4729b49fce
2024-12-17 15:36 - INFO - New node added : d4735e3a265e16eee03f59718b9b5d03019c07d8b6c51f90da3a666eec13ab35
2024-12-17 15:36 - INFO - New node added : 36a9e7f1c95b82ffb99743e0c5c4ce95d83c9a430aac59f84ef3cbfab6145068
2024-12-17 15:36 - INFO - New node added : 3973e022e93220f9212c18d0d0c543ae7c309e46640da93a4a0314de999f5112
2024-12-17 15:36 - INFO - New node added : 36a9e7f1c95b82ffb99743e0c5c4ce95d83c9a430aac59f84ef3cbfab6145068
2024-12-17 15:36 - INFO - New node added : a83dd0ccbffe39d071cc317ddf6e97f5c6b1c87af91919271f9fa140b0508c6c
2024-12-17 15:36 - INFO - New node added : 8ce86a6ae65d3692e7305e2c58ac62eebd97d3d943e093f577da25c36988246b
2024-12-17 15:36 - INFO - New node added : f67ab10ad4e4c53121b6a5fe4da9c10ddee905b978d3788d2723d7bfacbe28a9
2024-12-17 15:36 - INFO - New node added : c4694f2e93d5c4e7d51f9c5deb75e6cc8be5e1114178c6a45b6fc2c566a0aa8c
2024-12-17 15:36 - INFO - New node added : 36a9e7f1c95b82ffb99743e0c5c4ce95d83c9a430aac59f84ef3cbfab6145068
2024-12-17 15:36 - INFO - New node added : 3973e022e93220f9212c18d0d0c543ae7c309e46640da93a4a0314de999f5112
2024-12-17 15:36 - INFO - New node added : 36a9e7f1c95b82ffb99743e0c5c4ce95d83c9a430aac59f84ef3cbfab6145068
2024-12-17 15:36 - INFO - New node added : 8ce86a6ae65d3692e7305e2c58ac62eebd97d3d943e093f577da25c36988246b
2024-12-17 15:36 - INFO - New node added : 3f79bb7b435b05321651daefd374cdc681dc06faa65e374e38337b88ca046dea
2024-12-17 15:36 - INFO - New node added : 50e721e49c013f00c62cf59f2163542a9d8df02464efeb615d31051b0fddc326
2024-12-17 15:36 - INFO - New node added : 36a9e7f1c95b82ffb99743e0c5c4ce95d83c9a430aac59f84ef3cbfab6145068
2024-12-17 15:36 - INFO - New node added : 1b16b1df538ba12dc3f97edbb85caa7050d46c148134290feba80f8236c83db9
2024-12-17 15:36 - INFO - New node added : 65c74c15a686187bb6bbf9958f494fc6b80068034a659a9ad44991b08c58f2d2
2024-12-17 15:36 - INFO - New node added : 18ac3e7343f016890c510e93f935261169d9e3f565436429830faf0934f4f8e4
2024-12-17 15:36 - INFO - New node added : 3f79bb7b435b05321651daefd374cdc681dc06faa65e374e38337b88ca046dea
2024-12-17 15:36 - INFO - New node added : 36a9e7f1c95b82ffb99743e0c5c4ce95d83c9a430aac59f84ef3cbfab6145068
2024-12-17 15:36 - INFO - New node added : ca978112ca1bbdcafac231b39a23dc4da786eff8147c4e72b9807785afee48bb
2024-12-17 15:36 - INFO - New node added : 18ac3e7343f016890c510e93f935261169d9e3f565436429830faf0934f4f8e4
2024-12-17 15:36 - INFO - New node added : 18ac3e7343f016890c510e93f935261169d9e3f565436429830faf0934f4f8e4
2024-12-17 15:36 - INFO - New node added : 3f79bb7b435b05321651daefd374cdc681dc06faa65e374e38337b88ca046dea
2024-12-17 15:36 - INFO - New node added : 18ac3e7343f016890c510e93f935261169d9e3f565436429830faf0934f4f8e4
2024-12-17 15:36 - INFO - New node added : 36a9e7f1c95b82ffb99743e0c5c4ce95d83c9a430aac59f84ef3cbfab6145068
2024-12-17 15:36 - INFO - New node added : e7ac0786668e0ff0f02b62bd04f45ff636fd82db63b1104601c975dc005f3a67
2024-12-17 15:36 - INFO - New node added : 36a9e7f1c95b82ffb99743e0c5c4ce95d83c9a430aac59f84ef3cbfab6145068
2024-12-17 15:36 - INFO - New node added : aaa9402664f1a41f40ebbc52c9993eb66aeb366602958fdfaa283b71e64db123
2024-12-17 15:36 - INFO - New node added : 32ebb1abcc1c601ceb9c4e3c4faba0caa5b85bb98c4f1e6612c40faa528a91c9
2024-12-17 15:36 - INFO - New node added : 6b86b273ff34fce19d6b804eff5a3f5747ada4eaa22f1d49c01e52ddb7875b4b
2024-12-17 15:36 - INFO - New node added : ba5ec51d07a4ac0e951608704431d59a02b21a4e951acc10505a8dc407c501ee
2024-12-17 15:36 - INFO - New node added : d4735e3a265e16eee03f59718b9b5d03019c07d8b6c51f90da3a666eec13ab35
2024-12-17 15:36 - INFO - New node added : 5feceb66ffc86f38d952786c6d696c79c2dbc239dd4e91b46729d73a27fb57e9
2024-12-17 15:36 - INFO - New node added : d4735e3a265e16eee03f59718b9b5d03019c07d8b6c51f90da3a666eec13ab35
2024-12-17 15:36 - INFO - New node added : 4b227777d4dd1fc61c6f884f48641d02b4d121d3fd328cb08b5531fcacdabf8a
2024-12-17 15:36 - INFO - New node added : 3973e022e93220f9212c18d0d0c543ae7c309e46640da93a4a0314de999f5112
2024-12-17 15:36 - INFO - New node added : 6b86b273ff34fce19d6b804eff5a3f5747ada4eaa22f1d49c01e52ddb7875b4b
2024-12-17 15:36 - INFO - New node added : d4735e3a265e16eee03f59718b9b5d03019c07d8b6c51f90da3a666eec13ab35
2024-12-17 15:36 - INFO - New node added : 3973e022e93220f9212c18d0d0c543ae7c309e46640da93a4a0314de999f5112
2024-12-17 15:36 - INFO - New node added : 6b86b273ff34fce19d6b804eff5a3f5747ada4eaa22f1d49c01e52ddb7875b4b
2024-12-17 15:36 - INFO - New node added : 7902699be42c8a8e46fbbb4501726517e86b22c56a189f7625a6da49081b2451
2024-12-17 15:36 - INFO - New node added : 36a9e7f1c95b82ffb99743e0c5c4ce95d83c9a430aac59f84ef3cbfab6145068
2024-12-17 15:36 - INFO - New node added : 6b86b273ff34fce19d6b804eff5a3f5747ada4eaa22f1d49c01e52ddb7875b4b
2024-12-17 15:36 - INFO - New node added : ef2d127de37b942baad06145e54b0c619a1f22327b2ebbcfbec78f5564afe39d
2024-12-17 15:36 - INFO - New node added : e7ac0786668e0ff0f02b62bd04f45ff636fd82db63b1104601c975dc005f3a67
2024-12-17 15:36 - INFO - New node added : 4e07408562bedb8b60ce05c1decfe3ad16b72230967de01f640b7e4729b49fce
2024-12-17 15:36 - INFO - New node added : d4735e3a265e16eee03f59718b9b5d03019c07d8b6c51f90da3a666eec13ab35
2024-12-17 15:36 - INFO - New node added : 36a9e7f1c95b82ffb99743e0c5c4ce95d83c9a430aac59f84ef3cbfab6145068
2024-12-17 15:36 - INFO - New node added : 3973e022e93220f9212c18d0d0c543ae7c309e46640da93a4a0314de999f5112
2024-12-17 15:36 - INFO - New node added : 36a9e7f1c95b82ffb99743e0c5c4ce95d83c9a430aac59f84ef3cbfab6145068
2024-12-17 15:36 - INFO - New node added : a83dd0ccbffe39d071cc317ddf6e97f5c6b1c87af91919271f9fa140b0508c6c
2024-12-17 15:36 - INFO - New node added : 8ce86a6ae65d3692e7305e2c58ac62eebd97d3d943e093f577da25c36988246b
2024-12-17 15:36 - INFO - New node added : f67ab10ad4e4c53121b6a5fe4da9c10ddee905b978d3788d2723d7bfacbe28a9
2024-12-17 15:36 - INFO - New node added : c4694f2e93d5c4e7d51f9c5deb75e6cc8be5e1114178c6a45b6fc2c566a0aa8c
2024-12-17 15:36 - INFO - New node added : 36a9e7f1c95b82ffb99743e0c5c4ce95d83c9a430aac59f84ef3cbfab6145068
2024-12-17 15:36 - INFO - New node added : 3973e022e93220f9212c18d0d0c543ae7c309e46640da93a4a0314de999f5112
2024-12-17 15:36 - INFO - New node added : 36a9e7f1c95b82ffb99743e0c5c4ce95d83c9a430aac59f84ef3cbfab6145068
2024-12-17 15:36 - INFO - New node added : 8ce86a6ae65d3692e7305e2c58ac62eebd97d3d943e093f577da25c36988246b
2024-12-17 15:36 - INFO - New node added : 3f79bb7b435b05321651daefd374cdc681dc06faa65e374e38337b88ca046dea
2024-12-17 15:36 - INFO - New node added : 50e721e49c013f00c62cf59f2163542a9d8df02464efeb615d31051b0fddc326
2024-12-17 15:36 - INFO - New node added : 36a9e7f1c95b82ffb99743e0c5c4ce95d83c9a430aac59f84ef3cbfab6145068
2024-12-17 15:36 - INFO - New node added : 1b16b1df538ba12dc3f97edbb85caa7050d46c148134290feba80f8236c83db9
2024-12-17 15:36 - INFO - New node added : 65c74c15a686187bb6bbf9958f494fc6b80068034a659a9ad44991b08c58f2d2
2024-12-17 15:36 - INFO - New node added : 18ac3e7343f016890c510e93f935261169d9e3f565436429830faf0934f4f8e4
2024-12-17 15:36 - INFO - New node added : 3f79bb7b435b05321651daefd374cdc681dc06faa65e374e38337b88ca046dea
2024-12-17 15:36 - INFO - New node added : 36a9e7f1c95b82ffb99743e0c5c4ce95d83c9a430aac59f84ef3cbfab6145068
2024-12-17 15:36 - INFO - New node added : ca978112ca1bbdcafac231b39a23dc4da786eff8147c4e72b9807785afee48bb
2024-12-17 15:36 - INFO - New node added : 18ac3e7343f016890c510e93f935261169d9e3f565436429830faf0934f4f8e4
2024-12-17 15:36 - INFO - New node added : 18ac3e7343f016890c510e93f935261169d9e3f565436429830faf0934f4f8e4
2024-12-17 15:36 - INFO - New node added : 3f79bb7b435b05321651daefd374cdc681dc06faa65e374e38337b88ca046dea
2024-12-17 15:36 - INFO - New node added : 18ac3e7343f016890c510e93f935261169d9e3f565436429830faf0934f4f8e4
2024-12-17 15:36 - INFO - New node added : 36a9e7f1c95b82ffb99743e0c5c4ce95d83c9a430aac59f84ef3cbfab6145068
2024-12-17 15:36 - INFO - New node added : e7ac0786668e0ff0f02b62bd04f45ff636fd82db63b1104601c975dc005f3a67
2024-12-17 15:36 - INFO - New node added : 36a9e7f1c95b82ffb99743e0c5c4ce95d83c9a430aac59f84ef3cbfab6145068
2024-12-17 15:36 - INFO - New node added : aaa9402664f1a41f40ebbc52c9993eb66aeb366602958fdfaa283b71e64db123
2024-12-17 15:36 - INFO - New node added : 32ebb1abcc1c601ceb9c4e3c4faba0caa5b85bb98c4f1e6612c40faa528a91c9
2024-12-17 15:36 - INFO - New node added : d4735e3a265e16eee03f59718b9b5d03019c07d8b6c51f90da3a666eec13ab35
2024-12-17 15:36 - INFO - New node added : ba5ec51d07a4ac0e951608704431d59a02b21a4e951acc10505a8dc407c501ee
2024-12-17 15:36 - INFO - New node added : d4735e3a265e16eee03f59718b9b5d03019c07d8b6c51f90da3a666eec13ab35
2024-12-17 15:36 - INFO - New node added : 5feceb66ffc86f38d952786c6d696c79c2dbc239dd4e91b46729d73a27fb57e9
2024-12-17 15:36 - INFO - New node added : d4735e3a265e16eee03f59718b9b5d03019c07d8b6c51f90da3a666eec13ab35
2024-12-17 15:36 - INFO - New node added : 4b227777d4dd1fc61c6f884f48641d02b4d121d3fd328cb08b5531fcacdabf8a
2024-12-17 15:36 - INFO - New node added : 3973e022e93220f9212c18d0d0c543ae7c309e46640da93a4a0314de999f5112
2024-12-17 15:36 - INFO - New node added : 6b86b273ff34fce19d6b804eff5a3f5747ada4eaa22f1d49c01e52ddb7875b4b
2024-12-17 15:36 - INFO - New node added : d4735e3a265e16eee03f59718b9b5d03019c07d8b6c51f90da3a666eec13ab35
2024-12-17 15:36 - INFO - New node added : 3973e022e93220f9212c18d0d0c543ae7c309e46640da93a4a0314de999f5112
2024-12-17 15:36 - INFO - New node added : 6b86b273ff34fce19d6b804eff5a3f5747ada4eaa22f1d49c01e52ddb7875b4b
2024-12-17 15:36 - INFO - New node added : 7902699be42c8a8e46fbbb4501726517e86b22c56a189f7625a6da49081b2451
2024-12-17 15:36 - INFO - New node added : 36a9e7f1c95b82ffb99743e0c5c4ce95d83c9a430aac59f84ef3cbfab6145068
2024-12-17 15:36 - INFO - New node added : 6b86b273ff34fce19d6b804eff5a3f5747ada4eaa22f1d49c01e52ddb7875b4b
2024-12-17 15:36 - INFO - New node added : ef2d127de37b942baad06145e54b0c619a1f22327b2ebbcfbec78f5564afe39d
2024-12-17 15:36 - INFO - New node added : e7ac0786668e0ff0f02b62bd04f45ff636fd82db63b1104601c975dc005f3a67
2024-12-17 15:36 - INFO - New node added : 4e07408562bedb8b60ce05c1decfe3ad16b72230967de01f640b7e4729b49fce
2024-12-17 15:36 - INFO - New node added : d4735e3a265e16eee03f59718b9b5d03019c07d8b6c51f90da3a666eec13ab35
2024-12-17 15:36 - INFO - New node added : 36a9e7f1c95b82ffb99743e0c5c4ce95d83c9a430aac59f84ef3cbfab6145068
2024-12-17 15:36 - INFO - New node added : 3973e022e93220f9212c18d0d0c543ae7c309e46640da93a4a0314de999f5112
2024-12-17 15:36 - INFO - New node added : 36a9e7f1c95b82ffb99743e0c5c4ce95d83c9a430aac59f84ef3cbfab6145068
2024-12-17 15:36 - INFO - New node added : a83dd0ccbffe39d071cc317ddf6e97f5c6b1c87af91919271f9fa140b0508c6c
2024-12-17 15:36 - INFO - New node added : 8ce86a6ae65d3692e7305e2c58ac62eebd97d3d943e093f577da25c36988246b
2024-12-17 15:36 - INFO - New node added : f67ab10ad4e4c53121b6a5fe4da9c10ddee905b978d3788d2723d7bfacbe28a9
2024-12-17 15:36 - INFO - New node added : c4694f2e93d5c4e7d51f9c5deb75e6cc8be5e1114178c6a45b6fc2c566a0aa8c
2024-12-17 15:36 - INFO - New node added : 36a9e7f1c95b82ffb99743e0c5c4ce95d83c9a430aac59f84ef3cbfab6145068
2024-12-17 15:36 - INFO - New node added : 3973e022e93220f9212c18d0d0c543ae7c309e46640da93a4a0314de999f5112
2024-12-17 15:36 - INFO - New node added : 36a9e7f1c95b82ffb99743e0c5c4ce95d83c9a430aac59f84ef3cbfab6145068
2024-12-17 15:36 - INFO - New node added : 8ce86a6ae65d3692e7305e2c58ac62eebd97d3d943e093f577da25c36988246b
2024-12-17 15:36 - INFO - New node added : 3f79bb7b435b05321651daefd374cdc681dc06faa65e374e38337b88ca046dea
2024-12-17 15:36 - INFO - New node added : 50e721e49c013f00c62cf59f2163542a9d8df02464efeb615d31051b0fddc326
2024-12-17 15:36 - INFO - New node added : 36a9e7f1c95b82ffb99743e0c5c4ce95d83c9a430aac59f84ef3cbfab6145068
2024-12-17 15:36 - INFO - New node added : 1b16b1df538ba12dc3f97edbb85caa7050d46c148134290feba80f8236c83db9
2024-12-17 15:36 - INFO - New node added : 65c74c15a686187bb6bbf9958f494fc6b80068034a659a9ad44991b08c58f2d2
2024-12-17 15:36 - INFO - New node added : 18ac3e7343f016890c510e93f935261169d9e3f565436429830faf0934f4f8e4
2024-12-17 15:36 - INFO - New node added : 3f79bb7b435b05321651daefd374cdc681dc06faa65e374e38337b88ca046dea
2024-12-17 15:36 - INFO - New node added : 36a9e7f1c95b82ffb99743e0c5c4ce95d83c9a430aac59f84ef3cbfab6145068
2024-12-17 15:36 - INFO - New node added : ca978112ca1bbdcafac231b39a23dc4da786eff8147c4e72b9807785afee48bb
2024-12-17 15:36 - INFO - New node added : 18ac3e7343f016890c510e93f935261169d9e3f565436429830faf0934f4f8e4
2024-12-17 15:36 - INFO - New node added : 18ac3e7343f016890c510e93f935261169d9e3f565436429830faf0934f4f8e4
2024-12-17 15:36 - INFO - New node added : 3f79bb7b435b05321651daefd374cdc681dc06faa65e374e38337b88ca046dea
2024-12-17 15:36 - INFO - New node added : 18ac3e7343f016890c510e93f935261169d9e3f565436429830faf0934f4f8e4
2024-12-17 15:36 - INFO - New node added : 36a9e7f1c95b82ffb99743e0c5c4ce95d83c9a430aac59f84ef3cbfab6145068
2024-12-17 15:36 - INFO - New node added : e7ac0786668e0ff0f02b62bd04f45ff636fd82db63b1104601c975dc005f3a67
2024-12-17 15:36 - INFO - New node added : 36a9e7f1c95b82ffb99743e0c5c4ce95d83c9a430aac59f84ef3cbfab6145068
2024-12-17 15:36 - INFO - New node added : aaa9402664f1a41f40ebbc52c9993eb66aeb366602958fdfaa283b71e64db123
2024-12-17 15:36 - INFO - New node added : 32ebb1abcc1c601ceb9c4e3c4faba0caa5b85bb98c4f1e6612c40faa528a91c9
2024-12-17 15:36 - INFO - New node added : 4e07408562bedb8b60ce05c1decfe3ad16b72230967de01f640b7e4729b49fce
2024-12-17 15:36 - INFO - New node added : ba5ec51d07a4ac0e951608704431d59a02b21a4e951acc10505a8dc407c501ee
2024-12-17 15:36 - INFO - New node added : ba5ec51d07a4ac0e951608704431d59a02b21a4e951acc10505a8dc407c501ee
2024-12-17 15:36 - INFO - New node added : 3f79bb7b435b05321651daefd374cdc681dc06faa65e374e38337b88ca046dea
2024-12-17 15:36 - INFO - New node added : 36a9e7f1c95b82ffb99743e0c5c4ce95d83c9a430aac59f84ef3cbfab6145068
2024-12-17 15:36 - INFO - New node added : 3973e022e93220f9212c18d0d0c543ae7c309e46640da93a4a0314de999f5112
2024-12-17 15:36 - INFO - New node added : d4735e3a265e16eee03f59718b9b5d03019c07d8b6c51f90da3a666eec13ab35
2024-12-17 15:36 - INFO - New node added : e7b7777f7777e6f9e88e2b224312c0133d24f0a5bdf7b57a6bb38ac94e109026
2024-12-17 15:36 - INFO - New node added : 32ee78186a3407f4f288673b1a7dca6154c294f435f444ee3ba054356a88a1e8
2024-12-17 15:36 - INFO - New node added : 41fd35bdc25ca7e0fd4439c1d26cee999bc1c39f48995b8c3a1bb527663ba8e3
2024-12-17 15:36 - INFO - New node added : 3973e022e93220f9212c18d0d0c543ae7c309e46640da93a4a0314de999f5112
2024-12-17 15:36 - INFO - New node added : 88f7005791a08b158ecf18ca6d5386680acf328c72bd88bf7684abe9785db6cb
2024-12-17 15:36 - INFO - New node added : 91cdd803d74dd5e6b7e90fc6e368d61f722306dc8888305b0f6e57ba4fa3d7d1
2024-12-17 15:36 - INFO - New node added : 064e8d50b3601840ecdddc4914b3b03009df38480e23e09870c4d545e79624a4
2024-12-17 15:36 - INFO - New node added : db7b96308012031ca8f0b7fdf022e6f86997518091d715fd016e8e44814635e3
2024-12-17 15:36 - INFO - New node added : 7902699be42c8a8e46fbbb4501726517e86b22c56a189f7625a6da49081b2451
2024-12-17 15:36 - INFO - New node added : 3973e022e93220f9212c18d0d0c543ae7c309e46640da93a4a0314de999f5112
2024-12-17 15:36 - INFO - New node added : 33b675636da5dcc86ec847b38c08fa49ff1cace9749931e0a5d4dfdbdedd808a
2024-12-17 15:36 - INFO - New node added : 91cdd803d74dd5e6b7e90fc6e368d61f722306dc8888305b0f6e57ba4fa3d7d1
2024-12-17 15:36 - INFO - New node added : 1f720ebe49cfd03a444f6e7fb957c45d6ff63e2705feae4b53238ddd131d8743
2024-12-17 15:36 - INFO - New node added : 7902699be42c8a8e46fbbb4501726517e86b22c56a189f7625a6da49081b2451
2024-12-17 15:36 - INFO - New node added : fa245b92b9cffe769c24c19bbafea76c093391c35e38c72946f4b81f440524a1
2024-12-17 15:36 - INFO - New node added : 7caf8813a9538224e52cf422196d1e8a8d54fccea080846427d45a8c3cc7a301
2024-12-17 15:36 - INFO - New node added : 4a5c70f922b41f861df18b64ca0a4465111cd6bd8fcd1a0a624ca2745638956d
2024-12-17 15:36 - INFO - New node added : 9235b80025ad0b1ba08caf0a6c376bb1722fde1b0267098ac656ee83e3c36d8c
2024-12-17 15:36 - INFO - New node added : 2ced0affb9c9ecb911e9d5c8866d7e9b7f8854b90c6b64833caa60ed5016c970
2024-12-17 15:36 - INFO - New node added : 4e07408562bedb8b60ce05c1decfe3ad16b72230967de01f640b7e4729b49fce
2024-12-17 15:36 - INFO - New node added : ef2d127de37b942baad06145e54b0c619a1f22327b2ebbcfbec78f5564afe39d
2024-12-17 15:36 - INFO - New node added : 1c4ea34ba6f55b9d94879749e1ae8ec34dc25b161ffb110e0260db9b06a34fd0
2024-12-17 15:36 - INFO - New node added : 27e5b83f8aa4e302aea09b7a9c42babe2d50707cc32d24d17bc3d76cde14dfa5
2024-12-17 15:36 - INFO - New node added : 897ac03cd04e27deeca995b54c97713305cdd8aa8f62b20ac3b6f8ce7591d0a5
2024-12-17 15:36 - INFO - New node added : 4e07408562bedb8b60ce05c1decfe3ad16b72230967de01f640b7e4729b49fce
2024-12-17 15:36 - INFO - New node added : 2ea0c51cf313fd1c1d8da3199306ea6fb745e4bb763cc3f865f21b740df9cd42
2024-12-17 15:36 - INFO - New node added : 1365c1c36b74e26fd10a686a9a6d751a28bb2261edcfd2880387258b15c46947
2024-12-17 15:36 - INFO - New node added : f0f7f84c3e22458f367424b6c3334356b2b7af09b3e04f04c5664bcd9bd51991
2024-12-17 15:36 - INFO - New node added : e4566e91461f16b7129c5507af7330e19306904fbb0a24fd8a0143819dfa8486
2024-12-17 15:36 - INFO - New node added : 36a9e7f1c95b82ffb99743e0c5c4ce95d83c9a430aac59f84ef3cbfab6145068
2024-12-17 15:36 - INFO - New node added : 3973e022e93220f9212c18d0d0c543ae7c309e46640da93a4a0314de999f5112
2024-12-17 15:36 - INFO - New node added : b7ece37ed5f6af5446b057c56f5dbf28922b1342dbad83e7bb51f214a23d39d0
2024-12-17 15:36 - INFO - New node added : 91cdd803d74dd5e6b7e90fc6e368d61f722306dc8888305b0f6e57ba4fa3d7d1
2024-12-17 15:36 - INFO - New node added : 8adf43948207fa92246143ae87784a34d7945244cbd58440471891128881d741
2024-12-17 15:36 - INFO - New node added : 36a9e7f1c95b82ffb99743e0c5c4ce95d83c9a430aac59f84ef3cbfab6145068
2024-12-17 15:36 - INFO - New node added : 89f56795cd83ef47a99d1ef72ff73298d11bf2a665d5baeb897c91bb85038c4d
2024-12-17 15:36 - INFO - New node added : 89f56795cd83ef47a99d1ef72ff73298d11bf2a665d5baeb897c91bb85038c4d
2024-12-17 15:36 - INFO - New node added : f793e08d90799ada883e1bf0d8623ab0e7041423f07c101590a5b780651f501b
2024-12-17 15:36 - INFO - New node added : d0083f715a11e7600d6a9907f82532e655fe7f31763a5fabac5edae3b90b047f
2024-12-17 15:36 - INFO - New node added : ceeee5ed685726ae200cb3c3a730ad903a0f1ef62be10425ace1afb31642e726
2024-12-17 15:36 - INFO - New node added : 04f6e8cb91ce9751b9d385c1fbbe4db431498f347c80a37443779932b5a84bca
2024-12-17 15:36 - INFO - New node added : 36a9e7f1c95b82ffb99743e0c5c4ce95d83c9a430aac59f84ef3cbfab6145068
2024-12-17 15:36 - INFO - New node added : a83dd0ccbffe39d071cc317ddf6e97f5c6b1c87af91919271f9fa140b0508c6c
2024-12-17 15:36 - INFO - New node added : 8c2574892063f995fdf756bce07f46c1a5193e54cd52837ed91e32008ccf41ac
2024-12-17 15:36 - INFO - New node added : 94b237e4f33aefae5d6efeb0733a26a5911245d8f77007673b9cb46257c036c5
2024-12-17 15:36 - INFO - New node added : 2e9d3bf5a309aa3211c4413207778d9c1faad2d2858c3951b3eef5519aa823ed
2024-12-17 15:36 - INFO - New node added : 93ba34000a70c777cabf95c99af90fe987cde8a24e37243edd6e197107076a3a
2024-12-17 15:36 - INFO - New node added : a83dd0ccbffe39d071cc317ddf6e97f5c6b1c87af91919271f9fa140b0508c6c
2024-12-17 15:36 - INFO - New node added : eaa170f1d82ef8cd19865bba02077752a4d4222333ae013d004e7712d4e1a225
2024-12-17 15:36 - INFO - New node added : 22a16ec5826bea3a87ab680b89ac7c52df96e467cb49b42f435fae69176e28bb
2024-12-17 15:36 - INFO - New node added : 6f6f9a06c45c2aa1b8e03eae6f704b58b073862f16709c930283524b34b34cc6
2024-12-17 15:36 - INFO - New node added : 3057adbb23c64c578a69f9e881158ee29cefc55f67553cf60a295339e6880ba9
2024-12-17 15:36 - INFO - New node added : 36a9e7f1c95b82ffb99743e0c5c4ce95d83c9a430aac59f84ef3cbfab6145068
2024-12-17 15:36 - INFO - New node added : 36a9e7f1c95b82ffb99743e0c5c4ce95d83c9a430aac59f84ef3cbfab6145068
2024-12-17 15:36 - INFO - New node added : 2619eee1522543912efaed0e6d4010a0e12402949729e4c88721befa7bbc0f78
2024-12-17 15:36 - INFO - New node added : 89f56795cd83ef47a99d1ef72ff73298d11bf2a665d5baeb897c91bb85038c4d
2024-12-17 15:36 - INFO - New node added : 632dbcb2ca0de05712cd0bcc5c3b9c5dd3b7365c8e827ac032e2edcbc51ad72d
2024-12-17 15:36 - INFO - New node added : 36a9e7f1c95b82ffb99743e0c5c4ce95d83c9a430aac59f84ef3cbfab6145068
2024-12-17 15:36 - INFO - New node added : 5386e2115484306e62439312a97336df8667b1c8d0746c8805b6d7a4f32f9121
2024-12-17 15:36 - INFO - New node added : 89f56795cd83ef47a99d1ef72ff73298d11bf2a665d5baeb897c91bb85038c4d
2024-12-17 15:36 - INFO - New node added : 1263aee63cf8bfc5f67d17ed03a16e7049f763a1039acd91ca35400747f097e4
2024-12-17 15:36 - INFO - New node added : 92f13569d59e395385403ca355409ff641f4002cc8db8d1d1550d60b46ede605
2024-12-17 15:36 - INFO - New node added : b3d59076033023f2a983db21acf9a235b2b76a9643e12e7eda587274ef10651d
2024-12-17 15:36 - INFO - New node added : 252f10c83610ebca1a059c0bae8255eba2f95be4d1d7bcfa89d7248a82d9f111
2024-12-17 15:36 - INFO - New node added : 50e721e49c013f00c62cf59f2163542a9d8df02464efeb615d31051b0fddc326
2024-12-17 15:36 - INFO - New node added : 84dde8dc7fb6d3ea4cdefb55518d3da6851e88defead129640e280cced50c64d
2024-12-17 15:36 - INFO - New node added : 6d76873971e8ce76a8af45dd7b9061d538317b444d139d8c18ad32b9106b127e
2024-12-17 15:36 - INFO - New node added : a1bd99a15d41f561e9957d2dcd13b7090d687c8bed3d8f0dfdea9b257e9ae6c5
2024-12-17 15:36 - INFO - New node added : 252f10c83610ebca1a059c0bae8255eba2f95be4d1d7bcfa89d7248a82d9f111
2024-12-17 15:36 - INFO - New node added : 03b8d0fffa137db95ab78a519bdd17a6cc4a8a2e6d4199d6066f5cf76170d102
2024-12-17 15:36 - INFO - New node added : 5c100d40deaaa27bf4c549bac1334fa537a2d82a211adf2a5497dc7f50103466
2024-12-17 15:36 - INFO - New node added : a51072a4e6e6f2730c39fe22f8c9aa55400adf441f0049e0010f0eca7556f5ad
2024-12-17 15:36 - INFO - New node added : 8df0b450db077580cc79b28d60c7c9c87cb974e2f25ba1c0a70c1abd03642c18
2024-12-17 15:36 - INFO - New node added : 36a9e7f1c95b82ffb99743e0c5c4ce95d83c9a430aac59f84ef3cbfab6145068
2024-12-17 15:36 - INFO - New node added : 3f79bb7b435b05321651daefd374cdc681dc06faa65e374e38337b88ca046dea
2024-12-17 15:36 - INFO - New node added : 6270b6e526e0b37ba55712c94a6847716d3f4badae0c1af9e517fe33afe94d94
2024-12-17 15:36 - INFO - New node added : 1a98a2105977d77929b907710dfad6b5f9cdae2abbcaa989a9387ed62c706cd1
2024-12-17 15:36 - INFO - New node added : c97698d301e0eb1dadd8d17601a0edee0f17481450465045ea016f64dba43db4
2024-12-17 15:36 - INFO - New node added : 36a9e7f1c95b82ffb99743e0c5c4ce95d83c9a430aac59f84ef3cbfab6145068
2024-12-17 15:36 - INFO - New node added : 89f56795cd83ef47a99d1ef72ff73298d11bf2a665d5baeb897c91bb85038c4d
2024-12-17 15:36 - INFO - New node added : 89f56795cd83ef47a99d1ef72ff73298d11bf2a665d5baeb897c91bb85038c4d
2024-12-17 15:36 - INFO - New node added : f793e08d90799ada883e1bf0d8623ab0e7041423f07c101590a5b780651f501b
2024-12-17 15:36 - INFO - New node added : fab7e7c3fba07e89e4a0fa3b6cc9877c3cae8623161ece84d844ff56686207dd
2024-12-17 15:36 - INFO - New node added : 91f578a430aabb93db996953df2792bc6ca1d8ef917690d3bc668209f74d239d
2024-12-17 15:36 - INFO - New node added : 63c908817023c14689be1732306d3449c7ad125193afa09ba23994afb52d21df
2024-12-17 15:36 - INFO - New node added : b4e9f1b89b7365e9c04b02de0a44da50e4632c531a0db4136a1db2cf653d1888
2024-12-17 15:36 - INFO - New node added : 6b86b273ff34fce19d6b804eff5a3f5747ada4eaa22f1d49c01e52ddb7875b4b
2024-12-17 15:36 - INFO - New node added : de7d1b721a1e0632b7cf04edf5032c8ecffa9f9a08492152b926f1a5a7e765d7
2024-12-17 15:36 - INFO - New node added : 2e7d2c03a9507ae265ecf5b5356885a53393a2029d241394997265a1a25aefc6
2024-12-17 15:36 - INFO - New node added : adedbce50d919b23a0c3815aaa30c496fd32640b2715744a405c4bb810ffd063
2024-12-17 15:36 - INFO - New node added : d50c873877f38fcbc56dbe836b9d979912efcb587ed8eea919372d403b5c2bd4
2024-12-17 15:36 - INFO - New node added : d3d37c07bc7d3496b52168fb3c4baaf374db8b694d02b5dd2988821ddb7c8613
2024-12-17 15:36 - INFO - New node added : de7d1b721a1e0632b7cf04edf5032c8ecffa9f9a08492152b926f1a5a7e765d7
2024-12-17 15:36 - INFO - New node added : 204c8bbbf4d35276ef10d21aac5122520a634d484a0431ee9b68b53aad0e31e3
2024-12-17 15:36 - INFO - New node added : a570b3909e90a42e21386663b53ecf721d6177e38539cff932b014376eec4d89
2024-12-17 15:36 - INFO - New node added : 619a05e0008606153252f005ff08fdffc4c481a235f127968bb5f248a9501e94
2024-12-17 15:36 - INFO - New node added : dbaeae60ff3a88e7ce06d4da00cfbc180c6c7a0e84d45f356eec335e8ff9f212
2024-12-17 15:36 - INFO - New node added : e7ac0786668e0ff0f02b62bd04f45ff636fd82db63b1104601c975dc005f3a67
2024-12-17 15:36 - INFO - New node added : 18ac3e7343f016890c510e93f935261169d9e3f565436429830faf0934f4f8e4
2024-12-17 15:36 - INFO - New node added : ad003581066c80defe881e511be9ee082c1eb13912a1cf2928413e2adf64821a
2024-12-17 15:36 - INFO - New node added : addeb58e2113d187635f408f65e99dd3aed05d7db58610465d48578dde0578a1
2024-12-17 15:36 - INFO - New node added : 5512a962928dfa2821d7c85da3343c388eb0c339f0dd81b155f881c54ea7b86d
2024-12-17 15:36 - INFO - New node added : e7ac0786668e0ff0f02b62bd04f45ff636fd82db63b1104601c975dc005f3a67
2024-12-17 15:36 - INFO - New node added : 48f73d188df3fbfe2d674b76ae36656e9a8fbd2b4cd815693db939478368dbda
2024-12-17 15:36 - INFO - New node added : 627d1421959274230e2f4442d2c49329d669710618c5f10225d2fd29cc70e976
2024-12-17 15:36 - INFO - New node added : 13728e51a8663995a4843b1266ed58946dec6fb5586011646f873e0a01d1d6b8
2024-12-17 15:36 - INFO - New node added : 95d2cc4e4975409e96493dad4ab8aa037838269470871f6f5b0c0804bd4fcac2
2024-12-17 15:36 - INFO - New node added : 515fb8ed8a7fef4b9d1323a288f4f57b3f6be379e45c97a8f7c677d8e605aa20
2024-12-17 15:36 - INFO - New node added : 3973e022e93220f9212c18d0d0c543ae7c309e46640da93a4a0314de999f5112
2024-12-17 15:36 - INFO - New node added : d4735e3a265e16eee03f59718b9b5d03019c07d8b6c51f90da3a666eec13ab35
2024-12-17 15:36 - INFO - New node added : e7b7777f7777e6f9e88e2b224312c0133d24f0a5bdf7b57a6bb38ac94e109026
2024-12-17 15:36 - INFO - New node added : 32ee78186a3407f4f288673b1a7dca6154c294f435f444ee3ba054356a88a1e8
2024-12-17 15:36 - INFO - New node added : 41fd35bdc25ca7e0fd4439c1d26cee999bc1c39f48995b8c3a1bb527663ba8e3
2024-12-17 15:36 - INFO - New node added : 3973e022e93220f9212c18d0d0c543ae7c309e46640da93a4a0314de999f5112
2024-12-17 15:36 - INFO - New node added : 88f7005791a08b158ecf18ca6d5386680acf328c72bd88bf7684abe9785db6cb
2024-12-17 15:36 - INFO - New node added : 91cdd803d74dd5e6b7e90fc6e368d61f722306dc8888305b0f6e57ba4fa3d7d1
2024-12-17 15:36 - INFO - New node added : 064e8d50b3601840ecdddc4914b3b03009df38480e23e09870c4d545e79624a4
2024-12-17 15:36 - INFO - New node added : db7b96308012031ca8f0b7fdf022e6f86997518091d715fd016e8e44814635e3
2024-12-17 15:36 - INFO - New node added : 6b86b273ff34fce19d6b804eff5a3f5747ada4eaa22f1d49c01e52ddb7875b4b
2024-12-17 15:36 - INFO - New node added : 3973e022e93220f9212c18d0d0c543ae7c309e46640da93a4a0314de999f5112
2024-12-17 15:36 - INFO - New node added : 33b675636da5dcc86ec847b38c08fa49ff1cace9749931e0a5d4dfdbdedd808a
2024-12-17 15:36 - INFO - New node added : 91cdd803d74dd5e6b7e90fc6e368d61f722306dc8888305b0f6e57ba4fa3d7d1
2024-12-17 15:36 - INFO - New node added : 1f720ebe49cfd03a444f6e7fb957c45d6ff63e2705feae4b53238ddd131d8743
2024-12-17 15:36 - INFO - New node added : 6b86b273ff34fce19d6b804eff5a3f5747ada4eaa22f1d49c01e52ddb7875b4b
2024-12-17 15:36 - INFO - New node added : 3eff7c5314a5ed2d5d8fdad16bbc4851cd98b9861c950854246318c5576a37fd
2024-12-17 15:36 - INFO - New node added : 3eff7c5314a5ed2d5d8fdad16bbc4851cd98b9861c950854246318c5576a37fd
2024-12-17 15:36 - INFO - New node added : e3b86cc738e1a9efa32e5f4761f3382236f7200abc8811f671a33074c93f9ec2
2024-12-17 15:36 - INFO - New node added : ce1b7befc983f761686956cb66a8e74ca4d8972732c0c4e7b671df5d00624e7f
2024-12-17 15:36 - INFO - New node added : 955dbbfcab5831ea7a7938ad532002674d4f3cf4d556b001f57593efe6225b72
2024-12-17 15:36 - INFO - New node added : 9f668626deb47f814c4e8b991dab0262c69e09fdba56a52bb282b6d5c9dbf985
2024-12-17 15:36 - INFO - New node added : 3f79bb7b435b05321651daefd374cdc681dc06faa65e374e38337b88ca046dea
2024-12-17 15:36 - INFO - New node added : e7ac0786668e0ff0f02b62bd04f45ff636fd82db63b1104601c975dc005f3a67
2024-12-17 15:36 - INFO - New node added : 6b86b273ff34fce19d6b804eff5a3f5747ada4eaa22f1d49c01e52ddb7875b4b
2024-12-17 15:36 - INFO - New node added : f03eda07c3895674808dc3155dc07b27a939ab018122e000720a9af8881d76d8
2024-12-17 15:36 - INFO - New node added : 3eff7c5314a5ed2d5d8fdad16bbc4851cd98b9861c950854246318c5576a37fd
2024-12-17 15:36 - INFO - New node added : f32eddd33a514e7b6d4dfceb6583810630cf7542ee4a60bef7dd385ca7887439
2024-12-17 15:36 - INFO - New node added : e7ac0786668e0ff0f02b62bd04f45ff636fd82db63b1104601c975dc005f3a67
2024-12-17 15:36 - INFO - New node added : 7c6a7bb4274abc868c87f270f6552ad8ad0dd373eae49a569b8c26183d3541eb
2024-12-17 15:36 - INFO - New node added : 627d1421959274230e2f4442d2c49329d669710618c5f10225d2fd29cc70e976
2024-12-17 15:36 - INFO - New node added : 81d44891b8e6acd5992ce19dd7b67e165b54372cac31a7eaa260037bd02550a7
2024-12-17 15:36 - INFO - New node added : 0d35250b6f016fb5444211814c074f2ee2438f3053337dc62ea03362154cf4b2
2024-12-17 15:36 - INFO - New node added : 36a9e7f1c95b82ffb99743e0c5c4ce95d83c9a430aac59f84ef3cbfab6145068
2024-12-17 15:36 - INFO - New node added : 36a9e7f1c95b82ffb99743e0c5c4ce95d83c9a430aac59f84ef3cbfab6145068
2024-12-17 15:36 - INFO - New node added : afb706fadb23e5d5d3d44579f83bbfcd5042a6ff7602c514abb01db157ecacf7
2024-12-17 15:36 - INFO - New node added : 89f56795cd83ef47a99d1ef72ff73298d11bf2a665d5baeb897c91bb85038c4d
2024-12-17 15:36 - INFO - New node added : 58cace9f11991a2cded8c9c6ca3c07cff28cf6857cd2bc8ff5ac9348e9d91ac2
2024-12-17 15:36 - INFO - New node added : 36a9e7f1c95b82ffb99743e0c5c4ce95d83c9a430aac59f84ef3cbfab6145068
2024-12-17 15:36 - INFO - New node added : 5386e2115484306e62439312a97336df8667b1c8d0746c8805b6d7a4f32f9121
2024-12-17 15:36 - INFO - New node added : 89f56795cd83ef47a99d1ef72ff73298d11bf2a665d5baeb897c91bb85038c4d
2024-12-17 15:36 - INFO - New node added : 1263aee63cf8bfc5f67d17ed03a16e7049f763a1039acd91ca35400747f097e4
2024-12-17 15:36 - INFO - New node added : 3adc05661ac10f9a431d336ddfbc82b2ce650faa615c5c91837a5f9b76789f96
2024-12-17 15:36 - INFO - New node added : b13bda1620f6e646d7a2f8132996758aa5e322e0310a9084e68d4e7c5ff7fed4
2024-12-17 15:36 - INFO - New node added : 36a9e7f1c95b82ffb99743e0c5c4ce95d83c9a430aac59f84ef3cbfab6145068
2024-12-17 15:36 - INFO - New node added : f67ab10ad4e4c53121b6a5fe4da9c10ddee905b978d3788d2723d7bfacbe28a9
2024-12-17 15:36 - INFO - New node added : defc41d5f03ecc3bde78f3f2a6101dfb6886789ad131126fa3305cf9fb42acc5
2024-12-17 15:36 - INFO - New node added : 169e848b6f7b622734fbc1b43f83eab9f066f4bf7b5dbdb202d5d42f2a3cd1ca
2024-12-17 15:36 - INFO - New node added : d9800f9ef9c51ea40e69042a343587de567b5f0edd9b46063d01873c408ec0d4
2024-12-17 15:36 - INFO - New node added : 36a9e7f1c95b82ffb99743e0c5c4ce95d83c9a430aac59f84ef3cbfab6145068
2024-12-17 15:36 - INFO - New node added : a5a022b00ac77d1f12590f1703cb83ef7876aeae48a7ecc01789b32ebae81abc
2024-12-17 15:36 - INFO - New node added : 89f56795cd83ef47a99d1ef72ff73298d11bf2a665d5baeb897c91bb85038c4d
2024-12-17 15:36 - INFO - New node added : 210b2e00259bda90e178641ed046ca4ef18ded5a8700c29f37e24456f03137c9
2024-12-17 15:36 - INFO - New node added : c4d4fffc5f46c5eb11592ff25b2c6bf438d49ec54e8d513c06d1be97a15ee7af
2024-12-17 15:36 - INFO - New node added : 3f79bb7b435b05321651daefd374cdc681dc06faa65e374e38337b88ca046dea
2024-12-17 15:36 - INFO - New node added : 8ce86a6ae65d3692e7305e2c58ac62eebd97d3d943e093f577da25c36988246b
2024-12-17 15:36 - INFO - New node added : 5386e2115484306e62439312a97336df8667b1c8d0746c8805b6d7a4f32f9121
2024-12-17 15:36 - INFO - New node added : fa2e4a886aed8183c3508aaba43ef4757121fc044485b9322fded31a336610a2
2024-12-17 15:36 - INFO - New node added : 3042e6dd1407e7e60a189f0067962ec955192bc2c75fa63a73ca5d4bd0c659e3
2024-12-17 15:36 - INFO - New node added : 3f79bb7b435b05321651daefd374cdc681dc06faa65e374e38337b88ca046dea
2024-12-17 15:36 - INFO - New node added : 1a98a2105977d77929b907710dfad6b5f9cdae2abbcaa989a9387ed62c706cd1
2024-12-17 15:36 - INFO - New node added : 1a98a2105977d77929b907710dfad6b5f9cdae2abbcaa989a9387ed62c706cd1
2024-12-17 15:36 - INFO - New node added : 463bb9d8f7fe77a1f4ea68498899ecec274cdf238783a42cb448ce1e2d8cbb6a
2024-12-17 15:36 - INFO - New node added : 771f427c874b4931a8dec0edae469bccbe7e859ea307aa3261845b1574df2845
2024-12-17 15:36 - INFO - New node added : 3bbf5665a0d4d596dfc4fe49e1b465d70040416ae7a61405a9cb3bb39cd52dbe
2024-12-17 15:36 - INFO - New node added : 0ed4187ae211244e910e7d47f4b2f923543c8018477eb99393aa7b07f495eed4
2024-12-17 15:36 - INFO - New node added : db2601d2bcb2713df993d6a1cfcbb5d9d56e293ccba186acb1a846dfebd0fe45
2024-12-17 15:36 - INFO - New node added : 52c226614cab18f31c39ad884bd226afef944883dd07fd1157456a4029d34dd5
2024-12-17 15:36 - INFO - New node added : 3f79bb7b435b05321651daefd374cdc681dc06faa65e374e38337b88ca046dea
2024-12-17 15:36 - INFO - New node added : acac86c0e609ca906f632b0e2dacccb2b77d22b0621f20ebece1a4835b93f6f0
2024-12-17 15:36 - INFO - New node added : 252f10c83610ebca1a059c0bae8255eba2f95be4d1d7bcfa89d7248a82d9f111
2024-12-17 15:36 - INFO - New node added : 38f74d661af3ab5adfe2ab7897b8b919393f70e39a76c9a3cfb0f8a7fb99aa19
2024-12-17 15:36 - INFO - New node added : 5c100d40deaaa27bf4c549bac1334fa537a2d82a211adf2a5497dc7f50103466
2024-12-17 15:36 - INFO - New node added : f49b275d39316a27976263088d6ef89bb837c6d3741d5c13ad29912fa81c7add
2024-12-17 15:36 - INFO - New node added : acac86c0e609ca906f632b0e2dacccb2b77d22b0621f20ebece1a4835b93f6f0
2024-12-17 15:36 - INFO - New node added : 6270b6e526e0b37ba55712c94a6847716d3f4badae0c1af9e517fe33afe94d94
2024-12-17 15:36 - INFO - New node added : bdb1f6451d83b693e619e2592d63ef9a59512cacabc21b59dac39c25a2a03df6
2024-12-17 15:36 - INFO - New node added : 574f49ba246c9411824de7255c2c82af28af8860602e40b573f990123b37b183
2024-12-17 15:36 - INFO - New node added : 1ce1a223d98b89a26720377f6d693d36d67a0eca82e20fd1f6668d8292a407a7
2024-12-17 15:36 - INFO - New node added : 2e7d2c03a9507ae265ecf5b5356885a53393a2029d241394997265a1a25aefc6
2024-12-17 15:36 - INFO - New node added : 454349e422f05297191ead13e21d3db520e5abef52055e4964b82fb213f593a1
2024-12-17 15:36 - INFO - New node added : d585a71fa413ac9c74c34f38935ece069d2bce001bba07b3511e6a9cb1b154b5
2024-12-17 15:36 - INFO - New node added : 0629df4b070b1eeead072aba485db9acd23ed49d75bc638d4dbb03a0fa006e62
2024-12-17 15:36 - INFO - New node added : 8a5cd5d4633cbd8eeca232c06d76b36e7762385c219052852632f747965e641f
2024-12-17 15:36 - INFO - New node added : 2e7d2c03a9507ae265ecf5b5356885a53393a2029d241394997265a1a25aefc6
2024-12-17 15:36 - INFO - New node added : af6bb742b87094099da8b6dcf13bc172b575cb5f4a501de65e7e52d9d58a2bfd
2024-12-17 15:36 - INFO - New node added : d50c873877f38fcbc56dbe836b9d979912efcb587ed8eea919372d403b5c2bd4
2024-12-17 15:36 - INFO - New node added : d90e89faa47bb15dc7da91a265aa34109a782e8af15093aff124324f0ef3b973
2024-12-17 15:36 - INFO - New node added : 6a08ae3229eef3c9df0263ec9ee26cdf1dbbf6be5f8e641768a5af0c0667d57c
2024-12-17 15:36 - INFO - New node added : 9460cdb74363dce6f9cc9b8fa9a7ca4fd170865cb737a28c4a2ba950e2b82091
2024-12-17 15:36 - INFO - New node added : 18ac3e7343f016890c510e93f935261169d9e3f565436429830faf0934f4f8e4
2024-12-17 15:36 - INFO - New node added : 4c94485e0c21ae6c41ce1dfe7b6bfaceea5ab68e40a2476f50208e526f506080
2024-12-17 15:36 - INFO - New node added : 204c8bbbf4d35276ef10d21aac5122520a634d484a0431ee9b68b53aad0e31e3
2024-12-17 15:36 - INFO - New node added : baf1b5d88378266d59f163bd4fbd1a1b062c132089fd02a660b787c2fe9b53f2
2024-12-17 15:36 - INFO - New node added : cf7b9789eca237e5eb9634a2cc6c5a1ebae6c0474897090b99a3573f61771c2a
2024-12-17 15:36 - INFO - New node added : 18ac3e7343f016890c510e93f935261169d9e3f565436429830faf0934f4f8e4
2024-12-17 15:36 - INFO - New node added : d423fcdf8580ed5d3d5a11780ce61378670fa3fef1ae53230617b7df1bdad51f
2024-12-17 15:36 - INFO - New node added : addeb58e2113d187635f408f65e99dd3aed05d7db58610465d48578dde0578a1
2024-12-17 15:36 - INFO - New node added : 0d289c0f5983535477504e8c6354cee288eb5bf5abbff895e107083ca2dc7c4b
2024-12-17 15:36 - INFO - New node added : 26b63bb106c4c02e1e3b7725d8646350522ec0e16d591272e623ab406c4c658f
2024-12-17 15:36 - INFO - New node added : 3f79bb7b435b05321651daefd374cdc681dc06faa65e374e38337b88ca046dea
2024-12-17 15:36 - INFO - New node added : 36a9e7f1c95b82ffb99743e0c5c4ce95d83c9a430aac59f84ef3cbfab6145068
2024-12-17 15:36 - INFO - New node added : 48f73d188df3fbfe2d674b76ae36656e9a8fbd2b4cd815693db939478368dbda
2024-12-17 15:36 - INFO - New node added : 89f56795cd83ef47a99d1ef72ff73298d11bf2a665d5baeb897c91bb85038c4d
2024-12-17 15:36 - INFO - New node added : f652f3d14fd140f2a136f93d049303ab3b7cf8790ef1a01d38bbfcc86a5c2392
2024-12-17 15:36 - INFO - New node added : 3f79bb7b435b05321651daefd374cdc681dc06faa65e374e38337b88ca046dea
2024-12-17 15:36 - INFO - New node added : 1a98a2105977d77929b907710dfad6b5f9cdae2abbcaa989a9387ed62c706cd1
2024-12-17 15:36 - INFO - New node added : 1a98a2105977d77929b907710dfad6b5f9cdae2abbcaa989a9387ed62c706cd1
2024-12-17 15:36 - INFO - New node added : 463bb9d8f7fe77a1f4ea68498899ecec274cdf238783a42cb448ce1e2d8cbb6a
2024-12-17 15:36 - INFO - New node added : 2e5659da907c3cf38042e55a263abda6b6ce6ddba592105b453e74e4cbfc544d
2024-12-17 15:36 - INFO - New node added : 76e530ef66fea099c4ce1c761bafb0379a66128770bbe1a876a681c93d495c01
2024-12-17 15:36 - INFO - New node added : 049e87010d0bc93dfc30a399e5691021feed3f6de920535e6130cb4351302027
2024-12-17 15:36 - INFO - New node added : 6b86b273ff34fce19d6b804eff5a3f5747ada4eaa22f1d49c01e52ddb7875b4b
2024-12-17 15:36 - INFO - New node added : acac86c0e609ca906f632b0e2dacccb2b77d22b0621f20ebece1a4835b93f6f0
2024-12-17 15:36 - INFO - New node added : 62c66a7a5dd70c3146618063c344e531e6d4b59e379808443ce962b3abd63c5a
2024-12-17 15:36 - INFO - New node added : 9d649baa29e553936bcebe810b35a7e6412459d590dd4312e5f5c4abeda76df2
2024-12-17 15:36 - INFO - New node added : 67843b43a703b538f0db2c69da567b562cf83b89769552b033c4c0f43d74e2d3
2024-12-17 15:36 - INFO - New node added : 7d210563853903cc3bc2fdc4c547366cb41cf8024afae9d41bce67a798cffc3b
2024-12-17 15:36 - INFO - New node added : acac86c0e609ca906f632b0e2dacccb2b77d22b0621f20ebece1a4835b93f6f0
2024-12-17 15:36 - INFO - New node added : 3ae5a3d9428b23ecca869244e14a722f0b96d31f83b815bec9212c2047b0919e
2024-12-17 15:36 - INFO - New node added : bdb1f6451d83b693e619e2592d63ef9a59512cacabc21b59dac39c25a2a03df6
2024-12-17 15:36 - INFO - New node added : b8d18e88b9d268f3844f25603a7b801800090d991654df755bb55c6f4efa79b8
2024-12-17 15:36 - INFO - New node added : b96ca9ebf68dca9006a144155a63f1a34dbbc00de2829ddc2745056ff906df74
2024-12-17 15:36 - INFO - New node added : e3b98a4da31a127d4bde6e43033f66ba274cab0eb7eb1c70ec41402bf6273dd8
2024-12-17 15:36 - INFO - New node added : e3b98a4da31a127d4bde6e43033f66ba274cab0eb7eb1c70ec41402bf6273dd8
2024-12-17 15:36 - INFO - New node added : 91204f6b03ea792212db54f1f4d304ccce44b84de5b8e0f9d9ed3de073bb92b8
2024-12-17 15:36 - INFO - New node added : b2286c388e3410dbe82419e2bd0b1696e119c26c14709406a4a660719666d621
2024-12-17 15:36 - INFO - New node added : ce0dc3c7f4eb5c635f5ab04764ba6deb62397addd1bc93ab32c905bfec905cf6
2024-12-17 15:36 - INFO - New node added : e3b98a4da31a127d4bde6e43033f66ba274cab0eb7eb1c70ec41402bf6273dd8
2024-12-17 15:36 - INFO - New node added : d471dcbb45fc92c2780dd872a44180ff242cd7cdeb9c35fe16f0ce660fb9617d
2024-12-17 15:36 - INFO - New node added : b2286c388e3410dbe82419e2bd0b1696e119c26c14709406a4a660719666d621
2024-12-17 15:36 - INFO - New node added : 637563dceb5296384ded7cff6ae639c6137c90c4c376fe5b3cb3eff46a722b7b
2024-12-17 15:36 - INFO - New node added : cd3787d2d48ad54d3b5c338635c4b084fab625cbf9c8057fb795ec1a736ea9db
2024-12-17 15:36 - INFO - New node added : 221dc03358e21a8c3425de685867f9b8c5afa6aaa51ba6eaf437dc74f582f374
2024-12-17 15:36 - INFO - New node added : 3973e022e93220f9212c18d0d0c543ae7c309e46640da93a4a0314de999f5112
2024-12-17 15:36 - INFO - New node added : d4735e3a265e16eee03f59718b9b5d03019c07d8b6c51f90da3a666eec13ab35
2024-12-17 15:36 - INFO - New node added : e7b7777f7777e6f9e88e2b224312c0133d24f0a5bdf7b57a6bb38ac94e109026
2024-12-17 15:36 - INFO - New node added : 32ee78186a3407f4f288673b1a7dca6154c294f435f444ee3ba054356a88a1e8
2024-12-17 15:36 - INFO - New node added : 41fd35bdc25ca7e0fd4439c1d26cee999bc1c39f48995b8c3a1bb527663ba8e3
2024-12-17 15:36 - INFO - New node added : 3973e022e93220f9212c18d0d0c543ae7c309e46640da93a4a0314de999f5112
2024-12-17 15:36 - INFO - New node added : 88f7005791a08b158ecf18ca6d5386680acf328c72bd88bf7684abe9785db6cb
2024-12-17 15:36 - INFO - New node added : 91cdd803d74dd5e6b7e90fc6e368d61f722306dc8888305b0f6e57ba4fa3d7d1
2024-12-17 15:36 - INFO - New node added : 064e8d50b3601840ecdddc4914b3b03009df38480e23e09870c4d545e79624a4
2024-12-17 15:36 - INFO - New node added : db7b96308012031ca8f0b7fdf022e6f86997518091d715fd016e8e44814635e3
2024-12-17 15:36 - INFO - New node added : 6b86b273ff34fce19d6b804eff5a3f5747ada4eaa22f1d49c01e52ddb7875b4b
2024-12-17 15:36 - INFO - New node added : 3973e022e93220f9212c18d0d0c543ae7c309e46640da93a4a0314de999f5112
2024-12-17 15:36 - INFO - New node added : 33b675636da5dcc86ec847b38c08fa49ff1cace9749931e0a5d4dfdbdedd808a
2024-12-17 15:36 - INFO - New node added : 91cdd803d74dd5e6b7e90fc6e368d61f722306dc8888305b0f6e57ba4fa3d7d1
2024-12-17 15:36 - INFO - New node added : 1f720ebe49cfd03a444f6e7fb957c45d6ff63e2705feae4b53238ddd131d8743
2024-12-17 15:36 - INFO - New node added : 6b86b273ff34fce19d6b804eff5a3f5747ada4eaa22f1d49c01e52ddb7875b4b
2024-12-17 15:36 - INFO - New node added : 3eff7c5314a5ed2d5d8fdad16bbc4851cd98b9861c950854246318c5576a37fd
2024-12-17 15:36 - INFO - New node added : 3eff7c5314a5ed2d5d8fdad16bbc4851cd98b9861c950854246318c5576a37fd
2024-12-17 15:36 - INFO - New node added : e3b86cc738e1a9efa32e5f4761f3382236f7200abc8811f671a33074c93f9ec2
2024-12-17 15:36 - INFO - New node added : ce1b7befc983f761686956cb66a8e74ca4d8972732c0c4e7b671df5d00624e7f
2024-12-17 15:36 - INFO - New node added : 955dbbfcab5831ea7a7938ad532002674d4f3cf4d556b001f57593efe6225b72
2024-12-17 15:36 - INFO - New node added : fdb4f199bcb155f3b0cda9fbae17a40d2f6c944ae7a05436243a17279c410065
2024-12-17 15:36 - INFO - New node added : 1a38949e73c9828b1bc9554a513711011a18d6973f185aa489437a33cb0da15c
2024-12-17 15:36 - INFO - New node added : 454349e422f05297191ead13e21d3db520e5abef52055e4964b82fb213f593a1
2024-12-17 15:36 - INFO - New node added : e7ac0786668e0ff0f02b62bd04f45ff636fd82db63b1104601c975dc005f3a67
2024-12-17 15:36 - INFO - New node added : 6b86b273ff34fce19d6b804eff5a3f5747ada4eaa22f1d49c01e52ddb7875b4b
2024-12-17 15:36 - INFO - New node added : f03eda07c3895674808dc3155dc07b27a939ab018122e000720a9af8881d76d8
2024-12-17 15:36 - INFO - New node added : 3eff7c5314a5ed2d5d8fdad16bbc4851cd98b9861c950854246318c5576a37fd
2024-12-17 15:36 - INFO - New node added : f32eddd33a514e7b6d4dfceb6583810630cf7542ee4a60bef7dd385ca7887439
2024-12-17 15:36 - INFO - New node added : e7ac0786668e0ff0f02b62bd04f45ff636fd82db63b1104601c975dc005f3a67
2024-12-17 15:36 - INFO - New node added : 7c6a7bb4274abc868c87f270f6552ad8ad0dd373eae49a569b8c26183d3541eb
2024-12-17 15:36 - INFO - New node added : 627d1421959274230e2f4442d2c49329d669710618c5f10225d2fd29cc70e976
2024-12-17 15:36 - INFO - New node added : 81d44891b8e6acd5992ce19dd7b67e165b54372cac31a7eaa260037bd02550a7
2024-12-17 15:36 - INFO - New node added : 0d35250b6f016fb5444211814c074f2ee2438f3053337dc62ea03362154cf4b2
2024-12-17 15:36 - INFO - New node added : 36a9e7f1c95b82ffb99743e0c5c4ce95d83c9a430aac59f84ef3cbfab6145068
2024-12-17 15:36 - INFO - New node added : 36a9e7f1c95b82ffb99743e0c5c4ce95d83c9a430aac59f84ef3cbfab6145068
2024-12-17 15:36 - INFO - New node added : afb706fadb23e5d5d3d44579f83bbfcd5042a6ff7602c514abb01db157ecacf7
2024-12-17 15:36 - INFO - New node added : 89f56795cd83ef47a99d1ef72ff73298d11bf2a665d5baeb897c91bb85038c4d
2024-12-17 15:36 - INFO - New node added : 58cace9f11991a2cded8c9c6ca3c07cff28cf6857cd2bc8ff5ac9348e9d91ac2
2024-12-17 15:36 - INFO - New node added : 36a9e7f1c95b82ffb99743e0c5c4ce95d83c9a430aac59f84ef3cbfab6145068
2024-12-17 15:36 - INFO - New node added : 5386e2115484306e62439312a97336df8667b1c8d0746c8805b6d7a4f32f9121
2024-12-17 15:36 - INFO - New node added : 89f56795cd83ef47a99d1ef72ff73298d11bf2a665d5baeb897c91bb85038c4d
2024-12-17 15:36 - INFO - New node added : 1263aee63cf8bfc5f67d17ed03a16e7049f763a1039acd91ca35400747f097e4
2024-12-17 15:36 - INFO - New node added : 3adc05661ac10f9a431d336ddfbc82b2ce650faa615c5c91837a5f9b76789f96
2024-12-17 15:36 - INFO - New node added : b13bda1620f6e646d7a2f8132996758aa5e322e0310a9084e68d4e7c5ff7fed4
2024-12-17 15:36 - INFO - New node added : 36a9e7f1c95b82ffb99743e0c5c4ce95d83c9a430aac59f84ef3cbfab6145068
2024-12-17 15:36 - INFO - New node added : f67ab10ad4e4c53121b6a5fe4da9c10ddee905b978d3788d2723d7bfacbe28a9
2024-12-17 15:36 - INFO - New node added : defc41d5f03ecc3bde78f3f2a6101dfb6886789ad131126fa3305cf9fb42acc5
2024-12-17 15:36 - INFO - New node added : 169e848b6f7b622734fbc1b43f83eab9f066f4bf7b5dbdb202d5d42f2a3cd1ca
2024-12-17 15:36 - INFO - New node added : d9800f9ef9c51ea40e69042a343587de567b5f0edd9b46063d01873c408ec0d4
2024-12-17 15:36 - INFO - New node added : 36a9e7f1c95b82ffb99743e0c5c4ce95d83c9a430aac59f84ef3cbfab6145068
2024-12-17 15:36 - INFO - New node added : a5a022b00ac77d1f12590f1703cb83ef7876aeae48a7ecc01789b32ebae81abc
2024-12-17 15:36 - INFO - New node added : 89f56795cd83ef47a99d1ef72ff73298d11bf2a665d5baeb897c91bb85038c4d
2024-12-17 15:36 - INFO - New node added : 210b2e00259bda90e178641ed046ca4ef18ded5a8700c29f37e24456f03137c9
2024-12-17 15:36 - INFO - New node added : c4d4fffc5f46c5eb11592ff25b2c6bf438d49ec54e8d513c06d1be97a15ee7af
2024-12-17 15:36 - INFO - New node added : 454349e422f05297191ead13e21d3db520e5abef52055e4964b82fb213f593a1
2024-12-17 15:36 - INFO - New node added : 6b23c0d5f35d1b11f9b683f0b0a617355deb11277d91ae091d399c655b87940d
2024-12-17 15:36 - INFO - New node added : 5386e2115484306e62439312a97336df8667b1c8d0746c8805b6d7a4f32f9121
2024-12-17 15:36 - INFO - New node added : 84a3defdb78365472865549822bb4e2fc0a1d50a9a73199251e0320dff0cef03
2024-12-17 15:36 - INFO - New node added : 010500d5a4347e30e09fada244c7c8857a7cbc44c95fc1a8b8a729252f2a6c68
2024-12-17 15:36 - INFO - New node added : 454349e422f05297191ead13e21d3db520e5abef52055e4964b82fb213f593a1
2024-12-17 15:36 - INFO - New node added : 0629df4b070b1eeead072aba485db9acd23ed49d75bc638d4dbb03a0fa006e62
2024-12-17 15:36 - INFO - New node added : 0629df4b070b1eeead072aba485db9acd23ed49d75bc638d4dbb03a0fa006e62
2024-12-17 15:36 - INFO - New node added : 8bad00bf30c19332d62ff1649d26f6cafaac34deb621366c0f15db7af852471f
2024-12-17 15:36 - INFO - New node added : 65f92997b2c7d6a5e5a674539580b63325e7fa75b158bc97b562c8ae3a117ab2
2024-12-17 15:36 - INFO - New node added : 170314c4952297985a1492463851f3277df062a4d93af39bb8fabcc4200f61f0
2024-12-17 15:36 - INFO - New node added : ec16efc436e954703b68b52faf1f34f23e74d0962c9c9817351117cb127182ac
2024-12-17 15:36 - INFO - New node added : 3f79bb7b435b05321651daefd374cdc681dc06faa65e374e38337b88ca046dea
2024-12-17 15:36 - INFO - New node added : 65c74c15a686187bb6bbf9958f494fc6b80068034a659a9ad44991b08c58f2d2
2024-12-17 15:36 - INFO - New node added : e3b98a4da31a127d4bde6e43033f66ba274cab0eb7eb1c70ec41402bf6273dd8
2024-12-17 15:36 - INFO - New node added : 4b025b5d2a7edf8f411265d1579371e715baf52129ac61bf28704274186c3449
2024-12-17 15:36 - INFO - New node added : b2286c388e3410dbe82419e2bd0b1696e119c26c14709406a4a660719666d621
2024-12-17 15:36 - INFO - New node added : 89166e8a30bbdbb3afe28662138e503f9440e84080cdb483e42d9611a605463d
2024-12-17 15:36 - INFO - New node added : 65c74c15a686187bb6bbf9958f494fc6b80068034a659a9ad44991b08c58f2d2
2024-12-17 15:36 - INFO - New node added : 66d8eafeeac33b8be0adf926af41b25131586afdafc407e9496851fbc6da511a
2024-12-17 15:36 - INFO - New node added : 93f376d819e75b2f26eee1ffce07568c3122f732d85b11f4df370bcc093d7cb9
2024-12-17 15:36 - INFO - New node added : 5700c6d7557e333ebb07943af10563b2f20d7d8b773d86474e3804cf9da18353
2024-12-17 15:36 - INFO - New node added : 1413af127a27d999ef78f591c02f113ea5e5428463af969a3640e04131b218aa
2024-12-17 15:36 - INFO - New node added : 36a9e7f1c95b82ffb99743e0c5c4ce95d83c9a430aac59f84ef3cbfab6145068
2024-12-17 15:36 - INFO - New node added : 65c74c15a686187bb6bbf9958f494fc6b80068034a659a9ad44991b08c58f2d2
2024-12-17 15:36 - INFO - New node added : 891bcc94f86e37dcf5a0fbff9ee2dd8986460a41814ad18050206b9c38ff0435
2024-12-17 15:36 - INFO - New node added : 93f376d819e75b2f26eee1ffce07568c3122f732d85b11f4df370bcc093d7cb9
2024-12-17 15:36 - INFO - New node added : 6cbeeb308a3e040e681141c9d4567fe01a0a52bc0d9a33d05293309b9999583c
2024-12-17 15:36 - INFO - New node added : 36a9e7f1c95b82ffb99743e0c5c4ce95d83c9a430aac59f84ef3cbfab6145068
2024-12-17 15:36 - INFO - New node added : 3540f224dc236cbf195c4aa9e1f5d1daa8d0718086aec02a6114ae60ae052beb
2024-12-17 15:36 - INFO - New node added : 89f56795cd83ef47a99d1ef72ff73298d11bf2a665d5baeb897c91bb85038c4d
2024-12-17 15:36 - INFO - New node added : daa998313a257401cb9d023f73884603fd1db23fab8a750b8aeea8ffb866fbc7
2024-12-17 15:36 - INFO - New node added : 6ac174175bac1ca92a0f2f9773d5528094f6dac98297c8b4675ddab9eda8d35f
2024-12-17 15:36 - INFO - New node added : 5225fe004861e8ba4558e6b12a01dbbcf53b2146ef06ae84f90dc3e83b7ecf8a
2024-12-17 15:36 - INFO - New node added : 50e721e49c013f00c62cf59f2163542a9d8df02464efeb615d31051b0fddc326
2024-12-17 15:36 - INFO - New node added : 1b16b1df538ba12dc3f97edbb85caa7050d46c148134290feba80f8236c83db9
2024-12-17 15:36 - INFO - New node added : e950d97bb75ab98c2172d931e3c0c20a97d6f0d41df9a2efe98263502b03db26
2024-12-17 15:36 - INFO - New node added : 3335235537c2566b2abe1b0ccd8f7de853c600c22b8ba8e65bae772a8fb3c87b
2024-12-17 15:36 - INFO - New node added : 4539f617417f4ddf949967a435622b5bf07a647c52109d68ff3c82ccdc695134
2024-12-17 15:36 - INFO - New node added : 50e721e49c013f00c62cf59f2163542a9d8df02464efeb615d31051b0fddc326
2024-12-17 15:36 - INFO - New node added : 35e22608f09a9bb45b76fc41d626066bf750817611e5d3e69b46fcbc5c8fdfd5
2024-12-17 15:36 - INFO - New node added : 6d76873971e8ce76a8af45dd7b9061d538317b444d139d8c18ad32b9106b127e
2024-12-17 15:36 - INFO - New node added : 7b2e9b47bb74cfa7ce7dd69ad1a0f5bee94921c78e4faf938b82c49baaeb6d6a
2024-12-17 15:36 - INFO - New node added : ff065ba7d6cd3bdba93daf142d48e381d48ffb712366c1d6b35a338d7e8612e1
2024-12-17 15:36 - INFO - New node added : 3f79bb7b435b05321651daefd374cdc681dc06faa65e374e38337b88ca046dea
2024-12-17 15:36 - INFO - New node added : 3f79bb7b435b05321651daefd374cdc681dc06faa65e374e38337b88ca046dea
2024-12-17 15:36 - INFO - New node added : 438e8fff19f2c11c75a57e8edb1d5e23ad8e1ab4a5f1331f54a7c916b6b62d52
2024-12-17 15:36 - INFO - New node added : 1a98a2105977d77929b907710dfad6b5f9cdae2abbcaa989a9387ed62c706cd1
2024-12-17 15:36 - INFO - New node added : 8cfcb4747802f36f0f4e7e642b24edca998a35f97558d5edf6b5eb04645f0680
2024-12-17 15:36 - INFO - New node added : 3f79bb7b435b05321651daefd374cdc681dc06faa65e374e38337b88ca046dea
2024-12-17 15:36 - INFO - New node added : 1a98a2105977d77929b907710dfad6b5f9cdae2abbcaa989a9387ed62c706cd1
2024-12-17 15:36 - INFO - New node added : 1a98a2105977d77929b907710dfad6b5f9cdae2abbcaa989a9387ed62c706cd1
2024-12-17 15:36 - INFO - New node added : 463bb9d8f7fe77a1f4ea68498899ecec274cdf238783a42cb448ce1e2d8cbb6a
2024-12-17 15:36 - INFO - New node added : 95251144e2d88d2b2fd38494e1e82b464a43ef84b4e176d85a944f64e4b5f839
2024-12-17 15:36 - INFO - New node added : 576227bd79fb7008301b8f317d13a0b76c7d1c48d86deb70f43aac7d155abee3
2024-12-17 15:36 - INFO - New node added : 3af5988fd7f61a8cfb39503e4298c2cc6edaa331ab41bf5befcf5db48156d76f
2024-12-17 15:36 - INFO - New node added : 845cae37b8d9797084ff878b9c9c3c3a7283f6b229ee07f75f2406833c4b75a1
2024-12-17 15:36 - INFO - New node added : dce87d9325c149aac2dbb5eb8b37e54c0c94180ca7380102f1ba5ac495bb48c4
2024-12-17 15:36 - INFO - New node added : b9768bcc629b64fa448367b617ec1a86ab5ca0813e845613e008dae6aed2a37d
2024-12-17 15:36 - INFO - New node added : ba5ec51d07a4ac0e951608704431d59a02b21a4e951acc10505a8dc407c501ee
2024-12-17 15:36 - INFO - New node added : 7902699be42c8a8e46fbbb4501726517e86b22c56a189f7625a6da49081b2451
2024-12-17 15:36 - INFO - New node added : 36a9e7f1c95b82ffb99743e0c5c4ce95d83c9a430aac59f84ef3cbfab6145068
2024-12-17 15:36 - INFO - New node added : acac86c0e609ca906f632b0e2dacccb2b77d22b0621f20ebece1a4835b93f6f0
2024-12-17 15:36 - INFO - New node added : f09eb4de0083996b8f31d3f2f930d78b8e91f25ae69d3cc753b6e86b9d02f63e
2024-12-17 15:36 - INFO - New node added : bdb1f6451d83b693e619e2592d63ef9a59512cacabc21b59dac39c25a2a03df6
2024-12-17 15:36 - INFO - New node added : 20cb5f947e8093e1b2af9c5131f3dd3565a792079ede5f6a4789b6c6e79a8023
2024-12-17 15:36 - INFO - New node added : 36a9e7f1c95b82ffb99743e0c5c4ce95d83c9a430aac59f84ef3cbfab6145068
2024-12-17 15:36 - INFO - New node added : d585a71fa413ac9c74c34f38935ece069d2bce001bba07b3511e6a9cb1b154b5
2024-12-17 15:36 - INFO - New node added : 89f56795cd83ef47a99d1ef72ff73298d11bf2a665d5baeb897c91bb85038c4d
2024-12-17 15:36 - INFO - New node added : 05c4491a67206ca0c367033ea6a4974ab843aa492dcaa7380d0b0a720789467c
2024-12-17 15:36 - INFO - New node added : 71142f90c747ca636e83db6707eda5bf67da909abf5d18642b2fbd4c862dc760
2024-12-17 15:36 - INFO - New node added : d4735e3a265e16eee03f59718b9b5d03019c07d8b6c51f90da3a666eec13ab35
2024-12-17 15:36 - INFO - New node added : 3f79bb7b435b05321651daefd374cdc681dc06faa65e374e38337b88ca046dea
2024-12-17 15:36 - INFO - New node added : d84d6716ded48d58fe89921a1acee5d8e209bed86f77eeaec7f7e7a2958a9683
2024-12-17 15:36 - INFO - New node added : 1a98a2105977d77929b907710dfad6b5f9cdae2abbcaa989a9387ed62c706cd1
2024-12-17 15:36 - INFO - New node added : 951c8d04f75afb1d626e9507e55debf75432f6d26345d5c84d0ad2d4da3cde90
2024-12-17 15:36 - INFO - New node added : d4735e3a265e16eee03f59718b9b5d03019c07d8b6c51f90da3a666eec13ab35
2024-12-17 15:36 - INFO - New node added : 46e77a41cfab1fe65d86ab9230f9e258f8b443f1f2903edd7549e3cd80878b29
2024-12-17 15:36 - INFO - New node added : 32ee78186a3407f4f288673b1a7dca6154c294f435f444ee3ba054356a88a1e8
2024-12-17 15:36 - INFO - New node added : 47289d5687184332525a81db755507de1604c681b6cf97e0c1c1943372fba4bf
2024-12-17 15:36 - INFO - New node added : 16326b311527a79d5e57ca2028645588c1cc992892b12dee1f504d0f60fd0b5d
2024-12-17 15:36 - INFO - New node added : 720391ffcd38b25ba61b18771e7f4b6ba79ac14834bd4394732e317a0effe10e
2024-12-17 15:36 - INFO - New node added : 6b86b273ff34fce19d6b804eff5a3f5747ada4eaa22f1d49c01e52ddb7875b4b
2024-12-17 15:36 - INFO - New node added : 4b227777d4dd1fc61c6f884f48641d02b4d121d3fd328cb08b5531fcacdabf8a
2024-12-17 15:36 - INFO - New node added : 81b6ebd5fef6337923d48304e3984c2161790615b004fd473b903cbcd0251d56
2024-12-17 15:36 - INFO - New node added : 7f70d7c6b170c7b9b2980145a2617f2e03d11cedd399355079c8f80a58bdb424
2024-12-17 15:36 - INFO - New node added : 2fa882097470d719c2af29cf167325c46cf248b26a61210687b2e2859ca2c9cd
2024-12-17 15:36 - INFO - New node added : 6b86b273ff34fce19d6b804eff5a3f5747ada4eaa22f1d49c01e52ddb7875b4b
2024-12-17 15:36 - INFO - New node added : 3c047a5e7f4f44a9b24b283387d748a428eb608adc3a7c497ff20868b3712808
2024-12-17 15:36 - INFO - New node added : 3eff7c5314a5ed2d5d8fdad16bbc4851cd98b9861c950854246318c5576a37fd
2024-12-17 15:36 - INFO - New node added : daeb9bb17e20f081b1667ec2189fa9434d3bcf07ab262fd407b15da78c6f0ccb
2024-12-17 15:36 - INFO - New node added : 09296aaaf7f3dcafdfded7235b17a7f9db9398ab0b265eee60bf3c316ecbc150
2024-12-17 15:36 - INFO - New node added : 7902699be42c8a8e46fbbb4501726517e86b22c56a189f7625a6da49081b2451
2024-12-17 15:36 - INFO - New node added : 6b86b273ff34fce19d6b804eff5a3f5747ada4eaa22f1d49c01e52ddb7875b4b
2024-12-17 15:36 - INFO - New node added : c86620f6773a075b4b6c117ec1618f095ca98a421d637e0d9bf3316e00eb25e4
2024-12-17 15:36 - INFO - New node added : 3eff7c5314a5ed2d5d8fdad16bbc4851cd98b9861c950854246318c5576a37fd
2024-12-17 15:36 - INFO - New node added : 5314fbfb3edfa6f9ce70effea2310351805c38a6bc1b2a66deddc54b4a8e4912
2024-12-17 15:36 - INFO - New node added : 7902699be42c8a8e46fbbb4501726517e86b22c56a189f7625a6da49081b2451
2024-12-17 15:36 - INFO - New node added : 7caf8813a9538224e52cf422196d1e8a8d54fccea080846427d45a8c3cc7a301
2024-12-17 15:36 - INFO - New node added : 7caf8813a9538224e52cf422196d1e8a8d54fccea080846427d45a8c3cc7a301
2024-12-17 15:36 - INFO - New node added : 59ea9182e6ce66b51b0275c9d8e9da1a15a59d3216c59c1b27c4421a13866418
2024-12-17 15:36 - INFO - New node added : 7f5c65a784f0ddba544c692a76b94cd21858add57edb9f0f261090f7cc64d860
2024-12-17 15:36 - INFO - New node added : abb688cf9fa3266237995e32030309487717dd4525c2168c06bf05b6309065de
2024-12-17 15:36 - INFO - New node added : 9b6b459a03f8dfa3c777530c677010cb45619efac4c2b7bd0e3a1ff9688b609e
2024-12-17 15:36 - INFO - New node added : 50e721e49c013f00c62cf59f2163542a9d8df02464efeb615d31051b0fddc326
2024-12-17 15:36 - INFO - New node added : 4e07408562bedb8b60ce05c1decfe3ad16b72230967de01f640b7e4729b49fce
2024-12-17 15:36 - INFO - New node added : ef2d127de37b942baad06145e54b0c619a1f22327b2ebbcfbec78f5564afe39d
2024-12-17 15:36 - INFO - New node added : 1c4ea34ba6f55b9d94879749e1ae8ec34dc25b161ffb110e0260db9b06a34fd0
2024-12-17 15:36 - INFO - New node added : 27e5b83f8aa4e302aea09b7a9c42babe2d50707cc32d24d17bc3d76cde14dfa5
2024-12-17 15:36 - INFO - New node added : 897ac03cd04e27deeca995b54c97713305cdd8aa8f62b20ac3b6f8ce7591d0a5
2024-12-17 15:36 - INFO - New node added : 4e07408562bedb8b60ce05c1decfe3ad16b72230967de01f640b7e4729b49fce
2024-12-17 15:36 - INFO - New node added : 2ea0c51cf313fd1c1d8da3199306ea6fb745e4bb763cc3f865f21b740df9cd42
2024-12-17 15:36 - INFO - New node added : 1365c1c36b74e26fd10a686a9a6d751a28bb2261edcfd2880387258b15c46947
2024-12-17 15:36 - INFO - New node added : f0f7f84c3e22458f367424b6c3334356b2b7af09b3e04f04c5664bcd9bd51991
2024-12-17 15:36 - INFO - New node added : e4566e91461f16b7129c5507af7330e19306904fbb0a24fd8a0143819dfa8486
2024-12-17 15:36 - INFO - New node added : a83dd0ccbffe39d071cc317ddf6e97f5c6b1c87af91919271f9fa140b0508c6c
2024-12-17 15:36 - INFO - New node added : 3973e022e93220f9212c18d0d0c543ae7c309e46640da93a4a0314de999f5112
2024-12-17 15:36 - INFO - New node added : 572b3fe2a81f714e5058849ad87a5fedc7b1bc7f684696724a5f4c20af150665
2024-12-17 15:36 - INFO - New node added : 91cdd803d74dd5e6b7e90fc6e368d61f722306dc8888305b0f6e57ba4fa3d7d1
2024-12-17 15:36 - INFO - New node added : 6a8b1a95610adb01d55280acee6c5a54354cafa7882952e112237da97f9f7b9f
2024-12-17 15:36 - INFO - New node added : a83dd0ccbffe39d071cc317ddf6e97f5c6b1c87af91919271f9fa140b0508c6c
2024-12-17 15:36 - INFO - New node added : 84f84c7ebaf4a1481b45ee4c53b1cb8fc21e5ad0b6ed8950a37853ea147b8d04
2024-12-17 15:36 - INFO - New node added : 22a16ec5826bea3a87ab680b89ac7c52df96e467cb49b42f435fae69176e28bb
2024-12-17 15:36 - INFO - New node added : 7d987082cf5a5e4b8ae20836e067782f90e182868491ca05001f1e118aafa305
2024-12-17 15:36 - INFO - New node added : 70dfae345975e786cc5006651bb4c805df5a18236fe2282d4c94f59e8b735c63
2024-12-17 15:36 - INFO - New node added : c534c17e22eeb63e9df0c012f169d3eb93e64ad0c0bda191a725db5ff4d274cc
2024-12-17 15:36 - INFO - New node added : 3973e022e93220f9212c18d0d0c543ae7c309e46640da93a4a0314de999f5112
2024-12-17 15:36 - INFO - New node added : c4694f2e93d5c4e7d51f9c5deb75e6cc8be5e1114178c6a45b6fc2c566a0aa8c
2024-12-17 15:36 - INFO - New node added : 2582c9e3bd8418a129b1e4b9496a1eb633c9d426eafa80e1b43d31cff78f36d4
2024-12-17 15:36 - INFO - New node added : b5fd5d93effee21d63881d8a434c2a4308840a9f743b9ba0b3a5612596cb031f
2024-12-17 15:36 - INFO - New node added : 79e99bd3a15d842717378fe824e0cf27687170b89d8b0f72b37db5cfd740275e
2024-12-17 15:36 - INFO - New node added : 3973e022e93220f9212c18d0d0c543ae7c309e46640da93a4a0314de999f5112
2024-12-17 15:36 - INFO - New node added : 33489a7fd38197b2abcef7b2685a7fa77681d35d3ff22171039281df5fb83da8
2024-12-17 15:36 - INFO - New node added : 91cdd803d74dd5e6b7e90fc6e368d61f722306dc8888305b0f6e57ba4fa3d7d1
2024-12-17 15:36 - INFO - New node added : 60cfca4239fcf27a04c6f6bc55419c6ef69518542f6004b2dc82fe7a644bb668
2024-12-17 15:36 - INFO - New node added : ba0a61602b2af88b54226d9edbb18e2cdcc34f33457f6fbdfa1cf154cbfb94d3
2024-12-17 15:36 - INFO - New node added : 50e721e49c013f00c62cf59f2163542a9d8df02464efeb615d31051b0fddc326
2024-12-17 15:36 - INFO - New node added : 3f79bb7b435b05321651daefd374cdc681dc06faa65e374e38337b88ca046dea
2024-12-17 15:36 - INFO - New node added : 72f97bd7b9d71a1e2ae11d3fd8520ebe25e4c3c1e9770565d6926c0f8f5846b2
2024-12-17 15:36 - INFO - New node added : 1a98a2105977d77929b907710dfad6b5f9cdae2abbcaa989a9387ed62c706cd1
2024-12-17 15:36 - INFO - New node added : 4c79faffa51451f7a0315b1fd9d0ce47d5e9d22ecad50a865877785aab0c0c40
2024-12-17 15:36 - INFO - New node added : 50e721e49c013f00c62cf59f2163542a9d8df02464efeb615d31051b0fddc326
2024-12-17 15:36 - INFO - New node added : 6d76873971e8ce76a8af45dd7b9061d538317b444d139d8c18ad32b9106b127e
2024-12-17 15:36 - INFO - New node added : 6d76873971e8ce76a8af45dd7b9061d538317b444d139d8c18ad32b9106b127e
2024-12-17 15:36 - INFO - New node added : d3452687fef0071d894ae9e9c3bde7d941268d15ae05720db6e82c4e04a09adb
2024-12-17 15:36 - INFO - New node added : e54cf8b7342ee98da5baa1e250ad41fe0a28af287ca0c3b2e06fcb82508147bb
2024-12-17 15:36 - INFO - New node added : 887d22910f99e0ab49a84234c5019a9666a8cc0656956ee73890ee98b6bb4394
2024-12-17 15:36 - INFO - New node added : c9ead9659e1931a57eeca7c69837cc68ab225b11a03f059e3a6d65bd8acb1e6d
2024-12-17 15:36 - INFO - New node added : 84bdd4f19dfecfd7ee2986113da167b79362124d1682804737c4107d00aae034
2024-12-17 15:36 - INFO - New node added : d4735e3a265e16eee03f59718b9b5d03019c07d8b6c51f90da3a666eec13ab35
2024-12-17 15:36 - INFO - New node added : 3f79bb7b435b05321651daefd374cdc681dc06faa65e374e38337b88ca046dea
2024-12-17 15:36 - INFO - New node added : 65c74c15a686187bb6bbf9958f494fc6b80068034a659a9ad44991b08c58f2d2
2024-12-17 15:36 - INFO - New node added : 66b237ca76d6c467593fddc269f5702cfd3c9ce28d86a2406a739bbbfb33e5f6
2024-12-17 15:36 - INFO - New node added : 93f376d819e75b2f26eee1ffce07568c3122f732d85b11f4df370bcc093d7cb9
2024-12-17 15:36 - INFO - New node added : 7188929aa4485bf861b81df112528aa23954c4c4eb285633fedd19a3ed38ba6f
2024-12-17 15:36 - INFO - New node added : 3f79bb7b435b05321651daefd374cdc681dc06faa65e374e38337b88ca046dea
2024-12-17 15:36 - INFO - New node added : 00edc6dcc7db1e573cb910e42d53d26542ee6a7e7174f0f76b917c977931f3e5
2024-12-17 15:36 - INFO - New node added : 1a98a2105977d77929b907710dfad6b5f9cdae2abbcaa989a9387ed62c706cd1
2024-12-17 15:36 - INFO - New node added : d2b685ec316b330213bb47b81e29f2fb9d1e50d28fc333d031b39cc83c9c60c3
2024-12-17 15:36 - INFO - New node added : b2863e3c64075d4819567d0bf2c51aeb07114da05faa7a2a21af07c437d21216
2024-12-17 15:36 - INFO - New node added : 3f79bb7b435b05321651daefd374cdc681dc06faa65e374e38337b88ca046dea
2024-12-17 15:36 - INFO - New node added : 18ac3e7343f016890c510e93f935261169d9e3f565436429830faf0934f4f8e4
2024-12-17 15:36 - INFO - New node added : 6886d756b63f91b12c1d93b0cbbb708044aeb6d128ecb2c1d29d76648e0dc673
2024-12-17 15:36 - INFO - New node added : addeb58e2113d187635f408f65e99dd3aed05d7db58610465d48578dde0578a1
2024-12-17 15:36 - INFO - New node added : 030762af210703b1dc562682267067aa84daae0136e60d23dadb3c6b6bc300d4
2024-12-17 15:36 - INFO - New node added : 3f79bb7b435b05321651daefd374cdc681dc06faa65e374e38337b88ca046dea
2024-12-17 15:36 - INFO - New node added : 00edc6dcc7db1e573cb910e42d53d26542ee6a7e7174f0f76b917c977931f3e5
2024-12-17 15:36 - INFO - New node added : 1a98a2105977d77929b907710dfad6b5f9cdae2abbcaa989a9387ed62c706cd1
2024-12-17 15:36 - INFO - New node added : d2b685ec316b330213bb47b81e29f2fb9d1e50d28fc333d031b39cc83c9c60c3
2024-12-17 15:36 - INFO - New node added : 40a0f0a52a8a495b3b8a5162c8360d8392235f0e75890e64bdca00783e3bb843
2024-12-17 15:36 - INFO - New node added : 90850c8e5a892facf07e8585286a4ca9aaa1d166beac34744d4e25a365acbfa0
2024-12-17 15:36 - INFO - New node added : aaa9402664f1a41f40ebbc52c9993eb66aeb366602958fdfaa283b71e64db123
2024-12-17 15:36 - INFO - New node added : e7ac0786668e0ff0f02b62bd04f45ff636fd82db63b1104601c975dc005f3a67
2024-12-17 15:36 - INFO - New node added : b762cbb3ce4ffd80b20b9177d59634725a56f3595b365939d4e3f5f18eae272b
2024-12-17 15:36 - INFO - New node added : 627d1421959274230e2f4442d2c49329d669710618c5f10225d2fd29cc70e976
2024-12-17 15:36 - INFO - New node added : 33e84c3a08b8bb2d6cb668dc9967e7305d725f6dd123f442af69151861b6b9e9
2024-12-17 15:36 - INFO - New node added : aaa9402664f1a41f40ebbc52c9993eb66aeb366602958fdfaa283b71e64db123
2024-12-17 15:36 - INFO - New node added : c7d8b4be4a4cd09940115f5dcd2524515497c1665587f8a4342cfb5b1a9d9827
2024-12-17 15:36 - INFO - New node added : 9c7f83ff9e1969889238ab3ce648395c1043bffa520bcf74d59ca0f30726e31e
2024-12-17 15:36 - INFO - New node added : 66417b99a33afb8f6da06f4705cf3aae120f582a240be9e191dcd5bc2a024e77
2024-12-17 15:36 - INFO - New node added : 317643b8109ad7deb27f78d29142fee9cce3c643c0c90e2f34f9d10ad0504bde
2024-12-17 15:36 - INFO - New node added : d4735e3a265e16eee03f59718b9b5d03019c07d8b6c51f90da3a666eec13ab35
2024-12-17 15:36 - INFO - New node added : ba5ec51d07a4ac0e951608704431d59a02b21a4e951acc10505a8dc407c501ee
2024-12-17 15:36 - INFO - New node added : 26b8cf8277508562b3cf8e5555be58bda6e5dcdf1c7a33489c5b7d39ddba1c2b
2024-12-17 15:36 - INFO - New node added : 003a942d139e3c3d4836323a9d13f6353aad16216e4b0418259cab3cb87bbb4e
2024-12-17 15:36 - INFO - New node added : ae1d57f2de9f16db256cf508707118bc82b5de355f93517b50f720f6a90615cd
2024-12-17 15:36 - INFO - New node added : d4735e3a265e16eee03f59718b9b5d03019c07d8b6c51f90da3a666eec13ab35
2024-12-17 15:36 - INFO - New node added : 32ee78186a3407f4f288673b1a7dca6154c294f435f444ee3ba054356a88a1e8
2024-12-17 15:36 - INFO - New node added : 32ee78186a3407f4f288673b1a7dca6154c294f435f444ee3ba054356a88a1e8
2024-12-17 15:36 - INFO - New node added : 82124e968008f7bb48be918aa564d6ccc10d884baeda47b8bc94b87845454076
2024-12-17 15:36 - INFO - New node added : b60012fa16fa3f9ed09fff59c61b63a2e11c690e8eac2469e44315e32b9cc222
2024-12-17 15:36 - INFO - New node added : fd88489aacc135de54c03f841e2c90fc6260b014909599135cc224517a0f7e0b
2024-12-17 15:36 - INFO - New node added : 0bd92550504ee76aa2ec0aeabe9195a4d0e77f9a96a4464af18f1c5f0fe6d15e
2024-12-17 15:36 - INFO - New node added : a83dd0ccbffe39d071cc317ddf6e97f5c6b1c87af91919271f9fa140b0508c6c
2024-12-17 15:36 - INFO - New node added : 6b86b273ff34fce19d6b804eff5a3f5747ada4eaa22f1d49c01e52ddb7875b4b
2024-12-17 15:36 - INFO - New node added : 4b227777d4dd1fc61c6f884f48641d02b4d121d3fd328cb08b5531fcacdabf8a
2024-12-17 15:36 - INFO - New node added : 81b6ebd5fef6337923d48304e3984c2161790615b004fd473b903cbcd0251d56
2024-12-17 15:36 - INFO - New node added : 7f70d7c6b170c7b9b2980145a2617f2e03d11cedd399355079c8f80a58bdb424
2024-12-17 15:36 - INFO - New node added : 2fa882097470d719c2af29cf167325c46cf248b26a61210687b2e2859ca2c9cd
2024-12-17 15:36 - INFO - New node added : 6b86b273ff34fce19d6b804eff5a3f5747ada4eaa22f1d49c01e52ddb7875b4b
2024-12-17 15:36 - INFO - New node added : 3c047a5e7f4f44a9b24b283387d748a428eb608adc3a7c497ff20868b3712808
2024-12-17 15:36 - INFO - New node added : 3eff7c5314a5ed2d5d8fdad16bbc4851cd98b9861c950854246318c5576a37fd
2024-12-17 15:36 - INFO - New node added : daeb9bb17e20f081b1667ec2189fa9434d3bcf07ab262fd407b15da78c6f0ccb
2024-12-17 15:36 - INFO - New node added : 09296aaaf7f3dcafdfded7235b17a7f9db9398ab0b265eee60bf3c316ecbc150
2024-12-17 15:36 - INFO - New node added : 36a9e7f1c95b82ffb99743e0c5c4ce95d83c9a430aac59f84ef3cbfab6145068
2024-12-17 15:36 - INFO - New node added : 6b86b273ff34fce19d6b804eff5a3f5747ada4eaa22f1d49c01e52ddb7875b4b
2024-12-17 15:36 - INFO - New node added : c86620f6773a075b4b6c117ec1618f095ca98a421d637e0d9bf3316e00eb25e4
2024-12-17 15:36 - INFO - New node added : 3eff7c5314a5ed2d5d8fdad16bbc4851cd98b9861c950854246318c5576a37fd
2024-12-17 15:36 - INFO - New node added : 5314fbfb3edfa6f9ce70effea2310351805c38a6bc1b2a66deddc54b4a8e4912
2024-12-17 15:36 - INFO - New node added : 36a9e7f1c95b82ffb99743e0c5c4ce95d83c9a430aac59f84ef3cbfab6145068
2024-12-17 15:36 - INFO - New node added : f03eda07c3895674808dc3155dc07b27a939ab018122e000720a9af8881d76d8
2024-12-17 15:36 - INFO - New node added : 89f56795cd83ef47a99d1ef72ff73298d11bf2a665d5baeb897c91bb85038c4d
2024-12-17 15:36 - INFO - New node added : 70b563f85b72955fd0228eeeaadaf283da543242ef32bfbd895e55a8ccda1871
2024-12-17 15:36 - INFO - New node added : 2d56086ffec9b186cb2dc3b39a60925e2ba568f84c3d1a94f828ebdc1fc7e27e
2024-12-17 15:36 - INFO - New node added : 24f17f335a7486f859a8f489fc55355e4ffe1bd054dee115df27735097b8fd19
2024-12-17 15:36 - INFO - New node added : d4735e3a265e16eee03f59718b9b5d03019c07d8b6c51f90da3a666eec13ab35
2024-12-17 15:36 - INFO - New node added : e7ac0786668e0ff0f02b62bd04f45ff636fd82db63b1104601c975dc005f3a67
2024-12-17 15:36 - INFO - New node added : f74c216d707f863587aaa2f94178696dfc3c53a493da652c6e43e65c73a8a5a8
2024-12-17 15:36 - INFO - New node added : 627d1421959274230e2f4442d2c49329d669710618c5f10225d2fd29cc70e976
2024-12-17 15:36 - INFO - New node added : 1bd9c4184db282d412ee3be1a8cbb7c47e65357869ca60d63858d7d7573a1eb9
2024-12-17 15:36 - INFO - New node added : d4735e3a265e16eee03f59718b9b5d03019c07d8b6c51f90da3a666eec13ab35
2024-12-17 15:36 - INFO - New node added : afb706fadb23e5d5d3d44579f83bbfcd5042a6ff7602c514abb01db157ecacf7
2024-12-17 15:36 - INFO - New node added : 32ee78186a3407f4f288673b1a7dca6154c294f435f444ee3ba054356a88a1e8
2024-12-17 15:36 - INFO - New node added : 0fc7299bf6e0fa752f536c7ed899dae5a6fa8371c4b82f0bae4a49571b710623
2024-12-17 15:36 - INFO - New node added : b3b5f746410d9b7c7f5af0c44d892db8d75d443792eb997ce896dff22ce1cd38
2024-12-17 15:36 - INFO - New node added : a83dd0ccbffe39d071cc317ddf6e97f5c6b1c87af91919271f9fa140b0508c6c
2024-12-17 15:36 - INFO - New node added : 36a9e7f1c95b82ffb99743e0c5c4ce95d83c9a430aac59f84ef3cbfab6145068
2024-12-17 15:36 - INFO - New node added : 33489a7fd38197b2abcef7b2685a7fa77681d35d3ff22171039281df5fb83da8
2024-12-17 15:36 - INFO - New node added : 89f56795cd83ef47a99d1ef72ff73298d11bf2a665d5baeb897c91bb85038c4d
2024-12-17 15:36 - INFO - New node added : 049a8609d9a853b2beb5f9eb36e0646127ae18074d40ac051646c791749ce30e
2024-12-17 15:36 - INFO - New node added : a83dd0ccbffe39d071cc317ddf6e97f5c6b1c87af91919271f9fa140b0508c6c
2024-12-17 15:36 - INFO - New node added : 22a16ec5826bea3a87ab680b89ac7c52df96e467cb49b42f435fae69176e28bb
2024-12-17 15:36 - INFO - New node added : 22a16ec5826bea3a87ab680b89ac7c52df96e467cb49b42f435fae69176e28bb
2024-12-17 15:36 - INFO - New node added : 29bb75149f4c5fcdee42b3303f6ed8645d063198669d3e5f7b5e4685042dd7fe
2024-12-17 15:36 - INFO - New node added : 06554f96a4ed456482d243daa5a2bf96867339b9156f4d8b9e6667b52ad534c0
2024-12-17 15:36 - INFO - New node added : ee451e1775dc744b363555770a6c4629ed04bbda028849e97c578b2ffdf27e0d
2024-12-17 15:36 - INFO - New node added : 79743431dd2e1657cc565fbb3b04798879b19044bbd3469ee3506cb20ac61f8c
2024-12-17 15:36 - INFO - New node added : b764eace70f0c188708dd3b9f9cd3770aa79f6e07e14df968d5e8989a235188e
2024-12-17 15:36 - INFO - New node added : db829cd33c437d461069cbb365bfdfd00ba7e1ef37be10a828fe25e0bae2c5bb
2024-12-17 15:36 - INFO - New node added : 3f79bb7b435b05321651daefd374cdc681dc06faa65e374e38337b88ca046dea
2024-12-17 15:36 - INFO - New node added : 3973e022e93220f9212c18d0d0c543ae7c309e46640da93a4a0314de999f5112
2024-12-17 15:36 - INFO - New node added : c4694f2e93d5c4e7d51f9c5deb75e6cc8be5e1114178c6a45b6fc2c566a0aa8c
2024-12-17 15:36 - INFO - New node added : 2582c9e3bd8418a129b1e4b9496a1eb633c9d426eafa80e1b43d31cff78f36d4
2024-12-17 15:36 - INFO - New node added : b5fd5d93effee21d63881d8a434c2a4308840a9f743b9ba0b3a5612596cb031f
2024-12-17 15:36 - INFO - New node added : 79e99bd3a15d842717378fe824e0cf27687170b89d8b0f72b37db5cfd740275e
2024-12-17 15:36 - INFO - New node added : 3973e022e93220f9212c18d0d0c543ae7c309e46640da93a4a0314de999f5112
2024-12-17 15:36 - INFO - New node added : 33489a7fd38197b2abcef7b2685a7fa77681d35d3ff22171039281df5fb83da8
2024-12-17 15:36 - INFO - New node added : 91cdd803d74dd5e6b7e90fc6e368d61f722306dc8888305b0f6e57ba4fa3d7d1
2024-12-17 15:36 - INFO - New node added : 60cfca4239fcf27a04c6f6bc55419c6ef69518542f6004b2dc82fe7a644bb668
2024-12-17 15:36 - INFO - New node added : ba0a61602b2af88b54226d9edbb18e2cdcc34f33457f6fbdfa1cf154cbfb94d3
2024-12-17 15:36 - INFO - New node added : 36a9e7f1c95b82ffb99743e0c5c4ce95d83c9a430aac59f84ef3cbfab6145068
2024-12-17 15:36 - INFO - New node added : 3f79bb7b435b05321651daefd374cdc681dc06faa65e374e38337b88ca046dea
2024-12-17 15:36 - INFO - New node added : 72f97bd7b9d71a1e2ae11d3fd8520ebe25e4c3c1e9770565d6926c0f8f5846b2
2024-12-17 15:36 - INFO - New node added : 1a98a2105977d77929b907710dfad6b5f9cdae2abbcaa989a9387ed62c706cd1
2024-12-17 15:36 - INFO - New node added : 4c79faffa51451f7a0315b1fd9d0ce47d5e9d22ecad50a865877785aab0c0c40
2024-12-17 15:36 - INFO - New node added : 36a9e7f1c95b82ffb99743e0c5c4ce95d83c9a430aac59f84ef3cbfab6145068
2024-12-17 15:36 - INFO - New node added : 38f74d661af3ab5adfe2ab7897b8b919393f70e39a76c9a3cfb0f8a7fb99aa19
2024-12-17 15:36 - INFO - New node added : 89f56795cd83ef47a99d1ef72ff73298d11bf2a665d5baeb897c91bb85038c4d
2024-12-17 15:36 - INFO - New node added : 3c76778a38571289366fd51a5da11da13a4f3c12628db5fe4e5f62be59ac6e08
2024-12-17 15:36 - INFO - New node added : cede81c5a6f69113fe01a26db62e2cb88fd23b466869bdfd6e21139df2d8f77e
2024-12-17 15:36 - INFO - New node added : 45b13efa89026647cac3e7b9392c21cda2a428f30421d2ee03d07bf60644f1ca
2024-12-17 15:36 - INFO - New node added : 36a9e7f1c95b82ffb99743e0c5c4ce95d83c9a430aac59f84ef3cbfab6145068
2024-12-17 15:36 - INFO - New node added : 18ac3e7343f016890c510e93f935261169d9e3f565436429830faf0934f4f8e4
2024-12-17 15:36 - INFO - New node added : 5ac75cfc9ab7d1b034b765a7bd0b792bae9ac0241118c18c40fc42a3a6a98083
2024-12-17 15:36 - INFO - New node added : addeb58e2113d187635f408f65e99dd3aed05d7db58610465d48578dde0578a1
2024-12-17 15:36 - INFO - New node added : 7a5043a2e065277c60be180e18671ba4b9a5d8ec1e632fbb7136fa641fc1ebeb
2024-12-17 15:36 - INFO - New node added : 36a9e7f1c95b82ffb99743e0c5c4ce95d83c9a430aac59f84ef3cbfab6145068
2024-12-17 15:36 - INFO - New node added : d585a71fa413ac9c74c34f38935ece069d2bce001bba07b3511e6a9cb1b154b5
2024-12-17 15:36 - INFO - New node added : 89f56795cd83ef47a99d1ef72ff73298d11bf2a665d5baeb897c91bb85038c4d
2024-12-17 15:36 - INFO - New node added : 05c4491a67206ca0c367033ea6a4974ab843aa492dcaa7380d0b0a720789467c
2024-12-17 15:36 - INFO - New node added : e077860e7eba26091442d370331309076b7ce51ea9374ea26e88366184d5efa6
2024-12-17 15:36 - INFO - New node added : 3f79bb7b435b05321651daefd374cdc681dc06faa65e374e38337b88ca046dea
2024-12-17 15:36 - INFO - New node added : 18ac3e7343f016890c510e93f935261169d9e3f565436429830faf0934f4f8e4
2024-12-17 15:36 - INFO - New node added : 57e65b2997916fb520d5c670b181dadbc7c0824c7973f8d3550a7d74734fbef6
2024-12-17 15:36 - INFO - New node added : addeb58e2113d187635f408f65e99dd3aed05d7db58610465d48578dde0578a1
2024-12-17 15:36 - INFO - New node added : 84aca216ef415d0e28a97ccd0fb82f31b51795c3581427653ad763df6029fe34
2024-12-17 15:36 - INFO - New node added : 3f79bb7b435b05321651daefd374cdc681dc06faa65e374e38337b88ca046dea
2024-12-17 15:36 - INFO - New node added : 1a98a2105977d77929b907710dfad6b5f9cdae2abbcaa989a9387ed62c706cd1
2024-12-17 15:36 - INFO - New node added : 1a98a2105977d77929b907710dfad6b5f9cdae2abbcaa989a9387ed62c706cd1
2024-12-17 15:36 - INFO - New node added : 463bb9d8f7fe77a1f4ea68498899ecec274cdf238783a42cb448ce1e2d8cbb6a
2024-12-17 15:36 - INFO - New node added : c7cc89e168472cee9929c90815af3cd2f786a37cf24789c93f00f7cb8c1d7d43
2024-12-17 15:36 - INFO - New node added : 1d74389545124071fc97de69e177d0fe36e2f0faf11fdb05b849198cc6111a63
2024-12-17 15:36 - INFO - New node added : fe532972505974458c0e3da4413deabe59a3f0c5c9add4fc80ba0b480248beda
2024-12-17 15:36 - INFO - New node added : 36a9e7f1c95b82ffb99743e0c5c4ce95d83c9a430aac59f84ef3cbfab6145068
2024-12-17 15:36 - INFO - New node added : aaa9402664f1a41f40ebbc52c9993eb66aeb366602958fdfaa283b71e64db123
2024-12-17 15:36 - INFO - New node added : e7ac0786668e0ff0f02b62bd04f45ff636fd82db63b1104601c975dc005f3a67
2024-12-17 15:36 - INFO - New node added : b762cbb3ce4ffd80b20b9177d59634725a56f3595b365939d4e3f5f18eae272b
2024-12-17 15:36 - INFO - New node added : 627d1421959274230e2f4442d2c49329d669710618c5f10225d2fd29cc70e976
2024-12-17 15:36 - INFO - New node added : 33e84c3a08b8bb2d6cb668dc9967e7305d725f6dd123f442af69151861b6b9e9
2024-12-17 15:36 - INFO - New node added : aaa9402664f1a41f40ebbc52c9993eb66aeb366602958fdfaa283b71e64db123
2024-12-17 15:36 - INFO - New node added : c7d8b4be4a4cd09940115f5dcd2524515497c1665587f8a4342cfb5b1a9d9827
2024-12-17 15:36 - INFO - New node added : 9c7f83ff9e1969889238ab3ce648395c1043bffa520bcf74d59ca0f30726e31e
2024-12-17 15:36 - INFO - New node added : 66417b99a33afb8f6da06f4705cf3aae120f582a240be9e191dcd5bc2a024e77
2024-12-17 15:36 - INFO - New node added : 317643b8109ad7deb27f78d29142fee9cce3c643c0c90e2f34f9d10ad0504bde
2024-12-17 15:36 - INFO - New node added : 5feceb66ffc86f38d952786c6d696c79c2dbc239dd4e91b46729d73a27fb57e9
2024-12-17 15:36 - INFO - New node added : ba5ec51d07a4ac0e951608704431d59a02b21a4e951acc10505a8dc407c501ee
2024-12-17 15:36 - INFO - New node added : 02a568a1ba27d91aab87e53d97a4cf18939737f230b47ffa5926eec6a8a36cfc
2024-12-17 15:36 - INFO - New node added : 003a942d139e3c3d4836323a9d13f6353aad16216e4b0418259cab3cb87bbb4e
2024-12-17 15:36 - INFO - New node added : 84ca61e5987b0246701f6c162762c8c3a64ba0483f2414482df785539795e40e
2024-12-17 15:36 - INFO - New node added : 5feceb66ffc86f38d952786c6d696c79c2dbc239dd4e91b46729d73a27fb57e9
2024-12-17 15:36 - INFO - New node added : e7b7777f7777e6f9e88e2b224312c0133d24f0a5bdf7b57a6bb38ac94e109026
2024-12-17 15:36 - INFO - New node added : 984ec4499b3a6b90bbcd8e05efe985a1c3c8f75a657cf0d70049ffd111f90b8d
2024-12-17 15:36 - INFO - New node added : e6671535473edeb00b22857979b770e5ed103dee5238a88be92b5e59458e791e
2024-12-17 15:36 - INFO - New node added : 2ce3d414d3a48946ff256021e82d9b5f3031d39459c7087045c95f0ef1dc1669
2024-12-17 15:36 - INFO - New node added : d5226f878f1a97868fbf8194535b37a30f86c0930dd09b3c0da6662a376767bf
2024-12-17 15:36 - INFO - New node added : d4735e3a265e16eee03f59718b9b5d03019c07d8b6c51f90da3a666eec13ab35
2024-12-17 15:36 - INFO - New node added : 3973e022e93220f9212c18d0d0c543ae7c309e46640da93a4a0314de999f5112
2024-12-17 15:36 - INFO - New node added : de777286dda88425ee22c5c67a3f3725f5d29ff47248974aa47f46dd4f605681
2024-12-17 15:36 - INFO - New node added : 91cdd803d74dd5e6b7e90fc6e368d61f722306dc8888305b0f6e57ba4fa3d7d1
2024-12-17 15:36 - INFO - New node added : b5fc8535079ffcf453588167ac367bd2e53a440469a013302e2e9fa29a3898c5
2024-12-17 15:36 - INFO - New node added : d4735e3a265e16eee03f59718b9b5d03019c07d8b6c51f90da3a666eec13ab35
2024-12-17 15:36 - INFO - New node added : 33b675636da5dcc86ec847b38c08fa49ff1cace9749931e0a5d4dfdbdedd808a
2024-12-17 15:36 - INFO - New node added : 32ee78186a3407f4f288673b1a7dca6154c294f435f444ee3ba054356a88a1e8
2024-12-17 15:36 - INFO - New node added : 0c4ff88e751b32c87db39e33d653250baf4440450760e0181914883e8a34e6c8
2024-12-17 15:36 - INFO - New node added : d0e8574a8efabd1738feb3b803fe1469a33ef9cd38536d657d52653b255461cd
2024-12-17 15:36 - INFO - New node added : 36a9e7f1c95b82ffb99743e0c5c4ce95d83c9a430aac59f84ef3cbfab6145068
2024-12-17 15:36 - INFO - New node added : 7902699be42c8a8e46fbbb4501726517e86b22c56a189f7625a6da49081b2451
2024-12-17 15:36 - INFO - New node added : 3c047a5e7f4f44a9b24b283387d748a428eb608adc3a7c497ff20868b3712808
2024-12-17 15:36 - INFO - New node added : 7caf8813a9538224e52cf422196d1e8a8d54fccea080846427d45a8c3cc7a301
2024-12-17 15:36 - INFO - New node added : aebe1e6647fd99f61268de1de19fa23e4c320dbd08ccc376f1be68f18c4ab804
2024-12-17 15:36 - INFO - New node added : 36a9e7f1c95b82ffb99743e0c5c4ce95d83c9a430aac59f84ef3cbfab6145068
2024-12-17 15:36 - INFO - New node added : 89f56795cd83ef47a99d1ef72ff73298d11bf2a665d5baeb897c91bb85038c4d
2024-12-17 15:36 - INFO - New node added : 89f56795cd83ef47a99d1ef72ff73298d11bf2a665d5baeb897c91bb85038c4d
2024-12-17 15:36 - INFO - New node added : f793e08d90799ada883e1bf0d8623ab0e7041423f07c101590a5b780651f501b
2024-12-17 15:36 - INFO - New node added : 781a7fa8f31fc11e4f70e3d42053c5093f36a5e292de919272d4615fc6c38118
2024-12-17 15:36 - INFO - New node added : 9dda04061baef008a1c7490cbd340a9783047924c8bd81ef342bdf272b3cd860
2024-12-17 15:36 - INFO - New node added : 1eba990df92b2a3d715adb658cec30223733d45298065b41e03fb0fbff7f6147
2024-12-17 15:36 - INFO - New node added : 31cf56fc67a24ce287d4a0acd9fbcbc7cf061453ff0f89542bc3167cbcfa9e79
2024-12-17 15:36 - INFO - New node added : 36a9e7f1c95b82ffb99743e0c5c4ce95d83c9a430aac59f84ef3cbfab6145068
2024-12-17 15:36 - INFO - New node added : d4735e3a265e16eee03f59718b9b5d03019c07d8b6c51f90da3a666eec13ab35
2024-12-17 15:36 - INFO - New node added : e7ac0786668e0ff0f02b62bd04f45ff636fd82db63b1104601c975dc005f3a67
2024-12-17 15:36 - INFO - New node added : f74c216d707f863587aaa2f94178696dfc3c53a493da652c6e43e65c73a8a5a8
2024-12-17 15:36 - INFO - New node added : 627d1421959274230e2f4442d2c49329d669710618c5f10225d2fd29cc70e976
2024-12-17 15:36 - INFO - New node added : 1bd9c4184db282d412ee3be1a8cbb7c47e65357869ca60d63858d7d7573a1eb9
2024-12-17 15:36 - INFO - New node added : d4735e3a265e16eee03f59718b9b5d03019c07d8b6c51f90da3a666eec13ab35
2024-12-17 15:36 - INFO - New node added : afb706fadb23e5d5d3d44579f83bbfcd5042a6ff7602c514abb01db157ecacf7
2024-12-17 15:36 - INFO - New node added : 32ee78186a3407f4f288673b1a7dca6154c294f435f444ee3ba054356a88a1e8
2024-12-17 15:36 - INFO - New node added : 0fc7299bf6e0fa752f536c7ed899dae5a6fa8371c4b82f0bae4a49571b710623
2024-12-17 15:36 - INFO - New node added : b3b5f746410d9b7c7f5af0c44d892db8d75d443792eb997ce896dff22ce1cd38
2024-12-17 15:36 - INFO - New node added : 8ce86a6ae65d3692e7305e2c58ac62eebd97d3d943e093f577da25c36988246b
2024-12-17 15:36 - INFO - New node added : 36a9e7f1c95b82ffb99743e0c5c4ce95d83c9a430aac59f84ef3cbfab6145068
2024-12-17 15:36 - INFO - New node added : 33489a7fd38197b2abcef7b2685a7fa77681d35d3ff22171039281df5fb83da8
2024-12-17 15:36 - INFO - New node added : 89f56795cd83ef47a99d1ef72ff73298d11bf2a665d5baeb897c91bb85038c4d
2024-12-17 15:36 - INFO - New node added : 049a8609d9a853b2beb5f9eb36e0646127ae18074d40ac051646c791749ce30e
2024-12-17 15:36 - INFO - New node added : 8ce86a6ae65d3692e7305e2c58ac62eebd97d3d943e093f577da25c36988246b
2024-12-17 15:36 - INFO - New node added : defc41d5f03ecc3bde78f3f2a6101dfb6886789ad131126fa3305cf9fb42acc5
2024-12-17 15:36 - INFO - New node added : fa2e4a886aed8183c3508aaba43ef4757121fc044485b9322fded31a336610a2
2024-12-17 15:36 - INFO - New node added : fc82867b917ff0531e14faf4d8d49307795e476aa7662e90c04a980b758cabb3
2024-12-17 15:36 - INFO - New node added : 11bf3630984e33324a9a3c240533dafe5742fe85076a4709b884ea35df22340d
2024-12-17 15:36 - INFO - New node added : f743e8d760b6d5c67cc1bb4843c520c81742c5fc51ef5799ccbeeae5450dc755
2024-12-17 15:36 - INFO - New node added : 36a9e7f1c95b82ffb99743e0c5c4ce95d83c9a430aac59f84ef3cbfab6145068
2024-12-17 15:36 - INFO - New node added : 36a9e7f1c95b82ffb99743e0c5c4ce95d83c9a430aac59f84ef3cbfab6145068
2024-12-17 15:36 - INFO - New node added : 2fc46652340693500d921db624d1a6e106b734175d6b33a0673054da35b84e1a
2024-12-17 15:36 - INFO - New node added : 89f56795cd83ef47a99d1ef72ff73298d11bf2a665d5baeb897c91bb85038c4d
2024-12-17 15:36 - INFO - New node added : 46231c6f6044d8ed2c49dd5415885825c11e7011f3b55a510b7daa962bf52d8a
2024-12-17 15:36 - INFO - New node added : 36a9e7f1c95b82ffb99743e0c5c4ce95d83c9a430aac59f84ef3cbfab6145068
2024-12-17 15:36 - INFO - New node added : 5386e2115484306e62439312a97336df8667b1c8d0746c8805b6d7a4f32f9121
2024-12-17 15:36 - INFO - New node added : 89f56795cd83ef47a99d1ef72ff73298d11bf2a665d5baeb897c91bb85038c4d
2024-12-17 15:36 - INFO - New node added : 1263aee63cf8bfc5f67d17ed03a16e7049f763a1039acd91ca35400747f097e4
2024-12-17 15:36 - INFO - New node added : 12e541b8514e9f0be6fd0a2b63f0fbb5aa26f8ce3f5d8ec4b9f4b4ba5fc22b7c
2024-12-17 15:36 - INFO - New node added : 36a9e7f1c95b82ffb99743e0c5c4ce95d83c9a430aac59f84ef3cbfab6145068
2024-12-17 15:36 - INFO - New node added : 50e721e49c013f00c62cf59f2163542a9d8df02464efeb615d31051b0fddc326
2024-12-17 15:36 - INFO - New node added : 84dde8dc7fb6d3ea4cdefb55518d3da6851e88defead129640e280cced50c64d
2024-12-17 15:36 - INFO - New node added : 6d76873971e8ce76a8af45dd7b9061d538317b444d139d8c18ad32b9106b127e
2024-12-17 15:36 - INFO - New node added : a1bd99a15d41f561e9957d2dcd13b7090d687c8bed3d8f0dfdea9b257e9ae6c5
2024-12-17 15:36 - INFO - New node added : 36a9e7f1c95b82ffb99743e0c5c4ce95d83c9a430aac59f84ef3cbfab6145068
2024-12-17 15:36 - INFO - New node added : 89f56795cd83ef47a99d1ef72ff73298d11bf2a665d5baeb897c91bb85038c4d
2024-12-17 15:36 - INFO - New node added : 89f56795cd83ef47a99d1ef72ff73298d11bf2a665d5baeb897c91bb85038c4d
2024-12-17 15:36 - INFO - New node added : f793e08d90799ada883e1bf0d8623ab0e7041423f07c101590a5b780651f501b
2024-12-17 15:36 - INFO - New node added : 035dd487ec8ebf51855f711799eb42fd1bcaa9b8aa7c56370ec1bd9c46ba8f73
2024-12-17 15:36 - INFO - New node added : b51f410b1382169ea3faca2a3c6d8861b8b98e3c13f05267a440ff9104b76218
2024-12-17 15:36 - INFO - New node added : 5b773ffc66eaecdc471720535dc7b8f55dc5286151f7677eae006e53a160f226
2024-12-17 15:36 - INFO - New node added : ba5ec51d07a4ac0e951608704431d59a02b21a4e951acc10505a8dc407c501ee
2024-12-17 15:36 - INFO - New node added : 36a9e7f1c95b82ffb99743e0c5c4ce95d83c9a430aac59f84ef3cbfab6145068
2024-12-17 15:36 - INFO - New node added : 18ac3e7343f016890c510e93f935261169d9e3f565436429830faf0934f4f8e4
2024-12-17 15:36 - INFO - New node added : 5ac75cfc9ab7d1b034b765a7bd0b792bae9ac0241118c18c40fc42a3a6a98083
2024-12-17 15:36 - INFO - New node added : addeb58e2113d187635f408f65e99dd3aed05d7db58610465d48578dde0578a1
2024-12-17 15:36 - INFO - New node added : 7a5043a2e065277c60be180e18671ba4b9a5d8ec1e632fbb7136fa641fc1ebeb
2024-12-17 15:36 - INFO - New node added : 36a9e7f1c95b82ffb99743e0c5c4ce95d83c9a430aac59f84ef3cbfab6145068
2024-12-17 15:36 - INFO - New node added : d585a71fa413ac9c74c34f38935ece069d2bce001bba07b3511e6a9cb1b154b5
2024-12-17 15:36 - INFO - New node added : 89f56795cd83ef47a99d1ef72ff73298d11bf2a665d5baeb897c91bb85038c4d
2024-12-17 15:36 - INFO - New node added : 05c4491a67206ca0c367033ea6a4974ab843aa492dcaa7380d0b0a720789467c
2024-12-17 15:36 - INFO - New node added : e077860e7eba26091442d370331309076b7ce51ea9374ea26e88366184d5efa6
2024-12-17 15:36 - INFO - New node added : 18ac3e7343f016890c510e93f935261169d9e3f565436429830faf0934f4f8e4
2024-12-17 15:36 - INFO - New node added : 18ac3e7343f016890c510e93f935261169d9e3f565436429830faf0934f4f8e4
2024-12-17 15:36 - INFO - New node added : 57e65b2997916fb520d5c670b181dadbc7c0824c7973f8d3550a7d74734fbef6
2024-12-17 15:36 - INFO - New node added : addeb58e2113d187635f408f65e99dd3aed05d7db58610465d48578dde0578a1
2024-12-17 15:36 - INFO - New node added : 84aca216ef415d0e28a97ccd0fb82f31b51795c3581427653ad763df6029fe34
2024-12-17 15:36 - INFO - New node added : 18ac3e7343f016890c510e93f935261169d9e3f565436429830faf0934f4f8e4
2024-12-17 15:36 - INFO - New node added : d423fcdf8580ed5d3d5a11780ce61378670fa3fef1ae53230617b7df1bdad51f
2024-12-17 15:36 - INFO - New node added : addeb58e2113d187635f408f65e99dd3aed05d7db58610465d48578dde0578a1
2024-12-17 15:36 - INFO - New node added : 0d289c0f5983535477504e8c6354cee288eb5bf5abbff895e107083ca2dc7c4b
2024-12-17 15:36 - INFO - New node added : 1cfc6d50748cb707812b71ed524ecadd5032aecc7600114b0b95c21532de442f
2024-12-17 15:36 - INFO - New node added : 02106d1d769cc5d89e5f13d749dfbad3cbc65823a807cfc5da3d02fb61f310ee
2024-12-17 15:36 - INFO - New node added : 32ebb1abcc1c601ceb9c4e3c4faba0caa5b85bb98c4f1e6612c40faa528a91c9
2024-12-17 15:36 - INFO - New node added : 36a9e7f1c95b82ffb99743e0c5c4ce95d83c9a430aac59f84ef3cbfab6145068
2024-12-17 15:36 - INFO - New node added : 48f73d188df3fbfe2d674b76ae36656e9a8fbd2b4cd815693db939478368dbda
2024-12-17 15:36 - INFO - New node added : 89f56795cd83ef47a99d1ef72ff73298d11bf2a665d5baeb897c91bb85038c4d
2024-12-17 15:36 - INFO - New node added : f652f3d14fd140f2a136f93d049303ab3b7cf8790ef1a01d38bbfcc86a5c2392
2024-12-17 15:36 - INFO - New node added : 32ebb1abcc1c601ceb9c4e3c4faba0caa5b85bb98c4f1e6612c40faa528a91c9
2024-12-17 15:36 - INFO - New node added : 712765d232a931c941c337d1c2ece8c45551db4dbbc463c1e61702d79cd755b6
2024-12-17 15:36 - INFO - New node added : 319588ceaedb6670053af589d0ff0bf49570f4aa3878bfd72f4d1625dc8b89ed
2024-12-17 15:36 - INFO - New node added : aa4e7fe6299a06a59246dc8c4cca85451a31b1c47ccb5aa0daf95bf5edbe0b88
2024-12-17 15:36 - INFO - New node added : 5229b25d6be0ae5422b5466f04862d899e0362c1d1a67f28e0f1fbddb7e7c9f9
2024-12-17 15:36 - INFO - New node added : ba5ec51d07a4ac0e951608704431d59a02b21a4e951acc10505a8dc407c501ee
2024-12-17 15:36 - INFO - New node added : ba5ec51d07a4ac0e951608704431d59a02b21a4e951acc10505a8dc407c501ee
2024-12-17 15:36 - INFO - New node added : cf4ffc37a79bf6b64b8c083d74991c1a2499b1ad04d27c92282574fc695ea46b
2024-12-17 15:36 - INFO - New node added : 003a942d139e3c3d4836323a9d13f6353aad16216e4b0418259cab3cb87bbb4e
2024-12-17 15:36 - INFO - New node added : 074dbc5f9224fc5010521016915f8e7cc67ac9e7885981686617cafc39c5712b
2024-12-17 15:36 - INFO - New node added : ba5ec51d07a4ac0e951608704431d59a02b21a4e951acc10505a8dc407c501ee
2024-12-17 15:36 - INFO - New node added : 003a942d139e3c3d4836323a9d13f6353aad16216e4b0418259cab3cb87bbb4e
2024-12-17 15:36 - INFO - New node added : 003a942d139e3c3d4836323a9d13f6353aad16216e4b0418259cab3cb87bbb4e
2024-12-17 15:36 - INFO - New node added : 5da16a33661fbc24daf94818a4c5f496cde0bedf19e44e1a0a113e930a1fb110
2024-12-17 15:36 - INFO - New node added : adaf9924873fc5049c250e94ec24cf01d808151c2aa557e31690ebccfe4f96ba
2024-12-17 15:36 - INFO - New node added : 319b658e8b573466ed8a2cb80be145f063ed1ec5d46d80b311a6dd83bb98c832
2024-12-17 15:36 - INFO - New node added : 16d529a1032ce0a3aeb5981eb88a4a40abaec3e4d90bfb616421387219a29340
2024-12-17 15:36 - INFO - New node added : 6e2336adaaaa6eb55780e227dcb206077130da1d821af45e645e84e231a1586f
2024-12-17 15:36 - INFO - New node added : 01de176a4bcd3fe657d6b6efabef756f22ac6f3a273dba5a4ec105bfa2b9ed8b
2024-12-17 15:36 - INFO - New node added : 1a5e72c7d9e1e10c7cae6e721441999ca0ec2fc3119e37e6cc797785c29c794a
2024-12-17 15:36 - INFO - New node added : 91b765307648b3d4c25af09dd74e0d19112e8cfb49a2e630b9b7d09fef7099bf
2024-12-17 15:36 - INFO - Root Hash asked for Merkle Tree
2024-12-17 15:36 - INFO - Full Merkle Tree scheme asked
2024-12-17 15:41 - INFO - New file received : example.txt
2024-12-17 15:41 - INFO - Creation of a new Merkle Tree
2024-12-17 15:41 - INFO - New node added : d946525f288aaf7ec426fcba24af6ae100c851de52a2f0229e9b31dde0a6537f
2024-12-17 15:41 - INFO - New node added : 70fe8d3479e56b0b7dfdcc7de676bf6dfb44af5c67098460d465a3e8df6c0e80
2024-12-17 15:41 - INFO - New node added : 05186585c4be7c36d713417376e16b8b6aa043efcb0b7fc7a103d8c1c7b057cd
2024-12-17 15:41 - INFO - New node added : 0ce5ceb42a579bd340ef9e897dc88ffe716149ab2b53df6514963ee9c7269762
2024-12-17 15:41 - INFO - New node added : c4b5424511d6e6cae85763386efbfa15f21f87457171e4c4a52f4a904d129511
2024-12-17 15:41 - INFO - New node added : 1ca972e05f167b6626aac70782ff47eb57491f541bb4744fc6f7fe84c492d4f6
2024-12-17 15:41 - INFO - New node added : 05186585c4be7c36d713417376e16b8b6aa043efcb0b7fc7a103d8c1c7b057cd
2024-12-17 15:41 - INFO - New node added : be257cf44a2c414da4fee0e83eb3eb72d9ca16a5b3f0f426520d492576b73df5
2024-12-17 15:41 - INFO - New node added : 302ef77d51340447e6be6e70190cb0eaf848a4e793ec172fca8cdbcea8fc2f9c
2024-12-17 15:41 - INFO - New node added : 1b111c92cf700d2d99f8350801e24bb7a5148453a7a6e97b05975d58558cc706
2024-12-17 15:41 - INFO - New node added : 1ca972e05f167b6626aac70782ff47eb57491f541bb4744fc6f7fe84c492d4f6
2024-12-17 15:41 - INFO - New node added : 27c017b519186422fd37b825eb82d3bb2bc703cdb86a361a52d6064e991dc66e
2024-12-17 15:41 - INFO - New node added : 345e029d526fdf8c66c3f0fe64bb18839a0c2aef138577cc6b3634aea1b27be1
2024-12-17 15:41 - INFO - New node added : 97bd204fe071a7fb0fd1eecf656d769708a925f2a84dee2ecad2aea39451e343
2024-12-17 15:41 - INFO - New node added : 3c09da75ffa1e7cf28e081b4b7c88c970009def5fd7b3bf68bea927d4f55a66d
2024-12-17 15:41 - INFO - Root Hash asked for Merkle Tree
2024-12-17 15:41 - INFO - Full Merkle Tree scheme asked
2024-12-17 15:59 - INFO - New file received : example.txt
2024-12-17 15:59 - INFO - Creation of a new Merkle Tree
2024-12-17 15:59 - INFO - New node added : h(2024-12-17 15:30 - WARNING - New file received :)
2024-12-17 15:59 - INFO - New node added : h(2024-12-17 15:32 - INFO - New file received : example.txt)
2024-12-17 15:59 - INFO - New node added : h(2024-12-17 15:32 - INFO - Creation of a new Merkle Tree)
2024-12-17 15:59 - INFO - New node added : h(2024-12-17 15:32 - INFO - New node added : h(1))
2024-12-17 15:59 - INFO - New node added : h(2024-12-17 15:32 - INFO - New node added : h(2))
2024-12-17 15:59 - INFO - New node added : h(2024-12-17 15:32 - INFO - New node added : h(3))
2024-12-17 15:59 - INFO - New node added : h(2024-12-17 15:32 - INFO - Creation of a new Merkle Tree)
2024-12-17 15:59 - INFO - New node added : h(h(2024-12-17 15:30 - WARNING - New file received :)h(2024-12-17 15:32 - INFO - New file received : example.txt))
2024-12-17 15:59 - INFO - New node added : h(h(2024-12-17 15:32 - INFO - Creation of a new Merkle Tree)h(2024-12-17 15:32 - INFO - Creation of a new Merkle Tree))
2024-12-17 15:59 - INFO - New node added : h(h(h(2024-12-17 15:30 - WARNING - New file received :)h(2024-12-17 15:32 - INFO - New file received : example.txt))h(h(2024-12-17 15:32 - INFO - Creation of a new Merkle Tree)h(2024-12-17 15:32 - INFO - Creation of a new Merkle Tree)))
2024-12-17 15:59 - INFO - New node added : h(2024-12-17 15:32 - INFO - New node added : h(3))
2024-12-17 15:59 - INFO - New node added : h(h(2024-12-17 15:32 - INFO - New node added : h(1))h(2024-12-17 15:32 - INFO - New node added : h(2)))
2024-12-17 15:59 - INFO - New node added : h(h(2024-12-17 15:32 - INFO - New node added : h(3))h(2024-12-17 15:32 - INFO - New node added : h(3)))
2024-12-17 15:59 - INFO - New node added : h(h(h(2024-12-17 15:32 - INFO - New node added : h(1))h(2024-12-17 15:32 - INFO - New node added : h(2)))h(h(2024-12-17 15:32 - INFO - New node added : h(3))h(2024-12-17 15:32 - INFO - New node added : h(3))))
2024-12-17 15:59 - INFO - New node added : h(h(h(h(2024-12-17 15:30 - WARNING - New file received :)h(2024-12-17 15:32 - INFO - New file received : example.txt))h(h(2024-12-17 15:32 - INFO - Creation of a new Merkle Tree)h(2024-12-17 15:32 - INFO - Creation of a new Merkle Tree)))h(h(h(2024-12-17 15:32 - INFO - New node added : h(1))h(2024-12-17 15:32 - INFO - New node added : h(2)))h(h(2024-12-17 15:32 - INFO - New node added : h(3))h(2024-12-17 15:32 - INFO - New node added : h(3)))))
2024-12-17 15:59 - INFO - Root Hash asked for Merkle Tree
2024-12-17 15:59 - INFO - Full Merkle Tree scheme asked
2024-12-17 16:00 - INFO - New file received : example.txt
2024-12-17 16:00 - INFO - Creation of a new Merkle Tree
2024-12-17 16:00 - INFO - New node added : h(1)
2024-12-17 16:00 - INFO - New node added : h(2)
2024-12-17 16:00 - INFO - New node added : h(3)
2024-12-17 16:00 - INFO - New node added : h(4)
2024-12-17 16:00 - INFO - New node added : h(5)
2024-12-17 16:00 - INFO - New node added : h(6)
2024-12-17 16:00 - INFO - New node added : h(7)
2024-12-17 16:00 - INFO - New node added : h(7)
2024-12-17 16:00 - INFO - New node added : h(h(1)h(2))
2024-12-17 16:00 - INFO - New node added : h(h(3)h(4))
2024-12-17 16:00 - INFO - New node added : h(h(h(1)h(2))h(h(3)h(4)))
2024-12-17 16:00 - INFO - New node added : h(h(5)h(6))
2024-12-17 16:00 - INFO - New node added : h(h(7)h(7))
2024-12-17 16:00 - INFO - New node added : h(h(h(5)h(6))h(h(7)h(7)))
2024-12-17 16:00 - INFO - New node added : h(h(h(h(1)h(2))h(h(3)h(4)))h(h(h(5)h(6))h(h(7)h(7))))
2024-12-17 16:00 - INFO - Root Hash asked for Merkle Tree
2024-12-17 16:00 - INFO - Full Merkle Tree scheme asked
2024-12-17 16:01 - INFO - New file received : example.txt
2024-12-17 16:01 - INFO - Creation of a new Merkle Tree
2024-12-17 16:01 - INFO - New node added : h(1)
2024-12-17 16:01 - INFO - New node added : h(2)
2024-12-17 16:01 - INFO - New node added : h(3)
2024-12-17 16:01 - INFO - New node added : h(4)
2024-12-17 16:01 - INFO - New node added : h(5)
2024-12-17 16:01 - INFO - New node added : h(6)
2024-12-17 16:01 - INFO - New node added : h(7)
2024-12-17 16:01 - INFO - New node added : h(7)
2024-12-17 16:01 - INFO - New node added : h(h(1)h(2))
2024-12-17 16:01 - INFO - New node added : h(h(3)h(4))
2024-12-17 16:01 - INFO - New node added : h(h(h(1)h(2))h(h(3)h(4)))
2024-12-17 16:01 - INFO - New node added : h(h(5)h(6))
2024-12-17 16:01 - INFO - New node added : h(h(7)h(7))
2024-12-17 16:01 - INFO - New node added : h(h(h(5)h(6))h(h(7)h(7)))
2024-12-17 16:01 - INFO - New node added : h(h(h(h(1)h(2))h(h(3)h(4)))h(h(h(5)h(6))h(h(7)h(7))))
2024-12-17 16:01 - INFO - Root Hash asked for Merkle Tree
2024-12-17 16:01 - INFO - Full Merkle Tree scheme asked
2024-12-17 16:01 - INFO - New file received : example.txt
2024-12-17 16:01 - INFO - Creation of a new Merkle Tree
2024-12-17 16:01 - INFO - New node added : h(1)
2024-12-17 16:01 - INFO - New node added : h(2)
2024-12-17 16:01 - INFO - New node added : h(3)
2024-12-17 16:01 - INFO - New node added : h(4)
2024-12-17 16:01 - INFO - New node added : h(5)
2024-12-17 16:01 - INFO - New node added : h(6)
2024-12-17 16:01 - INFO - New node added : h(7)
2024-12-17 16:01 - INFO - New node added : h(7)
2024-12-17 16:01 - INFO - New node added : h(h(1)h(2))
2024-12-17 16:01 - INFO - New node added : h(h(3)h(4))
2024-12-17 16:01 - INFO - New node added : h(h(h(1)h(2))h(h(3)h(4)))
2024-12-17 16:01 - INFO - New node added : h(h(5)h(6))
2024-12-17 16:01 - INFO - New node added : h(h(7)h(7))
2024-12-17 16:01 - INFO - New node added : h(h(h(5)h(6))h(h(7)h(7)))
2024-12-17 16:01 - INFO - New node added : h(h(h(h(1)h(2))h(h(3)h(4)))h(h(h(5)h(6))h(h(7)h(7))))
2024-12-17 16:01 - INFO - Root Hash asked for Merkle Tree
2024-12-17 16:01 - INFO - Full Merkle Tree scheme asked
2024-12-17 16:02 - INFO - New file received : example.txt
2024-12-17 16:02 - INFO - Creation of a new Merkle Tree
2024-12-17 16:02 - INFO - New node added : h(1)
2024-12-17 16:02 - INFO - New node added : h(2)
2024-12-17 16:02 - INFO - New node added : h(3)
2024-12-17 16:02 - INFO - New node added : h(4)
2024-12-17 16:02 - INFO - New node added : h(5)
2024-12-17 16:02 - INFO - New node added : h(6)
2024-12-17 16:02 - INFO - New node added : h(7)
2024-12-17 16:02 - INFO - New node added : h(7)
2024-12-17 16:02 - INFO - New node added : h(h(1)h(2))
2024-12-17 16:02 - INFO - New node added : h(h(3)h(4))
2024-12-17 16:02 - INFO - New node added : h(h(h(1)h(2))h(h(3)h(4)))
2024-12-17 16:02 - INFO - New node added : h(h(5)h(6))
2024-12-17 16:02 - INFO - New node added : h(h(7)h(7))
2024-12-17 16:02 - INFO - New node added : h(h(h(5)h(6))h(h(7)h(7)))
2024-12-17 16:02 - INFO - New node added : h(h(h(h(1)h(2))h(h(3)h(4)))h(h(h(5)h(6))h(h(7)h(7))))
2024-12-17 16:02 - INFO - Root Hash asked for Merkle Tree
2024-12-17 16:02 - INFO - Full Merkle Tree scheme asked
2024-12-17 16:03 - INFO - New file received : example.txt
2024-12-17 16:03 - INFO - Creation of a new Merkle Tree
2024-12-17 16:03 - INFO - New node added : h(1)
2024-12-17 16:03 - INFO - New node added : h(2)
2024-12-17 16:03 - INFO - New node added : h(3)
2024-12-17 16:03 - INFO - New node added : h(4)
2024-12-17 16:03 - INFO - New node added : h(5)
2024-12-17 16:03 - INFO - New node added : h(6)
2024-12-17 16:03 - INFO - New node added : h(7)
2024-12-17 16:03 - INFO - New node added : h(7)
2024-12-17 16:03 - INFO - New node added : h(h(1)h(2))
2024-12-17 16:03 - INFO - New node added : h(h(3)h(4))
2024-12-17 16:03 - INFO - New node added : h(h(h(1)h(2))h(h(3)h(4)))
2024-12-17 16:03 - INFO - New node added : h(h(5)h(6))
2024-12-17 16:03 - INFO - New node added : h(h(7)h(7))
2024-12-17 16:03 - INFO - New node added : h(h(h(5)h(6))h(h(7)h(7)))
2024-12-17 16:03 - INFO - New node added : h(h(h(h(1)h(2))h(h(3)h(4)))h(h(h(5)h(6))h(h(7)h(7))))
2024-12-17 16:03 - INFO - Root Hash asked for Merkle Tree
2024-12-17 16:03 - INFO - Full Merkle Tree scheme asked
2024-12-17 16:12 - INFO - New file received : example.txt
2024-12-17 16:12 - INFO - Creation of a new Merkle Tree
2024-12-17 16:12 - INFO - New node added : h(1)
2024-12-17 16:12 - INFO - New node added : h(2)
2024-12-17 16:12 - INFO - New node added : h(3)
2024-12-17 16:12 - INFO - New node added : h(4)
2024-12-17 16:12 - INFO - New node added : h(5)
2024-12-17 16:12 - INFO - New node added : h(6)
2024-12-17 16:12 - INFO - New node added : h()
2024-12-17 16:12 - INFO - New node added : h()
2024-12-17 16:12 - INFO - New node added : h(h(1)h(2))
2024-12-17 16:12 - INFO - New node added : h(h(3)h(4))
2024-12-17 16:12 - INFO - New node added : h(h(h(1)h(2))h(h(3)h(4)))
2024-12-17 16:12 - INFO - New node added : h(h(5)h(6))
2024-12-17 16:12 - INFO - New node added : h(h()h())
2024-12-17 16:12 - INFO - New node added : h(h(h(5)h(6))h(h()h()))
2024-12-17 16:12 - INFO - New node added : h(h(h(h(1)h(2))h(h(3)h(4)))h(h(h(5)h(6))h(h()h())))
2024-12-17 16:12 - INFO - Root Hash asked for Merkle Tree
2024-12-17 16:12 - INFO - Full Merkle Tree scheme asked
2024-12-17 16:13 - INFO - New file received : example.txt
2024-12-17 16:13 - INFO - Creation of a new Merkle Tree
2024-12-17 16:13 - INFO - New node added : h(1)
2024-12-17 16:13 - INFO - New node added : h(2)
2024-12-17 16:13 - INFO - New node added : h(3)
2024-12-17 16:13 - INFO - New node added : h(4)
2024-12-17 16:13 - INFO - New node added : h(5)
2024-12-17 16:13 - INFO - New node added : h()
2024-12-17 16:13 - INFO - New node added : h()
2024-12-17 16:13 - INFO - New node added : h()
2024-12-17 16:13 - INFO - New node added : h(h(1)h(2))
2024-12-17 16:13 - INFO - New node added : h(h(3)h(4))
2024-12-17 16:13 - INFO - New node added : h(h(h(1)h(2))h(h(3)h(4)))
2024-12-17 16:13 - INFO - New node added : h(h(5)h())
2024-12-17 16:13 - INFO - New node added : h(h()h())
2024-12-17 16:13 - INFO - New node added : h(h(h(5)h())h(h()h()))
2024-12-17 16:13 - INFO - New node added : h(h(h(h(1)h(2))h(h(3)h(4)))h(h(h(5)h())h(h()h())))
2024-12-17 16:13 - INFO - Root Hash asked for Merkle Tree
2024-12-17 16:13 - INFO - Full Merkle Tree scheme asked
2024-12-17 16:14 - INFO - New file received : example.txt
2024-12-17 16:14 - INFO - Creation of a new Merkle Tree
2024-12-17 16:14 - INFO - New node added : h(1)
2024-12-17 16:14 - INFO - New node added : h(2)
2024-12-17 16:14 - INFO - New node added : h(3)
2024-12-17 16:14 - INFO - New node added : h(4)
2024-12-17 16:14 - INFO - New node added : h(5)
2024-12-17 16:14 - INFO - New node added : h()
2024-12-17 16:14 - INFO - New node added : h()
2024-12-17 16:14 - INFO - New node added : h()
2024-12-17 16:14 - INFO - New node added : h(h(1)h(2))
2024-12-17 16:14 - INFO - New node added : h(h(3)h(4))
2024-12-17 16:14 - INFO - New node added : h(h(h(1)h(2))h(h(3)h(4)))
2024-12-17 16:14 - INFO - New node added : h(h(5)h())
2024-12-17 16:14 - INFO - New node added : h(h()h())
2024-12-17 16:14 - INFO - New node added : h(h(h(5)h())h(h()h()))
2024-12-17 16:14 - INFO - New node added : h(h(h(h(1)h(2))h(h(3)h(4)))h(h(h(5)h())h(h()h())))
2024-12-17 16:14 - INFO - Root Hash asked for Merkle Tree
2024-12-17 16:14 - INFO - Full Merkle Tree scheme asked
2024-12-17 16:15 - INFO - New file received : example.txt
2024-12-17 16:15 - INFO - Creation of a new Merkle Tree
2024-12-17 16:15 - INFO - New node added : h(1)
2024-12-17 16:15 - INFO - New node added : h(2)
2024-12-17 16:15 - INFO - New node added : h(3)
2024-12-17 16:15 - INFO - New node added : h(4)
2024-12-17 16:15 - INFO - New node added : h(5)
2024-12-17 16:15 - INFO - New node added : h(5)
2024-12-17 16:15 - INFO - New node added : h(3)
2024-12-17 16:15 - INFO - New node added : h(h(1)h(2))
2024-12-17 16:15 - INFO - New node added : h(h(3)h(3))
2024-12-17 16:15 - INFO - New node added : h(h(h(1)h(2))h(h(3)h(3)))
2024-12-17 16:15 - INFO - New node added : h(5)
2024-12-17 16:15 - INFO - New node added : h(h(4)h(5))
2024-12-17 16:15 - INFO - New node added : h(h(5)h(5))
2024-12-17 16:15 - INFO - New node added : h(h(h(4)h(5))h(h(5)h(5)))
2024-12-17 16:15 - INFO - New node added : h(h(h(h(1)h(2))h(h(3)h(3)))h(h(h(4)h(5))h(h(5)h(5))))
2024-12-17 16:15 - INFO - Root Hash asked for Merkle Tree
2024-12-17 16:15 - INFO - Full Merkle Tree scheme asked
2024-12-17 16:16 - INFO - New file received : example.txt
2024-12-17 16:16 - INFO - Creation of a new Merkle Tree
2024-12-17 16:16 - INFO - New node added : h(1)
2024-12-17 16:16 - INFO - New node added : h(2)
2024-12-17 16:16 - INFO - New node added : h(3)
2024-12-17 16:16 - INFO - New node added : h(4)
2024-12-17 16:16 - INFO - New node added : h(5)
2024-12-17 16:16 - INFO - New node added : h(5)
2024-12-17 16:16 - INFO - New node added : h(3)
2024-12-17 16:16 - INFO - New node added : h(h(1)h(2))
2024-12-17 16:16 - INFO - New node added : h(h(3)h(3))
2024-12-17 16:16 - INFO - New node added : h(h(h(1)h(2))h(h(3)h(3)))
2024-12-17 16:16 - INFO - New node added : h(5)
2024-12-17 16:16 - INFO - New node added : h(h(4)h(5))
2024-12-17 16:16 - INFO - New node added : h(h(5)h(5))
2024-12-17 16:16 - INFO - New node added : h(h(h(4)h(5))h(h(5)h(5)))
2024-12-17 16:16 - INFO - New node added : h(h(h(h(1)h(2))h(h(3)h(3)))h(h(h(4)h(5))h(h(5)h(5))))
2024-12-17 16:16 - INFO - Root Hash asked for Merkle Tree
2024-12-17 16:16 - INFO - Full Merkle Tree scheme asked
2024-12-17 16:23 - INFO - New file received : example.txt
2024-12-17 16:23 - INFO - Creation of a new Merkle Tree
2024-12-17 16:23 - INFO - New node added : h(1)
2024-12-17 16:23 - INFO - New node added : h(2)
2024-12-17 16:23 - INFO - New node added : h(3)
2024-12-17 16:23 - INFO - New node added : h(4)
2024-12-17 16:23 - INFO - New node added : h(5)
2024-12-17 16:23 - INFO - New node added : h(h(1)h(2))
2024-12-17 16:23 - INFO - New node added : h(h(3)h(4))
2024-12-17 16:23 - INFO - New node added : h(h(5))
2024-12-17 16:23 - INFO - New node added : h(h(h(1)h(2))h(h(3)h(4)))
2024-12-17 16:23 - INFO - New node added : h(h(h(5)))
2024-12-17 16:23 - INFO - New node added : h(h(h(h(1)h(2))h(h(3)h(4)))h(h(h(5))))
2024-12-17 16:23 - INFO - Root Hash asked for Merkle Tree
2024-12-17 16:23 - INFO - Full Merkle Tree scheme asked
2024-12-17 16:24 - INFO - New file received : example.txt
2024-12-17 16:24 - INFO - Creation of a new Merkle Tree
2024-12-17 16:24 - INFO - New node added : h(1)
2024-12-17 16:24 - INFO - New node added : h(2)
2024-12-17 16:24 - INFO - New node added : h(3)
2024-12-17 16:24 - INFO - New node added : h(4)
2024-12-17 16:24 - INFO - New node added : h(5)
2024-12-17 16:24 - INFO - New node added : h(h(1)h(2))
2024-12-17 16:24 - INFO - New node added : h(h(3)h(4))
2024-12-17 16:24 - INFO - New node added : h(h(5))
2024-12-17 16:24 - INFO - New node added : h(h(h(1)h(2))h(h(3)h(4)))
2024-12-17 16:24 - INFO - New node added : h(h(h(5)))
2024-12-17 16:24 - INFO - New node added : h(h(h(h(1)h(2))h(h(3)h(4)))h(h(h(5))))
2024-12-17 16:24 - INFO - Root Hash asked for Merkle Tree
2024-12-17 16:24 - INFO - Full Merkle Tree scheme asked
2024-12-17 16:37 - INFO - New file received : example.txt
2024-12-17 16:37 - INFO - Creation of a new Merkle Tree
2024-12-17 16:37 - INFO - New node added : h(1)
2024-12-17 16:37 - INFO - New node added : h(2)
2024-12-17 16:37 - INFO - New node added : h(3)
2024-12-17 16:37 - INFO - New node added : h(4)
2024-12-17 16:37 - INFO - New node added : h(5)
2024-12-17 16:37 - INFO - New node added : h(h(1)h(2))
2024-12-17 16:37 - INFO - New node added : h(h(3)h(4))
2024-12-17 16:37 - INFO - New node added : h(h(5))
2024-12-17 16:37 - INFO - New node added : h(h(h(1)h(2))h(h(3)h(4)))
2024-12-17 16:37 - INFO - New node added : h(h(h(5)))
2024-12-17 16:37 - INFO - New node added : h(h(h(h(1)h(2))h(h(3)h(4)))h(h(h(5))))
2024-12-17 16:37 - INFO - Root Hash asked for Merkle Tree
2024-12-17 16:37 - INFO - Full Merkle Tree scheme asked
2024-12-17 16:37 - INFO - Adding new value to Merkle Tree: 6
2024-12-17 16:37 - INFO - New node added : h(1)
2024-12-17 16:37 - INFO - New node added : h(2)
2024-12-17 16:37 - INFO - New node added : h(3)
2024-12-17 16:37 - INFO - New node added : h(4)
2024-12-17 16:37 - INFO - New node added : h(5)
2024-12-17 16:37 - INFO - New node added : h(6)
2024-12-17 16:37 - INFO - New node added : h(h(1)h(2))
2024-12-17 16:37 - INFO - New node added : h(h(3)h(4))
2024-12-17 16:37 - INFO - New node added : h(h(5)h(6))
2024-12-17 16:37 - INFO - New node added : h(h(h(1)h(2))h(h(3)h(4)))
2024-12-17 16:37 - INFO - New node added : h(h(h(5)h(6)))
2024-12-17 16:37 - INFO - New node added : h(h(h(h(1)h(2))h(h(3)h(4)))h(h(h(5)h(6))))
2024-12-17 16:37 - INFO - Root Hash asked for Merkle Tree
2024-12-17 16:43 - INFO - New file received : example.txt
2024-12-17 16:43 - INFO - Creation of a new Merkle Tree
2024-12-17 16:43 - INFO - New node added : h(1)
2024-12-17 16:43 - INFO - New node added : h(2)
2024-12-17 16:43 - INFO - New node added : h(3)
2024-12-17 16:43 - INFO - New node added : h(4)
2024-12-17 16:43 - INFO - New node added : h(5)
2024-12-17 16:43 - INFO - New node added : h(h(1)h(2))
2024-12-17 16:43 - INFO - New node added : h(h(3)h(4))
2024-12-17 16:43 - INFO - New node added : h(h(5))
2024-12-17 16:43 - INFO - New node added : h(h(h(1)h(2))h(h(3)h(4)))
2024-12-17 16:43 - INFO - New node added : h(h(h(5)))
2024-12-17 16:43 - INFO - New node added : h(h(h(h(1)h(2))h(h(3)h(4)))h(h(h(5))))
2024-12-17 16:43 - INFO - Root Hash asked for Merkle Tree
2024-12-17 16:43 - INFO - Full Merkle Tree scheme asked
2024-12-17 16:43 - INFO - Adding new value to Merkle Tree: 6
2024-12-17 16:43 - INFO - New node added : h(1)
2024-12-17 16:43 - INFO - New node added : h(2)
2024-12-17 16:43 - INFO - New node added : h(3)
2024-12-17 16:43 - INFO - New node added : h(4)
2024-12-17 16:43 - INFO - New node added : h(5)
2024-12-17 16:43 - INFO - New node added : h(6)
2024-12-17 16:43 - INFO - New node added : h(h(1)h(2))
2024-12-17 16:43 - INFO - New node added : h(h(3)h(4))
2024-12-17 16:43 - INFO - New node added : h(h(5)h(6))
2024-12-17 16:43 - INFO - New node added : h(h(h(1)h(2))h(h(3)h(4)))
2024-12-17 16:43 - INFO - New node added : h(h(h(5)h(6)))
2024-12-17 16:43 - INFO - New node added : h(h(h(h(1)h(2))h(h(3)h(4)))h(h(h(5)h(6))))
2024-12-17 16:43 - INFO - Root Hash asked for Merkle Tree
2024-12-17 16:43 - INFO - Adding new value to Merkle Tree: 7
2024-12-17 16:43 - INFO - New node added : h(1)
2024-12-17 16:43 - INFO - New node added : h(2)
2024-12-17 16:43 - INFO - New node added : h(3)
2024-12-17 16:43 - INFO - New node added : h(4)
2024-12-17 16:43 - INFO - New node added : h(5)
2024-12-17 16:43 - INFO - New node added : h(6)
2024-12-17 16:43 - INFO - New node added : h(7)
2024-12-17 16:43 - INFO - New node added : h(h(1)h(2))
2024-12-17 16:43 - INFO - New node added : h(h(3)h(4))
2024-12-17 16:43 - INFO - New node added : h(h(5)h(6))
2024-12-17 16:43 - INFO - New node added : h(h(7))
2024-12-17 16:43 - INFO - New node added : h(h(h(1)h(2))h(h(3)h(4)))
2024-12-17 16:43 - INFO - New node added : h(h(h(5)h(6))h(h(7)))
2024-12-17 16:43 - INFO - New node added : h(h(h(h(1)h(2))h(h(3)h(4)))h(h(h(5)h(6))h(h(7))))
2024-12-17 16:43 - INFO - Root Hash asked for Merkle Tree
2024-12-17 16:43 - INFO - Adding new value to Merkle Tree: 8
2024-12-17 16:43 - INFO - New node added : h(1)
2024-12-17 16:43 - INFO - New node added : h(2)
2024-12-17 16:43 - INFO - New node added : h(3)
2024-12-17 16:43 - INFO - New node added : h(4)
2024-12-17 16:43 - INFO - New node added : h(5)
2024-12-17 16:43 - INFO - New node added : h(6)
2024-12-17 16:43 - INFO - New node added : h(7)
2024-12-17 16:43 - INFO - New node added : h(8)
2024-12-17 16:43 - INFO - New node added : h(h(1)h(2))
2024-12-17 16:43 - INFO - New node added : h(h(3)h(4))
2024-12-17 16:43 - INFO - New node added : h(h(5)h(6))
2024-12-17 16:43 - INFO - New node added : h(h(7)h(8))
2024-12-17 16:43 - INFO - New node added : h(h(h(1)h(2))h(h(3)h(4)))
2024-12-17 16:43 - INFO - New node added : h(h(h(5)h(6))h(h(7)h(8)))
2024-12-17 16:43 - INFO - New node added : h(h(h(h(1)h(2))h(h(3)h(4)))h(h(h(5)h(6))h(h(7)h(8))))
2024-12-17 16:43 - INFO - Root Hash asked for Merkle Tree
2024-12-17 16:43 - INFO - Adding new value to Merkle Tree: 9
2024-12-17 16:43 - INFO - New node added : h(1)
2024-12-17 16:43 - INFO - New node added : h(2)
2024-12-17 16:43 - INFO - New node added : h(3)
2024-12-17 16:43 - INFO - New node added : h(4)
2024-12-17 16:43 - INFO - New node added : h(5)
2024-12-17 16:43 - INFO - New node added : h(6)
2024-12-17 16:43 - INFO - New node added : h(7)
2024-12-17 16:43 - INFO - New node added : h(8)
2024-12-17 16:43 - INFO - New node added : h(9)
2024-12-17 16:43 - INFO - New node added : h(h(1)h(2))
2024-12-17 16:43 - INFO - New node added : h(h(3)h(4))
2024-12-17 16:43 - INFO - New node added : h(h(5)h(6))
2024-12-17 16:43 - INFO - New node added : h(h(7)h(8))
2024-12-17 16:43 - INFO - New node added : h(h(9))
2024-12-17 16:43 - INFO - New node added : h(h(h(1)h(2))h(h(3)h(4)))
2024-12-17 16:43 - INFO - New node added : h(h(h(5)h(6))h(h(7)h(8)))
2024-12-17 16:43 - INFO - New node added : h(h(h(9)))
2024-12-17 16:43 - INFO - New node added : h(h(h(h(1)h(2))h(h(3)h(4)))h(h(h(5)h(6))h(h(7)h(8))))
2024-12-17 16:43 - INFO - New node added : h(h(h(h(9))))
2024-12-17 16:43 - INFO - New node added : h(h(h(h(h(1)h(2))h(h(3)h(4)))h(h(h(5)h(6))h(h(7)h(8))))h(h(h(h(9)))))
2024-12-17 16:43 - INFO - Root Hash asked for Merkle Tree
2024-12-17 16:46 - INFO - New file received : example.txt
2024-12-17 16:46 - INFO - Creation of a new Merkle Tree
2024-12-17 16:46 - INFO - New node added : h(1)
2024-12-17 16:46 - INFO - New node added : h(2)
2024-12-17 16:46 - INFO - New node added : h(3)
2024-12-17 16:46 - INFO - New node added : h(4)
2024-12-17 16:46 - INFO - New node added : h(5)
2024-12-17 16:46 - INFO - New node added : h(h(1)h(2))
2024-12-17 16:46 - INFO - New node added : h(h(3)h(4))
2024-12-17 16:46 - INFO - New node added : h(h(5))
2024-12-17 16:46 - INFO - New node added : h(h(h(1)h(2))h(h(3)h(4)))
2024-12-17 16:46 - INFO - New node added : h(h(h(5)))
2024-12-17 16:46 - INFO - New node added : h(h(h(h(1)h(2))h(h(3)h(4)))h(h(h(5))))
2024-12-17 16:46 - INFO - Root Hash asked for Merkle Tree
2024-12-17 16:46 - INFO - Full Merkle Tree scheme asked
2024-12-17 16:46 - INFO - Adding new value to Merkle Tree: 6
2024-12-17 16:46 - INFO - New node added : h(1)
2024-12-17 16:46 - INFO - New node added : h(2)
2024-12-17 16:46 - INFO - New node added : h(3)
2024-12-17 16:46 - INFO - New node added : h(4)
2024-12-17 16:46 - INFO - New node added : h(5)
2024-12-17 16:46 - INFO - New node added : h(6)
2024-12-17 16:46 - INFO - New node added : h(h(1)h(2))
2024-12-17 16:46 - INFO - New node added : h(h(3)h(4))
2024-12-17 16:46 - INFO - New node added : h(h(5)h(6))
2024-12-17 16:46 - INFO - New node added : h(h(h(1)h(2))h(h(3)h(4)))
2024-12-17 16:46 - INFO - New node added : h(h(h(5)h(6)))
2024-12-17 16:46 - INFO - New node added : h(h(h(h(1)h(2))h(h(3)h(4)))h(h(h(5)h(6))))
2024-12-17 16:46 - INFO - Root Hash asked for Merkle Tree
2024-12-17 16:46 - INFO - Adding new value to Merkle Tree: 7
2024-12-17 16:46 - INFO - New node added : h(1)
2024-12-17 16:46 - INFO - New node added : h(2)
2024-12-17 16:46 - INFO - New node added : h(3)
2024-12-17 16:46 - INFO - New node added : h(4)
2024-12-17 16:46 - INFO - New node added : h(5)
2024-12-17 16:46 - INFO - New node added : h(6)
2024-12-17 16:46 - INFO - New node added : h(7)
2024-12-17 16:46 - INFO - New node added : h(h(1)h(2))
2024-12-17 16:46 - INFO - New node added : h(h(3)h(4))
2024-12-17 16:46 - INFO - New node added : h(h(5)h(6))
2024-12-17 16:46 - INFO - New node added : h(h(7))
2024-12-17 16:46 - INFO - New node added : h(h(h(1)h(2))h(h(3)h(4)))
2024-12-17 16:46 - INFO - New node added : h(h(h(5)h(6))h(h(7)))
2024-12-17 16:46 - INFO - New node added : h(h(h(h(1)h(2))h(h(3)h(4)))h(h(h(5)h(6))h(h(7))))
2024-12-17 16:46 - INFO - Root Hash asked for Merkle Tree
2024-12-17 16:46 - INFO - Adding new value to Merkle Tree: 8 | 9
2024-12-17 16:46 - INFO - Adding new value to Merkle Tree: 8
2024-12-17 16:46 - INFO - New node added : h(1)
2024-12-17 16:46 - INFO - New node added : h(2)
2024-12-17 16:46 - INFO - New node added : h(3)
2024-12-17 16:46 - INFO - New node added : h(4)
2024-12-17 16:46 - INFO - New node added : h(5)
2024-12-17 16:46 - INFO - New node added : h(6)
2024-12-17 16:46 - INFO - New node added : h(7)
2024-12-17 16:46 - INFO - New node added : h(8)
2024-12-17 16:46 - INFO - New node added : h(h(1)h(2))
2024-12-17 16:46 - INFO - New node added : h(h(3)h(4))
2024-12-17 16:46 - INFO - New node added : h(h(5)h(6))
2024-12-17 16:46 - INFO - New node added : h(h(7)h(8))
2024-12-17 16:46 - INFO - New node added : h(h(h(1)h(2))h(h(3)h(4)))
2024-12-17 16:46 - INFO - New node added : h(h(h(5)h(6))h(h(7)h(8)))
2024-12-17 16:46 - INFO - New node added : h(h(h(h(1)h(2))h(h(3)h(4)))h(h(h(5)h(6))h(h(7)h(8))))
2024-12-17 16:46 - INFO - Adding new value to Merkle Tree: 9
2024-12-17 16:46 - INFO - New node added : h(1)
2024-12-17 16:46 - INFO - New node added : h(2)
2024-12-17 16:46 - INFO - New node added : h(3)
2024-12-17 16:46 - INFO - New node added : h(4)
2024-12-17 16:46 - INFO - New node added : h(5)
2024-12-17 16:46 - INFO - New node added : h(6)
2024-12-17 16:46 - INFO - New node added : h(7)
2024-12-17 16:46 - INFO - New node added : h(8)
2024-12-17 16:46 - INFO - New node added : h(9)
2024-12-17 16:46 - INFO - New node added : h(h(1)h(2))
2024-12-17 16:46 - INFO - New node added : h(h(3)h(4))
2024-12-17 16:46 - INFO - New node added : h(h(5)h(6))
2024-12-17 16:46 - INFO - New node added : h(h(7)h(8))
2024-12-17 16:46 - INFO - New node added : h(h(9))
2024-12-17 16:46 - INFO - New node added : h(h(h(1)h(2))h(h(3)h(4)))
2024-12-17 16:46 - INFO - New node added : h(h(h(5)h(6))h(h(7)h(8)))
2024-12-17 16:46 - INFO - New node added : h(h(h(9)))
2024-12-17 16:46 - INFO - New node added : h(h(h(h(1)h(2))h(h(3)h(4)))h(h(h(5)h(6))h(h(7)h(8))))
2024-12-17 16:46 - INFO - New node added : h(h(h(h(9))))
2024-12-17 16:46 - INFO - New node added : h(h(h(h(h(1)h(2))h(h(3)h(4)))h(h(h(5)h(6))h(h(7)h(8))))h(h(h(h(9)))))
2024-12-17 16:46 - INFO - New node added : h(1)
2024-12-17 16:46 - INFO - New node added : h(2)
2024-12-17 16:46 - INFO - New node added : h(3)
2024-12-17 16:46 - INFO - New node added : h(4)
2024-12-17 16:46 - INFO - New node added : h(5)
2024-12-17 16:46 - INFO - New node added : h(6)
2024-12-17 16:46 - INFO - New node added : h(7)
2024-12-17 16:46 - INFO - New node added : h(8)
2024-12-17 16:46 - INFO - New node added : h(9)
2024-12-17 16:46 - INFO - New node added : h(h(1)h(2))
2024-12-17 16:46 - INFO - New node added : h(h(3)h(4))
2024-12-17 16:46 - INFO - New node added : h(h(5)h(6))
2024-12-17 16:46 - INFO - New node added : h(h(7)h(8))
2024-12-17 16:46 - INFO - New node added : h(h(9))
2024-12-17 16:46 - INFO - New node added : h(h(h(1)h(2))h(h(3)h(4)))
2024-12-17 16:46 - INFO - New node added : h(h(h(5)h(6))h(h(7)h(8)))
2024-12-17 16:46 - INFO - New node added : h(h(h(9)))
2024-12-17 16:46 - INFO - New node added : h(h(h(h(1)h(2))h(h(3)h(4)))h(h(h(5)h(6))h(h(7)h(8))))
2024-12-17 16:46 - INFO - New node added : h(h(h(h(9))))
2024-12-17 16:46 - INFO - New node added : h(h(h(h(h(1)h(2))h(h(3)h(4)))h(h(h(5)h(6))h(h(7)h(8))))h(h(h(h(9)))))
2024-12-17 16:46 - INFO - Root Hash asked for Merkle Tree
2024-12-18 10:47 - INFO - New file received : example.txt
2024-12-18 10:47 - INFO - Creation of a new Merkle Tree
2024-12-18 10:47 - INFO - New node added : h(1)
2024-12-18 10:47 - INFO - New node added : h(2)
2024-12-18 10:47 - INFO - New node added : h(3)
2024-12-18 10:47 - INFO - New node added : h(4)
2024-12-18 10:47 - INFO - New node added : h(5)
2024-12-18 10:47 - INFO - New node added : h(6)
2024-12-18 10:47 - INFO - New node added : h(7)
2024-12-18 10:47 - INFO - New node added : h(8)
2024-12-18 10:47 - INFO - New node added : h(h(1)h(2))
2024-12-18 10:47 - INFO - New node added : h(h(3)h(4))
2024-12-18 10:47 - INFO - New node added : h(h(5)h(6))
2024-12-18 10:47 - INFO - New node added : h(h(7)h(8))
2024-12-18 10:47 - INFO - New node added : h(h(h(1)h(2))h(h(3)h(4)))
2024-12-18 10:47 - INFO - New node added : h(h(h(5)h(6))h(h(7)h(8)))
2024-12-18 10:47 - INFO - New node added : h(h(h(h(1)h(2))h(h(3)h(4)))h(h(h(5)h(6))h(h(7)h(8))))
2024-12-18 10:47 - INFO - Root Hash asked for Merkle Tree
2024-12-18 10:47 - INFO - Full Merkle Tree scheme asked
2024-12-18 10:47 - INFO - Adding new value to Merkle Tree: 6
2024-12-18 10:47 - INFO - New node added : h(1)
2024-12-18 10:47 - INFO - New node added : h(2)
2024-12-18 10:47 - INFO - New node added : h(3)
2024-12-18 10:47 - INFO - New node added : h(4)
2024-12-18 10:47 - INFO - New node added : h(5)
2024-12-18 10:47 - INFO - New node added : h(6)
2024-12-18 10:47 - INFO - New node added : h(7)
2024-12-18 10:47 - INFO - New node added : h(8)
2024-12-18 10:47 - INFO - New node added : h(6)
2024-12-18 10:47 - INFO - New node added : h(h(1)h(2))
2024-12-18 10:47 - INFO - New node added : h(h(3)h(4))
2024-12-18 10:47 - INFO - New node added : h(h(5)h(6))
2024-12-18 10:47 - INFO - New node added : h(h(7)h(8))
2024-12-18 10:47 - INFO - New node added : h(h(6))
2024-12-18 10:47 - INFO - New node added : h(h(h(1)h(2))h(h(3)h(4)))
2024-12-18 10:47 - INFO - New node added : h(h(h(5)h(6))h(h(7)h(8)))
2024-12-18 10:47 - INFO - New node added : h(h(h(6)))
2024-12-18 10:47 - INFO - New node added : h(h(h(h(1)h(2))h(h(3)h(4)))h(h(h(5)h(6))h(h(7)h(8))))
2024-12-18 10:47 - INFO - New node added : h(h(h(h(6))))
2024-12-18 10:47 - INFO - New node added : h(h(h(h(h(1)h(2))h(h(3)h(4)))h(h(h(5)h(6))h(h(7)h(8))))h(h(h(h(6)))))
2024-12-18 10:47 - INFO - Root Hash asked for Merkle Tree
2024-12-18 10:47 - INFO - Adding new value to Merkle Tree: 7
2024-12-18 10:47 - INFO - New node added : h(1)
2024-12-18 10:47 - INFO - New node added : h(2)
2024-12-18 10:47 - INFO - New node added : h(3)
2024-12-18 10:47 - INFO - New node added : h(4)
2024-12-18 10:47 - INFO - New node added : h(5)
2024-12-18 10:47 - INFO - New node added : h(6)
2024-12-18 10:47 - INFO - New node added : h(7)
2024-12-18 10:47 - INFO - New node added : h(8)
2024-12-18 10:47 - INFO - New node added : h(6)
2024-12-18 10:47 - INFO - New node added : h(7)
2024-12-18 10:47 - INFO - New node added : h(h(1)h(2))
2024-12-18 10:47 - INFO - New node added : h(h(3)h(4))
2024-12-18 10:47 - INFO - New node added : h(h(5)h(6))
2024-12-18 10:47 - INFO - New node added : h(h(7)h(8))
2024-12-18 10:47 - INFO - New node added : h(h(6)h(7))
2024-12-18 10:47 - INFO - New node added : h(h(h(1)h(2))h(h(3)h(4)))
2024-12-18 10:47 - INFO - New node added : h(h(h(5)h(6))h(h(7)h(8)))
2024-12-18 10:47 - INFO - New node added : h(h(h(6)h(7)))
2024-12-18 10:47 - INFO - New node added : h(h(h(h(1)h(2))h(h(3)h(4)))h(h(h(5)h(6))h(h(7)h(8))))
2024-12-18 10:47 - INFO - New node added : h(h(h(h(6)h(7))))
2024-12-18 10:47 - INFO - New node added : h(h(h(h(h(1)h(2))h(h(3)h(4)))h(h(h(5)h(6))h(h(7)h(8))))h(h(h(h(6)h(7)))))
2024-12-18 10:47 - INFO - Root Hash asked for Merkle Tree
2024-12-18 10:47 - INFO - Adding new value to Merkle Tree: 8 | 9
2024-12-18 10:47 - INFO - Adding new value to Merkle Tree: 8
2024-12-18 10:47 - INFO - New node added : h(1)
2024-12-18 10:47 - INFO - New node added : h(2)
2024-12-18 10:47 - INFO - New node added : h(3)
2024-12-18 10:47 - INFO - New node added : h(4)
2024-12-18 10:47 - INFO - New node added : h(5)
2024-12-18 10:47 - INFO - New node added : h(6)
2024-12-18 10:47 - INFO - New node added : h(7)
2024-12-18 10:47 - INFO - New node added : h(8)
2024-12-18 10:47 - INFO - New node added : h(6)
2024-12-18 10:47 - INFO - New node added : h(7)
2024-12-18 10:47 - INFO - New node added : h(8)
2024-12-18 10:47 - INFO - New node added : h(h(1)h(2))
2024-12-18 10:47 - INFO - New node added : h(h(3)h(4))
2024-12-18 10:47 - INFO - New node added : h(h(5)h(6))
2024-12-18 10:47 - INFO - New node added : h(h(7)h(8))
2024-12-18 10:47 - INFO - New node added : h(h(6)h(7))
2024-12-18 10:47 - INFO - New node added : h(h(8))
2024-12-18 10:47 - INFO - New node added : h(h(h(1)h(2))h(h(3)h(4)))
2024-12-18 10:47 - INFO - New node added : h(h(h(5)h(6))h(h(7)h(8)))
2024-12-18 10:47 - INFO - New node added : h(h(h(6)h(7))h(h(8)))
2024-12-18 10:47 - INFO - New node added : h(h(h(h(1)h(2))h(h(3)h(4)))h(h(h(5)h(6))h(h(7)h(8))))
2024-12-18 10:47 - INFO - New node added : h(h(h(h(6)h(7))h(h(8))))
2024-12-18 10:47 - INFO - New node added : h(h(h(h(h(1)h(2))h(h(3)h(4)))h(h(h(5)h(6))h(h(7)h(8))))h(h(h(h(6)h(7))h(h(8)))))
2024-12-18 10:47 - INFO - Adding new value to Merkle Tree: 9
2024-12-18 10:47 - INFO - New node added : h(1)
2024-12-18 10:47 - INFO - New node added : h(2)
2024-12-18 10:47 - INFO - New node added : h(3)
2024-12-18 10:47 - INFO - New node added : h(4)
2024-12-18 10:47 - INFO - New node added : h(5)
2024-12-18 10:47 - INFO - New node added : h(6)
2024-12-18 10:47 - INFO - New node added : h(7)
2024-12-18 10:47 - INFO - New node added : h(8)
2024-12-18 10:47 - INFO - New node added : h(6)
2024-12-18 10:47 - INFO - New node added : h(7)
2024-12-18 10:47 - INFO - New node added : h(8)
2024-12-18 10:47 - INFO - New node added : h(9)
2024-12-18 10:47 - INFO - New node added : h(h(1)h(2))
2024-12-18 10:47 - INFO - New node added : h(h(3)h(4))
2024-12-18 10:47 - INFO - New node added : h(h(5)h(6))
2024-12-18 10:47 - INFO - New node added : h(h(7)h(8))
2024-12-18 10:47 - INFO - New node added : h(h(6)h(7))
2024-12-18 10:47 - INFO - New node added : h(h(8)h(9))
2024-12-18 10:47 - INFO - New node added : h(h(h(1)h(2))h(h(3)h(4)))
2024-12-18 10:47 - INFO - New node added : h(h(h(5)h(6))h(h(7)h(8)))
2024-12-18 10:47 - INFO - New node added : h(h(h(6)h(7))h(h(8)h(9)))
2024-12-18 10:47 - INFO - New node added : h(h(h(h(1)h(2))h(h(3)h(4)))h(h(h(5)h(6))h(h(7)h(8))))
2024-12-18 10:47 - INFO - New node added : h(h(h(h(6)h(7))h(h(8)h(9))))
2024-12-18 10:47 - INFO - New node added : h(h(h(h(h(1)h(2))h(h(3)h(4)))h(h(h(5)h(6))h(h(7)h(8))))h(h(h(h(6)h(7))h(h(8)h(9)))))
2024-12-18 10:47 - INFO - New node added : h(1)
2024-12-18 10:47 - INFO - New node added : h(2)
2024-12-18 10:47 - INFO - New node added : h(3)
2024-12-18 10:47 - INFO - New node added : h(4)
2024-12-18 10:47 - INFO - New node added : h(5)
2024-12-18 10:47 - INFO - New node added : h(6)
2024-12-18 10:47 - INFO - New node added : h(7)
2024-12-18 10:47 - INFO - New node added : h(8)
2024-12-18 10:47 - INFO - New node added : h(6)
2024-12-18 10:47 - INFO - New node added : h(7)
2024-12-18 10:47 - INFO - New node added : h(8)
2024-12-18 10:47 - INFO - New node added : h(9)
2024-12-18 10:47 - INFO - New node added : h(h(1)h(2))
2024-12-18 10:47 - INFO - New node added : h(h(3)h(4))
2024-12-18 10:47 - INFO - New node added : h(h(5)h(6))
2024-12-18 10:47 - INFO - New node added : h(h(7)h(8))
2024-12-18 10:47 - INFO - New node added : h(h(6)h(7))
2024-12-18 10:47 - INFO - New node added : h(h(8)h(9))
2024-12-18 10:47 - INFO - New node added : h(h(h(1)h(2))h(h(3)h(4)))
2024-12-18 10:47 - INFO - New node added : h(h(h(5)h(6))h(h(7)h(8)))
2024-12-18 10:47 - INFO - New node added : h(h(h(6)h(7))h(h(8)h(9)))
2024-12-18 10:47 - INFO - New node added : h(h(h(h(1)h(2))h(h(3)h(4)))h(h(h(5)h(6))h(h(7)h(8))))
2024-12-18 10:47 - INFO - New node added : h(h(h(h(6)h(7))h(h(8)h(9))))
2024-12-18 10:47 - INFO - New node added : h(h(h(h(h(1)h(2))h(h(3)h(4)))h(h(h(5)h(6))h(h(7)h(8))))h(h(h(h(6)h(7))h(h(8)h(9)))))
2024-12-18 10:47 - INFO - Root Hash asked for Merkle Tree
2024-12-18 10:48 - INFO - New file received : example.txt
2024-12-18 10:48 - INFO - Creation of a new Merkle Tree
2024-12-18 10:48 - INFO - New node added : h(1)
2024-12-18 10:48 - INFO - New node added : h(2)
2024-12-18 10:48 - INFO - New node added : h(3)
2024-12-18 10:48 - INFO - New node added : h(4)
2024-12-18 10:48 - INFO - New node added : h(h(1)h(2))
2024-12-18 10:48 - INFO - New node added : h(h(3)h(4))
2024-12-18 10:48 - INFO - New node added : h(h(h(1)h(2))h(h(3)h(4)))
2024-12-18 10:48 - INFO - Root Hash asked for Merkle Tree
2024-12-18 10:48 - INFO - Full Merkle Tree scheme asked
2024-12-18 10:48 - INFO - Adding new value to Merkle Tree: 6
2024-12-18 10:48 - INFO - New node added : h(1)
2024-12-18 10:48 - INFO - New node added : h(2)
2024-12-18 10:48 - INFO - New node added : h(3)
2024-12-18 10:48 - INFO - New node added : h(4)
2024-12-18 10:48 - INFO - New node added : h(6)
2024-12-18 10:48 - INFO - New node added : h(h(1)h(2))
2024-12-18 10:48 - INFO - New node added : h(h(3)h(4))
2024-12-18 10:48 - INFO - New node added : h(h(6))
2024-12-18 10:48 - INFO - New node added : h(h(h(1)h(2))h(h(3)h(4)))
2024-12-18 10:48 - INFO - New node added : h(h(h(6)))
2024-12-18 10:48 - INFO - New node added : h(h(h(h(1)h(2))h(h(3)h(4)))h(h(h(6))))
2024-12-18 10:48 - INFO - Root Hash asked for Merkle Tree
2024-12-18 10:48 - INFO - Adding new value to Merkle Tree: 7
2024-12-18 10:48 - INFO - New node added : h(1)
2024-12-18 10:48 - INFO - New node added : h(2)
2024-12-18 10:48 - INFO - New node added : h(3)
2024-12-18 10:48 - INFO - New node added : h(4)
2024-12-18 10:48 - INFO - New node added : h(6)
2024-12-18 10:48 - INFO - New node added : h(7)
2024-12-18 10:48 - INFO - New node added : h(h(1)h(2))
2024-12-18 10:48 - INFO - New node added : h(h(3)h(4))
2024-12-18 10:48 - INFO - New node added : h(h(6)h(7))
2024-12-18 10:48 - INFO - New node added : h(h(h(1)h(2))h(h(3)h(4)))
2024-12-18 10:48 - INFO - New node added : h(h(h(6)h(7)))
2024-12-18 10:48 - INFO - New node added : h(h(h(h(1)h(2))h(h(3)h(4)))h(h(h(6)h(7))))
2024-12-18 10:48 - INFO - Root Hash asked for Merkle Tree
2024-12-18 10:48 - INFO - Adding new value to Merkle Tree: 8 | 9
2024-12-18 10:48 - INFO - Adding new value to Merkle Tree: 8
2024-12-18 10:48 - INFO - New node added : h(1)
2024-12-18 10:48 - INFO - New node added : h(2)
2024-12-18 10:48 - INFO - New node added : h(3)
2024-12-18 10:48 - INFO - New node added : h(4)
2024-12-18 10:48 - INFO - New node added : h(6)
2024-12-18 10:48 - INFO - New node added : h(7)
2024-12-18 10:48 - INFO - New node added : h(8)
2024-12-18 10:48 - INFO - New node added : h(h(1)h(2))
2024-12-18 10:48 - INFO - New node added : h(h(3)h(4))
2024-12-18 10:48 - INFO - New node added : h(h(6)h(7))
2024-12-18 10:48 - INFO - New node added : h(h(8))
2024-12-18 10:48 - INFO - New node added : h(h(h(1)h(2))h(h(3)h(4)))
2024-12-18 10:48 - INFO - New node added : h(h(h(6)h(7))h(h(8)))
2024-12-18 10:48 - INFO - New node added : h(h(h(h(1)h(2))h(h(3)h(4)))h(h(h(6)h(7))h(h(8))))
2024-12-18 10:48 - INFO - Adding new value to Merkle Tree: 9
2024-12-18 10:48 - INFO - New node added : h(1)
2024-12-18 10:48 - INFO - New node added : h(2)
2024-12-18 10:48 - INFO - New node added : h(3)
2024-12-18 10:48 - INFO - New node added : h(4)
2024-12-18 10:48 - INFO - New node added : h(6)
2024-12-18 10:48 - INFO - New node added : h(7)
2024-12-18 10:48 - INFO - New node added : h(8)
2024-12-18 10:48 - INFO - New node added : h(9)
2024-12-18 10:48 - INFO - New node added : h(h(1)h(2))
2024-12-18 10:48 - INFO - New node added : h(h(3)h(4))
2024-12-18 10:48 - INFO - New node added : h(h(6)h(7))
2024-12-18 10:48 - INFO - New node added : h(h(8)h(9))
2024-12-18 10:48 - INFO - New node added : h(h(h(1)h(2))h(h(3)h(4)))
2024-12-18 10:48 - INFO - New node added : h(h(h(6)h(7))h(h(8)h(9)))
2024-12-18 10:48 - INFO - New node added : h(h(h(h(1)h(2))h(h(3)h(4)))h(h(h(6)h(7))h(h(8)h(9))))
2024-12-18 10:48 - INFO - New node added : h(1)
2024-12-18 10:48 - INFO - New node added : h(2)
2024-12-18 10:48 - INFO - New node added : h(3)
2024-12-18 10:48 - INFO - New node added : h(4)
2024-12-18 10:48 - INFO - New node added : h(6)
2024-12-18 10:48 - INFO - New node added : h(7)
2024-12-18 10:48 - INFO - New node added : h(8)
2024-12-18 10:48 - INFO - New node added : h(9)
2024-12-18 10:48 - INFO - New node added : h(h(1)h(2))
2024-12-18 10:48 - INFO - New node added : h(h(3)h(4))
2024-12-18 10:48 - INFO - New node added : h(h(6)h(7))
2024-12-18 10:48 - INFO - New node added : h(h(8)h(9))
2024-12-18 10:48 - INFO - New node added : h(h(h(1)h(2))h(h(3)h(4)))
2024-12-18 10:48 - INFO - New node added : h(h(h(6)h(7))h(h(8)h(9)))
2024-12-18 10:48 - INFO - New node added : h(h(h(h(1)h(2))h(h(3)h(4)))h(h(h(6)h(7))h(h(8)h(9))))
2024-12-18 10:48 - INFO - Root Hash asked for Merkle Tree
2024-12-18 10:48 - INFO - New file received : example.txt
2024-12-18 10:48 - INFO - Creation of a new Merkle Tree
2024-12-18 10:48 - INFO - New node added : h(1)
2024-12-18 10:48 - INFO - New node added : h(2)
2024-12-18 10:48 - INFO - New node added : h(3)
2024-12-18 10:48 - INFO - New node added : h(4)
2024-12-18 10:48 - INFO - New node added : h(5)
2024-12-18 10:48 - INFO - New node added : h(h(1)h(2))
2024-12-18 10:48 - INFO - New node added : h(h(3)h(4))
2024-12-18 10:48 - INFO - New node added : h(h(5))
2024-12-18 10:48 - INFO - New node added : h(h(h(1)h(2))h(h(3)h(4)))
2024-12-18 10:48 - INFO - New node added : h(h(h(5)))
2024-12-18 10:48 - INFO - New node added : h(h(h(h(1)h(2))h(h(3)h(4)))h(h(h(5))))
2024-12-18 10:48 - INFO - Root Hash asked for Merkle Tree
2024-12-18 10:48 - INFO - Full Merkle Tree scheme asked
2024-12-18 10:48 - INFO - Adding new value to Merkle Tree: 6
2024-12-18 10:48 - INFO - New node added : h(1)
2024-12-18 10:48 - INFO - New node added : h(2)
2024-12-18 10:48 - INFO - New node added : h(3)
2024-12-18 10:48 - INFO - New node added : h(4)
2024-12-18 10:48 - INFO - New node added : h(5)
2024-12-18 10:48 - INFO - New node added : h(6)
2024-12-18 10:48 - INFO - New node added : h(h(1)h(2))
2024-12-18 10:48 - INFO - New node added : h(h(3)h(4))
2024-12-18 10:48 - INFO - New node added : h(h(5)h(6))
2024-12-18 10:48 - INFO - New node added : h(h(h(1)h(2))h(h(3)h(4)))
2024-12-18 10:48 - INFO - New node added : h(h(h(5)h(6)))
2024-12-18 10:48 - INFO - New node added : h(h(h(h(1)h(2))h(h(3)h(4)))h(h(h(5)h(6))))
2024-12-18 10:48 - INFO - Root Hash asked for Merkle Tree
2024-12-18 10:48 - INFO - Adding new value to Merkle Tree: 7
2024-12-18 10:48 - INFO - New node added : h(1)
2024-12-18 10:48 - INFO - New node added : h(2)
2024-12-18 10:48 - INFO - New node added : h(3)
2024-12-18 10:48 - INFO - New node added : h(4)
2024-12-18 10:48 - INFO - New node added : h(5)
2024-12-18 10:48 - INFO - New node added : h(6)
2024-12-18 10:48 - INFO - New node added : h(7)
2024-12-18 10:48 - INFO - New node added : h(h(1)h(2))
2024-12-18 10:48 - INFO - New node added : h(h(3)h(4))
2024-12-18 10:48 - INFO - New node added : h(h(5)h(6))
2024-12-18 10:48 - INFO - New node added : h(h(7))
2024-12-18 10:48 - INFO - New node added : h(h(h(1)h(2))h(h(3)h(4)))
2024-12-18 10:48 - INFO - New node added : h(h(h(5)h(6))h(h(7)))
2024-12-18 10:48 - INFO - New node added : h(h(h(h(1)h(2))h(h(3)h(4)))h(h(h(5)h(6))h(h(7))))
2024-12-18 10:48 - INFO - Root Hash asked for Merkle Tree
2024-12-18 10:48 - INFO - Adding new value to Merkle Tree: 8 | 9
2024-12-18 10:48 - INFO - Adding new value to Merkle Tree: 8
2024-12-18 10:48 - INFO - New node added : h(1)
2024-12-18 10:48 - INFO - New node added : h(2)
2024-12-18 10:48 - INFO - New node added : h(3)
2024-12-18 10:48 - INFO - New node added : h(4)
2024-12-18 10:48 - INFO - New node added : h(5)
2024-12-18 10:48 - INFO - New node added : h(6)
2024-12-18 10:48 - INFO - New node added : h(7)
2024-12-18 10:48 - INFO - New node added : h(8)
2024-12-18 10:48 - INFO - New node added : h(h(1)h(2))
2024-12-18 10:48 - INFO - New node added : h(h(3)h(4))
2024-12-18 10:48 - INFO - New node added : h(h(5)h(6))
2024-12-18 10:48 - INFO - New node added : h(h(7)h(8))
2024-12-18 10:48 - INFO - New node added : h(h(h(1)h(2))h(h(3)h(4)))
2024-12-18 10:48 - INFO - New node added : h(h(h(5)h(6))h(h(7)h(8)))
2024-12-18 10:48 - INFO - New node added : h(h(h(h(1)h(2))h(h(3)h(4)))h(h(h(5)h(6))h(h(7)h(8))))
2024-12-18 10:48 - INFO - Adding new value to Merkle Tree: 9
2024-12-18 10:48 - INFO - New node added : h(1)
2024-12-18 10:48 - INFO - New node added : h(2)
2024-12-18 10:48 - INFO - New node added : h(3)
2024-12-18 10:48 - INFO - New node added : h(4)
2024-12-18 10:48 - INFO - New node added : h(5)
2024-12-18 10:48 - INFO - New node added : h(6)
2024-12-18 10:48 - INFO - New node added : h(7)
2024-12-18 10:48 - INFO - New node added : h(8)
2024-12-18 10:48 - INFO - New node added : h(9)
2024-12-18 10:48 - INFO - New node added : h(h(1)h(2))
2024-12-18 10:48 - INFO - New node added : h(h(3)h(4))
2024-12-18 10:48 - INFO - New node added : h(h(5)h(6))
2024-12-18 10:48 - INFO - New node added : h(h(7)h(8))
2024-12-18 10:48 - INFO - New node added : h(h(9))
2024-12-18 10:48 - INFO - New node added : h(h(h(1)h(2))h(h(3)h(4)))
2024-12-18 10:48 - INFO - New node added : h(h(h(5)h(6))h(h(7)h(8)))
2024-12-18 10:48 - INFO - New node added : h(h(h(9)))
2024-12-18 10:48 - INFO - New node added : h(h(h(h(1)h(2))h(h(3)h(4)))h(h(h(5)h(6))h(h(7)h(8))))
2024-12-18 10:48 - INFO - New node added : h(h(h(h(9))))
2024-12-18 10:48 - INFO - New node added : h(h(h(h(h(1)h(2))h(h(3)h(4)))h(h(h(5)h(6))h(h(7)h(8))))h(h(h(h(9)))))
2024-12-18 10:48 - INFO - New node added : h(1)
2024-12-18 10:48 - INFO - New node added : h(2)
2024-12-18 10:48 - INFO - New node added : h(3)
2024-12-18 10:48 - INFO - New node added : h(4)
2024-12-18 10:48 - INFO - New node added : h(5)
2024-12-18 10:48 - INFO - New node added : h(6)
2024-12-18 10:48 - INFO - New node added : h(7)
2024-12-18 10:48 - INFO - New node added : h(8)
2024-12-18 10:48 - INFO - New node added : h(9)
2024-12-18 10:48 - INFO - New node added : h(h(1)h(2))
2024-12-18 10:48 - INFO - New node added : h(h(3)h(4))
2024-12-18 10:48 - INFO - New node added : h(h(5)h(6))
2024-12-18 10:48 - INFO - New node added : h(h(7)h(8))
2024-12-18 10:48 - INFO - New node added : h(h(9))
2024-12-18 10:48 - INFO - New node added : h(h(h(1)h(2))h(h(3)h(4)))
2024-12-18 10:48 - INFO - New node added : h(h(h(5)h(6))h(h(7)h(8)))
2024-12-18 10:48 - INFO - New node added : h(h(h(9)))
2024-12-18 10:48 - INFO - New node added : h(h(h(h(1)h(2))h(h(3)h(4)))h(h(h(5)h(6))h(h(7)h(8))))
2024-12-18 10:48 - INFO - New node added : h(h(h(h(9))))
2024-12-18 10:48 - INFO - New node added : h(h(h(h(h(1)h(2))h(h(3)h(4)))h(h(h(5)h(6))h(h(7)h(8))))h(h(h(h(9)))))
2024-12-18 10:48 - INFO - Root Hash asked for Merkle Tree
2024-12-18 12:21 - INFO - New file received : example.txt
2024-12-18 12:21 - INFO - Creation of a new Merkle Tree
2024-12-18 12:22 - INFO - New file received : example.txt
2024-12-18 12:22 - INFO - Creation of a new Merkle Tree
2024-12-18 12:22 - INFO - New node added : h(1)
2024-12-18 12:22 - INFO - New node added : h(2)
2024-12-18 12:22 - INFO - New node added : h(3)
2024-12-18 12:22 - INFO - New file received : example.txt
2024-12-18 12:22 - INFO - Creation of a new Merkle Tree
2024-12-18 12:22 - INFO - New node added : h(1)
2024-12-18 12:22 - INFO - New node added : h(2)
2024-12-18 12:22 - INFO - New node added : h(3)
2024-12-18 12:22 - INFO - New node added : h(h(1)h(2))
2024-12-18 12:22 - INFO - New node added : h(h(3))
2024-12-19 15:51 - INFO - New file received : example.txt
2024-12-19 15:51 - INFO - Creation of a new Merkle Tree
2024-12-19 15:51 - INFO - New node added : h(1)
2024-12-19 15:51 - INFO - New node added : h(2)
2024-12-19 15:51 - INFO - New node added : h(3)
2024-12-19 15:51 - INFO - New node added : h(h(1)h(2))
2024-12-19 15:51 - INFO - New node added : h(h(3))
2024-12-19 15:51 - INFO - New node added : h(h(h(1)h(2))h(h(3)))
2024-12-19 15:51 - INFO - Root Hash asked for Merkle Tree
2024-12-19 15:51 - INFO - Full Merkle Tree scheme asked
2024-12-19 15:52 - INFO - New file received : example.txt
2024-12-19 15:52 - INFO - Creation of a new Merkle Tree
2024-12-19 15:52 - INFO - New node added : h(1)
2024-12-19 15:52 - INFO - New node added : h(2)
2024-12-19 15:52 - INFO - New node added : h(3)
2024-12-19 15:52 - INFO - New node added : h(h(1)h(2))
2024-12-19 15:52 - INFO - New node added : h(h(3))
2024-12-19 15:52 - INFO - New node added : h(h(h(1)h(2))h(h(3)))
2024-12-19 15:52 - INFO - Root Hash asked for Merkle Tree
2024-12-19 15:52 - INFO - Full Merkle Tree scheme asked
2024-12-19 15:52 - INFO - New file received : example.txt
2024-12-19 15:52 - INFO - Creation of a new Merkle Tree
2024-12-19 15:52 - INFO - New node added : h(1)
2024-12-19 15:52 - INFO - New node added : h(2)
2024-12-19 15:52 - INFO - New node added : h(3)
2024-12-19 15:52 - INFO - New node added : h(h(1)h(2))
2024-12-19 15:52 - INFO - New node added : h(h(3))
2024-12-19 15:52 - INFO - New node added : h(h(h(1)h(2))h(h(3)))
2024-12-19 15:52 - INFO - Root Hash asked for Merkle Tree
2024-12-19 15:52 - INFO - Full Merkle Tree scheme asked
2024-12-19 16:05 - INFO - New file received : example.txt
2024-12-19 16:05 - INFO - Creation of a new Merkle Tree
2024-12-19 16:05 - INFO - New node added : h(1)
2024-12-19 16:05 - INFO - New node added : h(2)
2024-12-19 16:05 - INFO - New node added : h(3)
2024-12-19 16:05 - INFO - New node added : h(h(1)h(2))
2024-12-19 16:05 - INFO - New node added : h(h(3))
2024-12-19 16:05 - INFO - New node added : h(h(h(1)h(2))h(h(3)))
2024-12-19 16:05 - INFO - Root Hash asked for Merkle Tree
2024-12-19 16:05 - INFO - Full Merkle Tree scheme asked
2024-12-19 16:13 - INFO - New file received : example.txt
2024-12-19 16:13 - INFO - Creation of a new Merkle Tree
2024-12-19 16:13 - INFO - New node added : h(1)
2024-12-19 16:13 - INFO - New node added : h(2)
2024-12-19 16:13 - INFO - New node added : h(3)
2024-12-19 16:13 - INFO - New node added : h(h(1)h(2))
2024-12-19 16:13 - INFO - New node added : h(h(3))
2024-12-19 16:13 - INFO - New node added : h(h(h(1)h(2))h(h(3)))
2024-12-19 16:13 - INFO - Root Hash asked for Merkle Tree
2024-12-19 16:13 - INFO - Full Merkle Tree scheme asked
2024-12-19 16:16 - INFO - New file received : example.txt
2024-12-19 16:16 - INFO - Creation of a new Merkle Tree
2024-12-19 16:16 - INFO - New node added : h(1)
2024-12-19 16:16 - INFO - New node added : h(2)
2024-12-19 16:16 - INFO - New node added : h(3)
2024-12-19 16:16 - INFO - New node added : h(h(1)h(2))
2024-12-19 16:16 - INFO - New node added : h(h(3))
2024-12-19 16:16 - INFO - New node added : h(h(h(1)h(2))h(h(3)))
2024-12-19 16:16 - INFO - Root Hash asked for Merkle Tree
2024-12-19 16:16 - INFO - Full Merkle Tree scheme asked
2024-12-19 16:16 - INFO - New file received : example.txt
2024-12-19 16:16 - INFO - Creation of a new Merkle Tree
2024-12-19 16:16 - INFO - New node added : h(1)
2024-12-19 16:16 - INFO - New node added : h(2)
2024-12-19 16:16 - INFO - New node added : h(3)
2024-12-19 16:16 - INFO - New node added : h(4)
2024-12-19 16:16 - INFO - New node added : h(5)
2024-12-19 16:16 - INFO - New node added : h(6)
2024-12-19 16:16 - INFO - New node added : h(h(1)h(2))
2024-12-19 16:16 - INFO - New node added : h(h(3)h(4))
2024-12-19 16:16 - INFO - New node added : h(h(5)h(6))
2024-12-19 16:16 - INFO - New node added : h(h(h(1)h(2))h(h(3)h(4)))
2024-12-19 16:16 - INFO - New node added : h(h(h(5)h(6)))
2024-12-19 16:16 - INFO - New node added : h(h(h(h(1)h(2))h(h(3)h(4)))h(h(h(5)h(6))))
2024-12-19 16:16 - INFO - Root Hash asked for Merkle Tree
2024-12-19 16:16 - INFO - Full Merkle Tree scheme asked
2024-12-19 16:17 - INFO - New file received : example.txt
2024-12-19 16:17 - INFO - Creation of a new Merkle Tree
2024-12-19 16:17 - INFO - New node added : h(1)
2024-12-19 16:17 - INFO - New node added : h(2)
2024-12-19 16:17 - INFO - New node added : h(3)
2024-12-19 16:17 - INFO - New node added : h(4)
2024-12-19 16:17 - INFO - New node added : h(5)
2024-12-19 16:17 - INFO - New node added : h(6)
2024-12-19 16:17 - INFO - New node added : h(h(1)h(2))
2024-12-19 16:17 - INFO - New node added : h(h(3)h(4))
2024-12-19 16:17 - INFO - New node added : h(h(5)h(6))
2024-12-19 16:17 - INFO - New node added : h(h(h(1)h(2))h(h(3)h(4)))
2024-12-19 16:17 - INFO - New node added : h(h(h(5)h(6)))
2024-12-19 16:17 - INFO - New node added : h(h(h(h(1)h(2))h(h(3)h(4)))h(h(h(5)h(6))))
2024-12-19 16:17 - INFO - Root Hash asked for Merkle Tree
2024-12-19 16:17 - INFO - Full Merkle Tree scheme asked
2024-12-19 21:17 - INFO - New file received : example.txt
2024-12-19 21:17 - INFO - Creation of a new Merkle Tree
2024-12-19 21:17 - INFO - New node added : h(1)
2024-12-19 21:17 - INFO - New node added : h(2)
2024-12-19 21:17 - INFO - New node added : h(3)
2024-12-19 21:17 - INFO - New node added : h(4)
2024-12-19 21:17 - INFO - New node added : h(5)
2024-12-19 21:17 - INFO - New node added : h(6)
2024-12-19 21:17 - INFO - New node added : h(h(1)h(2))
2024-12-19 21:17 - INFO - New node added : h(h(3)h(4))
2024-12-19 21:17 - INFO - New node added : h(h(5)h(6))
2024-12-19 21:17 - INFO - New node added : h(h(h(1)h(2))h(h(3)h(4)))
2024-12-19 21:17 - INFO - New node added : h(h(h(5)h(6)))
2024-12-19 21:17 - INFO - New node added : h(h(h(h(1)h(2))h(h(3)h(4)))h(h(h(5)h(6))))
2024-12-19 21:17 - INFO - Root Hash asked for Merkle Tree
2024-12-19 21:17 - INFO - Full Merkle Tree scheme asked
2024-12-19 21:17 - INFO - New file received : example.txt
2024-12-19 21:17 - INFO - Creation of a new Merkle Tree
2024-12-19 21:17 - INFO - New node added : h(1)
2024-12-19 21:17 - INFO - New node added : h(2)
2024-12-19 21:17 - INFO - New node added : h(3)
2024-12-19 21:17 - INFO - New node added : h(4)
2024-12-19 21:17 - INFO - New node added : h(5)
2024-12-19 21:17 - INFO - New node added : h(6)
2024-12-19 21:17 - INFO - New node added : h(h(1)h(2))
2024-12-19 21:17 - INFO - New node added : h(h(3)h(4))
2024-12-19 21:17 - INFO - New node added : h(h(5)h(6))
2024-12-19 21:17 - INFO - New node added : h(h(h(1)h(2))h(h(3)h(4)))
2024-12-19 21:17 - INFO - New node added : h(h(h(5)h(6)))
2024-12-19 21:17 - INFO - New node added : h(h(h(h(1)h(2))h(h(3)h(4)))h(h(h(5)h(6))))
2024-12-19 21:17 - INFO - Root Hash asked for Merkle Tree
2024-12-19 21:17 - INFO - Full Merkle Tree scheme asked
2024-12-19 21:18 - INFO - New file received : example.txt
2024-12-19 21:18 - INFO - Creation of a new Merkle Tree
2024-12-19 21:18 - INFO - New node added : h(1)
2024-12-19 21:18 - INFO - New node added : h(2)
2024-12-19 21:18 - INFO - New node added : h(3)
2024-12-19 21:18 - INFO - New node added : h(4)
2024-12-19 21:18 - INFO - New node added : h(5)
2024-12-19 21:18 - INFO - New node added : h(6)
2024-12-19 21:18 - INFO - New node added : h(h(1)h(2))
2024-12-19 21:18 - INFO - New node added : h(h(3)h(4))
2024-12-19 21:18 - INFO - New node added : h(h(5)h(6))
2024-12-19 21:18 - INFO - New node added : h(h(h(1)h(2))h(h(3)h(4)))
2024-12-19 21:18 - INFO - New node added : h(h(h(5)h(6)))
2024-12-19 21:18 - INFO - New node added : h(h(h(h(1)h(2))h(h(3)h(4)))h(h(h(5)h(6))))
2024-12-19 21:18 - INFO - Root Hash asked for Merkle Tree
2024-12-19 21:18 - INFO - Full Merkle Tree scheme asked
2024-12-19 21:19 - INFO - New file received : example.txt
2024-12-19 21:19 - INFO - Creation of a new Merkle Tree
2024-12-19 21:19 - INFO - New node added : h(1)
2024-12-19 21:19 - INFO - New node added : h(2)
2024-12-19 21:19 - INFO - New node added : h(3)
2024-12-19 21:19 - INFO - New node added : h(4)
2024-12-19 21:19 - INFO - New node added : h(5)
2024-12-19 21:19 - INFO - New node added : h(6)
2024-12-19 21:19 - INFO - New node added : h(h(1)h(2))
2024-12-19 21:19 - INFO - New node added : h(h(3)h(4))
2024-12-19 21:19 - INFO - New node added : h(h(5)h(6))
2024-12-19 21:19 - INFO - New node added : h(h(h(1)h(2))h(h(3)h(4)))
2024-12-19 21:19 - INFO - New node added : h(h(h(5)h(6)))
2024-12-19 21:19 - INFO - New node added : h(h(h(h(1)h(2))h(h(3)h(4)))h(h(h(5)h(6))))
2024-12-19 21:19 - INFO - Root Hash asked for Merkle Tree
2024-12-19 21:19 - INFO - Full Merkle Tree scheme asked
2024-12-19 21:21 - INFO - New file received : example.txt
2024-12-19 21:21 - INFO - Creation of a new Merkle Tree
2024-12-19 21:21 - INFO - New node added : h(1)
2024-12-19 21:21 - INFO - New node added : h(2)
2024-12-19 21:21 - INFO - New node added : h(3)
2024-12-19 21:21 - INFO - New node added : h(4)
2024-12-19 21:21 - INFO - New node added : h(5)
2024-12-19 21:21 - INFO - New node added : h(6)
2024-12-19 21:21 - INFO - New node added : h(h(1)h(2))
2024-12-19 21:21 - INFO - New node added : h(h(3)h(4))
2024-12-19 21:21 - INFO - New node added : h(h(5)h(6))
2024-12-19 21:21 - INFO - New node added : h(h(h(1)h(2))h(h(3)h(4)))
2024-12-19 21:21 - INFO - New node added : h(h(h(5)h(6)))
2024-12-19 21:21 - INFO - New node added : h(h(h(h(1)h(2))h(h(3)h(4)))h(h(h(5)h(6))))
2024-12-19 21:21 - INFO - Root Hash asked for Merkle Tree
2024-12-19 21:21 - INFO - Full Merkle Tree scheme asked
2024-12-19 21:21 - INFO - New file received : example.txt
2024-12-19 21:21 - INFO - Creation of a new Merkle Tree
2024-12-19 21:21 - INFO - New node added : h(1)
2024-12-19 21:21 - INFO - New node added : h(2)
2024-12-19 21:21 - INFO - New node added : h(3)
2024-12-19 21:21 - INFO - New node added : h(4)
2024-12-19 21:21 - INFO - New node added : h(5)
2024-12-19 21:21 - INFO - New node added : h(6)
2024-12-19 21:21 - INFO - New node added : h(h(1)h(2))
2024-12-19 21:21 - INFO - New node added : h(h(3)h(4))
2024-12-19 21:21 - INFO - New node added : h(h(5)h(6))
2024-12-19 21:21 - INFO - New node added : h(h(h(1)h(2))h(h(3)h(4)))
2024-12-19 21:21 - INFO - New node added : h(h(h(5)h(6)))
2024-12-19 21:21 - INFO - New node added : h(h(h(h(1)h(2))h(h(3)h(4)))h(h(h(5)h(6))))
2024-12-19 21:21 - INFO - Root Hash asked for Merkle Tree
2024-12-19 21:21 - INFO - Full Merkle Tree scheme asked
2024-12-19 21:22 - INFO - New file received : example.txt
2024-12-19 21:22 - INFO - Creation of a new Merkle Tree
2024-12-19 21:22 - INFO - New node added : h(1)
2024-12-19 21:22 - INFO - New node added : h(2)
2024-12-19 21:22 - INFO - New node added : h(3)
2024-12-19 21:22 - INFO - New node added : h(4)
2024-12-19 21:22 - INFO - New node added : h(5)
2024-12-19 21:22 - INFO - New node added : h(6)
2024-12-19 21:22 - INFO - New node added : h(h(1)h(2))
2024-12-19 21:22 - INFO - New node added : h(h(3)h(4))
2024-12-19 21:22 - INFO - New node added : h(h(5)h(6))
2024-12-19 21:22 - INFO - New node added : h(h(h(1)h(2))h(h(3)h(4)))
2024-12-19 21:22 - INFO - New node added : h(h(h(5)h(6)))
2024-12-19 21:22 - INFO - New node added : h(h(h(h(1)h(2))h(h(3)h(4)))h(h(h(5)h(6))))
2024-12-19 21:22 - INFO - Root Hash asked for Merkle Tree
2024-12-19 21:22 - INFO - Full Merkle Tree scheme asked
2024-12-19 21:23 - INFO - New file received : example.txt
2024-12-19 21:23 - INFO - Creation of a new Merkle Tree
2024-12-19 21:23 - INFO - New node added : h(1)
2024-12-19 21:23 - INFO - New node added : h(2)
2024-12-19 21:23 - INFO - New node added : h(3)
2024-12-19 21:23 - INFO - New node added : h(4)
2024-12-19 21:23 - INFO - New node added : h(5)
2024-12-19 21:23 - INFO - New node added : h(6)
2024-12-19 21:23 - INFO - New node added : h(h(1)h(2))
2024-12-19 21:23 - INFO - New node added : h(h(3)h(4))
2024-12-19 21:23 - INFO - New node added : h(h(5)h(6))
2024-12-19 21:23 - INFO - New node added : h(h(h(1)h(2))h(h(3)h(4)))
2024-12-19 21:23 - INFO - New node added : h(h(h(5)h(6)))
2024-12-19 21:23 - INFO - New node added : h(h(h(h(1)h(2))h(h(3)h(4)))h(h(h(5)h(6))))
2024-12-19 21:23 - INFO - Root Hash asked for Merkle Tree
2024-12-19 21:23 - INFO - Full Merkle Tree scheme asked
2024-12-19 21:23 - INFO - New file received : example.txt
2024-12-19 21:23 - INFO - Creation of a new Merkle Tree
2024-12-19 21:23 - INFO - New node added : h(1)
2024-12-19 21:23 - INFO - New node added : h(2)
2024-12-19 21:23 - INFO - New node added : h(3)
2024-12-19 21:23 - INFO - New node added : h(4)
2024-12-19 21:23 - INFO - New node added : h(5)
2024-12-19 21:23 - INFO - New node added : h(6)
2024-12-19 21:23 - INFO - New node added : h(h(1)h(2))
2024-12-19 21:23 - INFO - New node added : h(h(3)h(4))
2024-12-19 21:23 - INFO - New node added : h(h(5)h(6))
2024-12-19 21:23 - INFO - New node added : h(h(h(1)h(2))h(h(3)h(4)))
2024-12-19 21:23 - INFO - New node added : h(h(h(5)h(6)))
2024-12-19 21:23 - INFO - New node added : h(h(h(h(1)h(2))h(h(3)h(4)))h(h(h(5)h(6))))
2024-12-19 21:23 - INFO - Root Hash asked for Merkle Tree
2024-12-19 21:23 - INFO - Full Merkle Tree scheme asked
2024-12-19 21:24 - INFO - New file received : example.txt
2024-12-19 21:24 - INFO - Creation of a new Merkle Tree
2024-12-19 21:24 - INFO - New node added : h(1)
2024-12-19 21:24 - INFO - New node added : h(2)
2024-12-19 21:24 - INFO - New node added : h(3)
2024-12-19 21:24 - INFO - New node added : h(4)
2024-12-19 21:24 - INFO - New node added : h(5)
2024-12-19 21:24 - INFO - New node added : h(6)
2024-12-19 21:24 - INFO - New node added : h(7)
2024-12-19 21:24 - INFO - New node added : h(8)
2024-12-19 21:24 - INFO - New node added : h(h(1)h(2))
2024-12-19 21:24 - INFO - New node added : h(h(3)h(4))
2024-12-19 21:24 - INFO - New node added : h(h(5)h(6))
2024-12-19 21:24 - INFO - New node added : h(h(7)h(8))
2024-12-19 21:24 - INFO - New node added : h(h(h(1)h(2))h(h(3)h(4)))
2024-12-19 21:24 - INFO - New node added : h(h(h(5)h(6))h(h(7)h(8)))
2024-12-19 21:24 - INFO - New node added : h(h(h(h(1)h(2))h(h(3)h(4)))h(h(h(5)h(6))h(h(7)h(8))))
2024-12-19 21:24 - INFO - Root Hash asked for Merkle Tree
2024-12-19 21:24 - INFO - Full Merkle Tree scheme asked
2024-12-19 21:24 - INFO - New file received : example.txt
2024-12-19 21:24 - INFO - Creation of a new Merkle Tree
2024-12-19 21:24 - INFO - New node added : h(1)
2024-12-19 21:24 - INFO - New node added : h(2)
2024-12-19 21:24 - INFO - New node added : h(3)
2024-12-19 21:24 - INFO - New node added : h(4)
2024-12-19 21:24 - INFO - New node added : h(5)
2024-12-19 21:24 - INFO - New node added : h(6)
2024-12-19 21:24 - INFO - New node added : h(7)
2024-12-19 21:24 - INFO - New node added : h(8)
2024-12-19 21:24 - INFO - New node added : h(h(1)h(2))
2024-12-19 21:24 - INFO - New node added : h(h(3)h(4))
2024-12-19 21:24 - INFO - New node added : h(h(5)h(6))
2024-12-19 21:24 - INFO - New node added : h(h(7)h(8))
2024-12-19 21:24 - INFO - New node added : h(h(h(1)h(2))h(h(3)h(4)))
2024-12-19 21:24 - INFO - New node added : h(h(h(5)h(6))h(h(7)h(8)))
2024-12-19 21:24 - INFO - New node added : h(h(h(h(1)h(2))h(h(3)h(4)))h(h(h(5)h(6))h(h(7)h(8))))
2024-12-19 21:24 - INFO - Root Hash asked for Merkle Tree
2024-12-19 21:24 - INFO - Full Merkle Tree scheme asked
2024-12-19 21:25 - INFO - New file received : example.txt
2024-12-19 21:25 - INFO - Creation of a new Merkle Tree
2024-12-19 21:25 - INFO - New node added : h(1)
2024-12-19 21:25 - INFO - New node added : h(2)
2024-12-19 21:25 - INFO - New node added : h(3)
2024-12-19 21:25 - INFO - New node added : h(4)
2024-12-19 21:25 - INFO - New node added : h(5)
2024-12-19 21:25 - INFO - New node added : h(6)
2024-12-19 21:25 - INFO - New node added : h(7)
2024-12-19 21:25 - INFO - New node added : h(8)
2024-12-19 21:25 - INFO - New node added : h(h(1)h(2))
2024-12-19 21:25 - INFO - New node added : h(h(3)h(4))
2024-12-19 21:25 - INFO - New node added : h(h(5)h(6))
2024-12-19 21:25 - INFO - New node added : h(h(7)h(8))
2024-12-19 21:25 - INFO - New node added : h(h(h(1)h(2))h(h(3)h(4)))
2024-12-19 21:25 - INFO - New node added : h(h(h(5)h(6))h(h(7)h(8)))
2024-12-19 21:25 - INFO - New node added : h(h(h(h(1)h(2))h(h(3)h(4)))h(h(h(5)h(6))h(h(7)h(8))))
2024-12-19 21:25 - INFO - Root Hash asked for Merkle Tree
2024-12-19 21:25 - INFO - Full Merkle Tree scheme asked
2024-12-19 21:31 - INFO - New file received : example.txt
2024-12-19 21:31 - INFO - Creation of a new Merkle Tree
2024-12-19 21:31 - INFO - New node added : h(1)
2024-12-19 21:31 - INFO - New node added : h(2)
2024-12-19 21:31 - INFO - New node added : h(3)
2024-12-19 21:31 - INFO - New node added : h(4)
2024-12-19 21:31 - INFO - New node added : h(5)
2024-12-19 21:31 - INFO - New node added : h(6)
2024-12-19 21:31 - INFO - New node added : h(7)
2024-12-19 21:31 - INFO - New node added : h(8)
2024-12-19 21:31 - INFO - New node added : h(9)
2024-12-19 21:31 - INFO - New node added : h(10)
2024-12-19 21:31 - INFO - New node added : h(11)
2024-12-19 21:31 - INFO - New node added : h(12)
2024-12-19 21:31 - INFO - New node added : h(13)
2024-12-19 21:31 - INFO - New node added : h(14)
2024-12-19 21:31 - INFO - New node added : h(15)
2024-12-19 21:31 - INFO - New node added : h(16)
2024-12-19 21:31 - INFO - New node added : h(h(1)h(2))
2024-12-19 21:31 - INFO - New node added : h(h(3)h(4))
2024-12-19 21:31 - INFO - New node added : h(h(5)h(6))
2024-12-19 21:31 - INFO - New node added : h(h(7)h(8))
2024-12-19 21:31 - INFO - New node added : h(h(9)h(10))
2024-12-19 21:31 - INFO - New node added : h(h(11)h(12))
2024-12-19 21:31 - INFO - New node added : h(h(13)h(14))
2024-12-19 21:31 - INFO - New node added : h(h(15)h(16))
2024-12-19 21:31 - INFO - New node added : h(h(h(1)h(2))h(h(3)h(4)))
2024-12-19 21:31 - INFO - New node added : h(h(h(5)h(6))h(h(7)h(8)))
2024-12-19 21:31 - INFO - New node added : h(h(h(9)h(10))h(h(11)h(12)))
2024-12-19 21:31 - INFO - New node added : h(h(h(13)h(14))h(h(15)h(16)))
2024-12-19 21:31 - INFO - New node added : h(h(h(h(1)h(2))h(h(3)h(4)))h(h(h(5)h(6))h(h(7)h(8))))
2024-12-19 21:31 - INFO - New node added : h(h(h(h(9)h(10))h(h(11)h(12)))h(h(h(13)h(14))h(h(15)h(16))))
2024-12-19 21:31 - INFO - New node added : h(h(h(h(h(1)h(2))h(h(3)h(4)))h(h(h(5)h(6))h(h(7)h(8))))h(h(h(h(9)h(10))h(h(11)h(12)))h(h(h(13)h(14))h(h(15)h(16)))))
2024-12-19 21:31 - INFO - Root Hash asked for Merkle Tree
2024-12-19 21:31 - INFO - Full Merkle Tree scheme asked
2024-12-22 12:00 - INFO - New file received : example.txt
2024-12-22 12:00 - INFO - Creation of a new Merkle Tree
2024-12-22 12:00 - INFO - New node added : h(1)
2024-12-22 12:00 - INFO - New node added : h(2)
2024-12-22 12:00 - INFO - New node added : h(3)
2024-12-22 12:00 - INFO - New node added : h(4)
2024-12-22 12:00 - INFO - New node added : h(5)
2024-12-22 12:00 - INFO - New node added : h(6)
2024-12-22 12:00 - INFO - New node added : h(7)
2024-12-22 12:00 - INFO - New node added : h(8)
2024-12-22 12:00 - INFO - New node added : h(9)
2024-12-22 12:00 - INFO - New node added : h(10)
2024-12-22 12:00 - INFO - New node added : h(11)
2024-12-22 12:00 - INFO - New node added : h(12)
2024-12-22 12:00 - INFO - New node added : h(13)
2024-12-22 12:00 - INFO - New node added : h(14)
2024-12-22 12:00 - INFO - New node added : h(15)
2024-12-22 12:00 - INFO - New node added : h(16)
2024-12-22 12:00 - INFO - New node added : h(h(1)h(2))
2024-12-22 12:00 - INFO - New node added : h(h(3)h(4))
2024-12-22 12:00 - INFO - New node added : h(h(5)h(6))
2024-12-22 12:00 - INFO - New node added : h(h(7)h(8))
2024-12-22 12:00 - INFO - New node added : h(h(9)h(10))
2024-12-22 12:00 - INFO - New node added : h(h(11)h(12))
2024-12-22 12:00 - INFO - New node added : h(h(13)h(14))
2024-12-22 12:00 - INFO - New node added : h(h(15)h(16))
2024-12-22 12:00 - INFO - New node added : h(h(h(1)h(2))h(h(3)h(4)))
2024-12-22 12:00 - INFO - New node added : h(h(h(5)h(6))h(h(7)h(8)))
2024-12-22 12:00 - INFO - New node added : h(h(h(9)h(10))h(h(11)h(12)))
2024-12-22 12:00 - INFO - New node added : h(h(h(13)h(14))h(h(15)h(16)))
2024-12-22 12:00 - INFO - New node added : h(h(h(h(1)h(2))h(h(3)h(4)))h(h(h(5)h(6))h(h(7)h(8))))
2024-12-22 12:00 - INFO - New node added : h(h(h(h(9)h(10))h(h(11)h(12)))h(h(h(13)h(14))h(h(15)h(16))))
2024-12-22 12:00 - INFO - New node added : h(h(h(h(h(1)h(2))h(h(3)h(4)))h(h(h(5)h(6))h(h(7)h(8))))h(h(h(h(9)h(10))h(h(11)h(12)))h(h(h(13)h(14))h(h(15)h(16)))))
2024-12-22 12:00 - INFO - Root Hash asked for Merkle Tree
2024-12-22 12:00 - INFO - Gen Path asked for Merkle Tree with index: 7
2024-12-22 12:00 - INFO - Gen Proof called for Merkle Tree: index=6, n=5
2024-12-22 12:00 - INFO - New file received : example.txt
2024-12-22 12:00 - INFO - Creation of a new Merkle Tree
2024-12-22 12:00 - INFO - New node added : h(1)
2024-12-22 12:00 - INFO - New node added : h(2)
2024-12-22 12:00 - INFO - New node added : h(3)
2024-12-22 12:00 - INFO - New node added : h(4)
2024-12-22 12:00 - INFO - New node added : h(5)
2024-12-22 12:00 - INFO - New node added : h(6)
2024-12-22 12:00 - INFO - New node added : h(7)
2024-12-22 12:00 - INFO - New node added : h(8)
2024-12-22 12:00 - INFO - New node added : h(h(1)h(2))
2024-12-22 12:00 - INFO - New node added : h(h(3)h(4))
2024-12-22 12:00 - INFO - New node added : h(h(5)h(6))
2024-12-22 12:00 - INFO - New node added : h(h(7)h(8))
2024-12-22 12:00 - INFO - New node added : h(h(h(1)h(2))h(h(3)h(4)))
2024-12-22 12:00 - INFO - New node added : h(h(h(5)h(6))h(h(7)h(8)))
2024-12-22 12:00 - INFO - New node added : h(h(h(h(1)h(2))h(h(3)h(4)))h(h(h(5)h(6))h(h(7)h(8))))
2024-12-22 12:00 - INFO - Root Hash asked for Merkle Tree
2024-12-22 12:00 - INFO - Gen Path asked for Merkle Tree with index: 7
2024-12-22 12:00 - INFO - Gen Proof called for Merkle Tree: index=6, n=4
2024-12-22 12:03 - INFO - New file received : example.txt
2024-12-22 12:03 - INFO - Creation of a new Merkle Tree
2024-12-22 12:03 - INFO - New node added : h(1)
2024-12-22 12:03 - INFO - New node added : h(2)
2024-12-22 12:03 - INFO - New node added : h(3)
2024-12-22 12:03 - INFO - New node added : h(4)
2024-12-22 12:03 - INFO - New node added : h(5)
2024-12-22 12:03 - INFO - New node added : h(6)
2024-12-22 12:03 - INFO - New node added : h(7)
2024-12-22 12:03 - INFO - New node added : h(8)
2024-12-22 12:03 - INFO - New node added : h(h(1)h(2))
2024-12-22 12:03 - INFO - New node added : h(h(3)h(4))
2024-12-22 12:03 - INFO - New node added : h(h(5)h(6))
2024-12-22 12:03 - INFO - New node added : h(h(7)h(8))
2024-12-22 12:03 - INFO - New node added : h(h(h(1)h(2))h(h(3)h(4)))
2024-12-22 12:03 - INFO - New node added : h(h(h(5)h(6))h(h(7)h(8)))
2024-12-22 12:03 - INFO - New node added : h(h(h(h(1)h(2))h(h(3)h(4)))h(h(h(5)h(6))h(h(7)h(8))))
2024-12-22 12:03 - INFO - Root Hash asked for Merkle Tree
2024-12-22 12:03 - INFO - Gen Path asked for Merkle Tree with index: 7
2024-12-22 12:03 - INFO - Gen Proof called for Merkle Tree: index=6, n=4
2024-12-22 12:06 - INFO - New file received : example.txt
2024-12-22 12:06 - INFO - Creation of a new Merkle Tree
2024-12-22 12:06 - INFO - New node added : h(1)
2024-12-22 12:06 - INFO - New node added : h(2)
2024-12-22 12:06 - INFO - New node added : h(3)
2024-12-22 12:06 - INFO - New node added : h(4)
2024-12-22 12:06 - INFO - New node added : h(5)
2024-12-22 12:06 - INFO - New node added : h(6)
2024-12-22 12:06 - INFO - New node added : h(7)
2024-12-22 12:06 - INFO - New node added : h(8)
2024-12-22 12:06 - INFO - New node added : h(9)
2024-12-22 12:06 - INFO - New node added : h(10)
2024-12-22 12:06 - INFO - New node added : h(11)
2024-12-22 12:06 - INFO - New node added : h(12)
2024-12-22 12:06 - INFO - New node added : h(13)
2024-12-22 12:06 - INFO - New node added : h(14)
2024-12-22 12:06 - INFO - New node added : h(15)
2024-12-22 12:06 - INFO - New node added : h(16)
2024-12-22 12:06 - INFO - New node added : h(h(1)h(2))
2024-12-22 12:06 - INFO - New node added : h(h(3)h(4))
2024-12-22 12:06 - INFO - New node added : h(h(5)h(6))
2024-12-22 12:06 - INFO - New node added : h(h(7)h(8))
2024-12-22 12:06 - INFO - New node added : h(h(9)h(10))
2024-12-22 12:06 - INFO - New node added : h(h(11)h(12))
2024-12-22 12:06 - INFO - New node added : h(h(13)h(14))
2024-12-22 12:06 - INFO - New node added : h(h(15)h(16))
2024-12-22 12:06 - INFO - New node added : h(h(h(1)h(2))h(h(3)h(4)))
2024-12-22 12:06 - INFO - New node added : h(h(h(5)h(6))h(h(7)h(8)))
2024-12-22 12:06 - INFO - New node added : h(h(h(9)h(10))h(h(11)h(12)))
2024-12-22 12:06 - INFO - New node added : h(h(h(13)h(14))h(h(15)h(16)))
2024-12-22 12:06 - INFO - New node added : h(h(h(h(1)h(2))h(h(3)h(4)))h(h(h(5)h(6))h(h(7)h(8))))
2024-12-22 12:06 - INFO - New node added : h(h(h(h(9)h(10))h(h(11)h(12)))h(h(h(13)h(14))h(h(15)h(16))))
2024-12-22 12:06 - INFO - New node added : h(h(h(h(h(1)h(2))h(h(3)h(4)))h(h(h(5)h(6))h(h(7)h(8))))h(h(h(h(9)h(10))h(h(11)h(12)))h(h(h(13)h(14))h(h(15)h(16)))))
2024-12-22 12:06 - INFO - Root Hash asked for Merkle Tree
2024-12-22 12:06 - INFO - Gen Path asked for Merkle Tree with index: 7
2024-12-22 12:06 - INFO - Gen Proof called for Merkle Tree: index=6, n=5
2024-12-22 12:06 - INFO - New file received : example.txt
2024-12-22 12:06 - INFO - Creation of a new Merkle Tree
2024-12-22 12:06 - INFO - New node added : h(1)
2024-12-22 12:06 - INFO - New node added : h(2)
2024-12-22 12:06 - INFO - New node added : h(3)
2024-12-22 12:06 - INFO - New node added : h(4)
2024-12-22 12:06 - INFO - New node added : h(5)
2024-12-22 12:06 - INFO - New node added : h(6)
2024-12-22 12:06 - INFO - New node added : h(7)
2024-12-22 12:06 - INFO - New node added : h(8)
2024-12-22 12:06 - INFO - New node added : h(9)
2024-12-22 12:06 - INFO - New node added : h(10)
2024-12-22 12:06 - INFO - New node added : h(11)
2024-12-22 12:06 - INFO - New node added : h(12)
2024-12-22 12:06 - INFO - New node added : h(13)
2024-12-22 12:06 - INFO - New node added : h(14)
2024-12-22 12:06 - INFO - New node added : h(15)
2024-12-22 12:06 - INFO - New node added : h(16)
2024-12-22 12:06 - INFO - New node added : h(h(1)h(2))
2024-12-22 12:06 - INFO - New node added : h(h(3)h(4))
2024-12-22 12:06 - INFO - New node added : h(h(5)h(6))
2024-12-22 12:06 - INFO - New node added : h(h(7)h(8))
2024-12-22 12:06 - INFO - New node added : h(h(9)h(10))
2024-12-22 12:06 - INFO - New node added : h(h(11)h(12))
2024-12-22 12:06 - INFO - New node added : h(h(13)h(14))
2024-12-22 12:06 - INFO - New node added : h(h(15)h(16))
2024-12-22 12:06 - INFO - New node added : h(h(h(1)h(2))h(h(3)h(4)))
2024-12-22 12:06 - INFO - New node added : h(h(h(5)h(6))h(h(7)h(8)))
2024-12-22 12:06 - INFO - New node added : h(h(h(9)h(10))h(h(11)h(12)))
2024-12-22 12:06 - INFO - New node added : h(h(h(13)h(14))h(h(15)h(16)))
2024-12-22 12:06 - INFO - New node added : h(h(h(h(1)h(2))h(h(3)h(4)))h(h(h(5)h(6))h(h(7)h(8))))
2024-12-22 12:06 - INFO - New node added : h(h(h(h(9)h(10))h(h(11)h(12)))h(h(h(13)h(14))h(h(15)h(16))))
2024-12-22 12:06 - INFO - New node added : h(h(h(h(h(1)h(2))h(h(3)h(4)))h(h(h(5)h(6))h(h(7)h(8))))h(h(h(h(9)h(10))h(h(11)h(12)))h(h(h(13)h(14))h(h(15)h(16)))))
2024-12-22 12:06 - INFO - Root Hash asked for Merkle Tree
2024-12-22 12:06 - INFO - Gen Path asked for Merkle Tree with index: 7
2024-12-22 12:06 - INFO - Gen Proof called for Merkle Tree: index=7, n=5
2024-12-22 12:08 - INFO - New file received : example.txt
2024-12-22 12:08 - INFO - Creation of a new Merkle Tree
2024-12-22 12:08 - INFO - New node added : h(1)
2024-12-22 12:08 - INFO - New node added : h(2)
2024-12-22 12:08 - INFO - New node added : h(3)
2024-12-22 12:08 - INFO - New node added : h(4)
2024-12-22 12:08 - INFO - New node added : h(5)
2024-12-22 12:08 - INFO - New node added : h(6)
2024-12-22 12:08 - INFO - New node added : h(7)
2024-12-22 12:08 - INFO - New node added : h(8)
2024-12-22 12:08 - INFO - New node added : h(9)
2024-12-22 12:08 - INFO - New node added : h(10)
2024-12-22 12:08 - INFO - New node added : h(11)
2024-12-22 12:08 - INFO - New node added : h(12)
2024-12-22 12:08 - INFO - New node added : h(13)
2024-12-22 12:08 - INFO - New node added : h(14)
2024-12-22 12:08 - INFO - New node added : h(15)
2024-12-22 12:08 - INFO - New node added : h(16)
2024-12-22 12:08 - INFO - New node added : h(h(1)h(2))
2024-12-22 12:08 - INFO - New node added : h(h(3)h(4))
2024-12-22 12:08 - INFO - New node added : h(h(5)h(6))
2024-12-22 12:08 - INFO - New node added : h(h(7)h(8))
2024-12-22 12:08 - INFO - New node added : h(h(9)h(10))
2024-12-22 12:08 - INFO - New node added : h(h(11)h(12))
2024-12-22 12:08 - INFO - New node added : h(h(13)h(14))
2024-12-22 12:08 - INFO - New node added : h(h(15)h(16))
2024-12-22 12:08 - INFO - New node added : h(h(h(1)h(2))h(h(3)h(4)))
2024-12-22 12:08 - INFO - New node added : h(h(h(5)h(6))h(h(7)h(8)))
2024-12-22 12:08 - INFO - New node added : h(h(h(9)h(10))h(h(11)h(12)))
2024-12-22 12:08 - INFO - New node added : h(h(h(13)h(14))h(h(15)h(16)))
2024-12-22 12:08 - INFO - New node added : h(h(h(h(1)h(2))h(h(3)h(4)))h(h(h(5)h(6))h(h(7)h(8))))
2024-12-22 12:08 - INFO - New node added : h(h(h(h(9)h(10))h(h(11)h(12)))h(h(h(13)h(14))h(h(15)h(16))))
2024-12-22 12:08 - INFO - New node added : h(h(h(h(h(1)h(2))h(h(3)h(4)))h(h(h(5)h(6))h(h(7)h(8))))h(h(h(h(9)h(10))h(h(11)h(12)))h(h(h(13)h(14))h(h(15)h(16)))))
2024-12-22 12:08 - INFO - Root Hash asked for Merkle Tree
2024-12-22 12:08 - INFO - Gen Path asked for Merkle Tree with index: 7
2024-12-22 12:08 - INFO - Gen Proof called for Merkle Tree: index=7, n=5
2024-12-22 12:08 - INFO - New file received : example.txt
2024-12-22 12:08 - INFO - Creation of a new Merkle Tree
2024-12-22 12:08 - INFO - New node added : h(1)
2024-12-22 12:08 - INFO - New node added : h(2)
2024-12-22 12:08 - INFO - New node added : h(3)
2024-12-22 12:08 - INFO - New node added : h(4)
2024-12-22 12:08 - INFO - New node added : h(5)
2024-12-22 12:08 - INFO - New node added : h(6)
2024-12-22 12:08 - INFO - New node added : h(7)
2024-12-22 12:08 - INFO - New node added : h(8)
2024-12-22 12:08 - INFO - New node added : h(9)
2024-12-22 12:08 - INFO - New node added : h(10)
2024-12-22 12:08 - INFO - New node added : h(11)
2024-12-22 12:08 - INFO - New node added : h(12)
2024-12-22 12:08 - INFO - New node added : h(13)
2024-12-22 12:08 - INFO - New node added : h(14)
2024-12-22 12:08 - INFO - New node added : h(15)
2024-12-22 12:08 - INFO - New node added : h(16)
2024-12-22 12:08 - INFO - New node added : h(h(1)h(2))
2024-12-22 12:08 - INFO - New node added : h(h(3)h(4))
2024-12-22 12:08 - INFO - New node added : h(h(5)h(6))
2024-12-22 12:08 - INFO - New node added : h(h(7)h(8))
2024-12-22 12:08 - INFO - New node added : h(h(9)h(10))
2024-12-22 12:08 - INFO - New node added : h(h(11)h(12))
2024-12-22 12:08 - INFO - New node added : h(h(13)h(14))
2024-12-22 12:08 - INFO - New node added : h(h(15)h(16))
2024-12-22 12:08 - INFO - New node added : h(h(h(1)h(2))h(h(3)h(4)))
2024-12-22 12:08 - INFO - New node added : h(h(h(5)h(6))h(h(7)h(8)))
2024-12-22 12:08 - INFO - New node added : h(h(h(9)h(10))h(h(11)h(12)))
2024-12-22 12:08 - INFO - New node added : h(h(h(13)h(14))h(h(15)h(16)))
2024-12-22 12:08 - INFO - New node added : h(h(h(h(1)h(2))h(h(3)h(4)))h(h(h(5)h(6))h(h(7)h(8))))
2024-12-22 12:08 - INFO - New node added : h(h(h(h(9)h(10))h(h(11)h(12)))h(h(h(13)h(14))h(h(15)h(16))))
2024-12-22 12:08 - INFO - New node added : h(h(h(h(h(1)h(2))h(h(3)h(4)))h(h(h(5)h(6))h(h(7)h(8))))h(h(h(h(9)h(10))h(h(11)h(12)))h(h(h(13)h(14))h(h(15)h(16)))))
2024-12-22 12:08 - INFO - Root Hash asked for Merkle Tree
2024-12-22 12:08 - INFO - Gen Path asked for Merkle Tree with index: 7
2024-12-22 12:08 - INFO - Gen Proof called for Merkle Tree: index=7, n=5
2024-12-23 19:02 - INFO - New file received : example.txt
2024-12-23 19:02 - INFO - Creation of a new Merkle Tree
2024-12-23 19:02 - INFO - New node added : h(1)
2024-12-23 19:02 - INFO - New node added : h(2)
2024-12-23 19:02 - INFO - New node added : h(3)
2024-12-23 19:02 - INFO - New node added : h(4)
2024-12-23 19:02 - INFO - New node added : h(5)
2024-12-23 19:02 - INFO - New node added : h(6)
2024-12-23 19:02 - INFO - New node added : h(7)
2024-12-23 19:02 - INFO - New node added : h(8)
2024-12-23 19:02 - INFO - New node added : h(h(1)h(2))
2024-12-23 19:02 - INFO - New node added : h(h(3)h(4))
2024-12-23 19:02 - INFO - New node added : h(h(5)h(6))
2024-12-23 19:02 - INFO - New node added : h(h(7)h(8))
2024-12-23 19:02 - INFO - New node added : h(h(h(1)h(2))h(h(3)h(4)))
2024-12-23 19:02 - INFO - New node added : h(h(h(5)h(6))h(h(7)h(8)))
2024-12-23 19:02 - INFO - New node added : h(h(h(h(1)h(2))h(h(3)h(4)))h(h(h(5)h(6))h(h(7)h(8))))
2024-12-23 19:02 - INFO - Root Hash asked for Merkle Tree
2024-12-23 19:02 - INFO - Gen Path called for Merkle Tree with index: 7
2024-12-23 19:02 - INFO - Gen Proof called for Merkle Tree: index=7, n=4
2024-12-23 19:02 - INFO - Gen Path called for Merkle Tree with index: 1
2024-12-23 19:02 - INFO - Root Hash asked for Merkle Tree
2024-12-23 19:04 - INFO - New file received : example.txt
2024-12-23 19:04 - INFO - Creation of a new Merkle Tree
2024-12-23 19:04 - INFO - New node added : h(1)
2024-12-23 19:04 - INFO - New node added : h(2)
2024-12-23 19:04 - INFO - New node added : h(3)
2024-12-23 19:04 - INFO - New node added : h(4)
2024-12-23 19:04 - INFO - New node added : h(5)
2024-12-23 19:04 - INFO - New node added : h(6)
2024-12-23 19:04 - INFO - New node added : h(7)
2024-12-23 19:04 - INFO - New node added : h(8)
2024-12-23 19:04 - INFO - New node added : h(h(1)h(2))
2024-12-23 19:04 - INFO - New node added : h(h(3)h(4))
2024-12-23 19:04 - INFO - New node added : h(h(5)h(6))
2024-12-23 19:04 - INFO - New node added : h(h(7)h(8))
2024-12-23 19:04 - INFO - New node added : h(h(h(1)h(2))h(h(3)h(4)))
2024-12-23 19:04 - INFO - New node added : h(h(h(5)h(6))h(h(7)h(8)))
2024-12-23 19:04 - INFO - New node added : h(h(h(h(1)h(2))h(h(3)h(4)))h(h(h(5)h(6))h(h(7)h(8))))
2024-12-23 19:04 - INFO - Root Hash asked for Merkle Tree
2024-12-23 19:04 - INFO - Gen Path called for Merkle Tree with index: 7
2024-12-23 19:04 - INFO - Gen Proof called for Merkle Tree: index=7, n=4
2024-12-23 19:04 - INFO - Gen Path called for Merkle Tree with index: 1
2024-12-23 19:04 - INFO - Root Hash asked for Merkle Tree
2024-12-23 19:06 - INFO - New file received : example.txt
2024-12-23 19:06 - INFO - Creation of a new Merkle Tree
2024-12-23 19:06 - INFO - New node added : h(1)
2024-12-23 19:06 - INFO - New node added : h(2)
2024-12-23 19:06 - INFO - New node added : h(3)
2024-12-23 19:06 - INFO - New node added : h(4)
2024-12-23 19:06 - INFO - New node added : h(5)
2024-12-23 19:06 - INFO - New node added : h(6)
2024-12-23 19:06 - INFO - New node added : h(7)
2024-12-23 19:06 - INFO - New node added : h(8)
2024-12-23 19:06 - INFO - New node added : h(h(1)h(2))
2024-12-23 19:06 - INFO - New node added : h(h(3)h(4))
2024-12-23 19:06 - INFO - New node added : h(h(5)h(6))
2024-12-23 19:06 - INFO - New node added : h(h(7)h(8))
2024-12-23 19:06 - INFO - New node added : h(h(h(1)h(2))h(h(3)h(4)))
2024-12-23 19:06 - INFO - New node added : h(h(h(5)h(6))h(h(7)h(8)))
2024-12-23 19:06 - INFO - New node added : h(h(h(h(1)h(2))h(h(3)h(4)))h(h(h(5)h(6))h(h(7)h(8))))
2024-12-23 19:06 - INFO - Root Hash asked for Merkle Tree
2024-12-23 19:06 - INFO - Gen Path called for Merkle Tree with index: 7
2024-12-23 19:06 - INFO - Gen Proof called for Merkle Tree: index=7, n=4
2024-12-23 19:06 - INFO - Gen Path called for Merkle Tree with index: 1
2024-12-23 19:06 - INFO - Root Hash asked for Merkle Tree
2024-12-23 19:09 - INFO - New file received : example.txt
2024-12-23 19:09 - INFO - Creation of a new Merkle Tree
2024-12-23 19:09 - INFO - New node added : h(1)
2024-12-23 19:09 - INFO - New node added : h(2)
2024-12-23 19:09 - INFO - New node added : h(3)
2024-12-23 19:09 - INFO - New node added : h(4)
2024-12-23 19:09 - INFO - New node added : h(5)
2024-12-23 19:09 - INFO - New node added : h(6)
2024-12-23 19:09 - INFO - New node added : h(7)
2024-12-23 19:09 - INFO - New node added : h(8)
2024-12-23 19:09 - INFO - New node added : h(h(1)h(2))
2024-12-23 19:09 - INFO - New node added : h(h(3)h(4))
2024-12-23 19:09 - INFO - New node added : h(h(5)h(6))
2024-12-23 19:09 - INFO - New node added : h(h(7)h(8))
2024-12-23 19:09 - INFO - New node added : h(h(h(1)h(2))h(h(3)h(4)))
2024-12-23 19:09 - INFO - New node added : h(h(h(5)h(6))h(h(7)h(8)))
2024-12-23 19:09 - INFO - New node added : h(h(h(h(1)h(2))h(h(3)h(4)))h(h(h(5)h(6))h(h(7)h(8))))
2024-12-23 19:09 - INFO - Root Hash asked for Merkle Tree
2024-12-23 19:09 - INFO - Gen Path called for Merkle Tree with index: 7
2024-12-23 19:09 - INFO - Gen Proof called for Merkle Tree: index=7, n=4
2024-12-23 19:09 - INFO - Gen Path called for Merkle Tree with index: 1
2024-12-23 19:09 - INFO - Root Hash asked for Merkle Tree
2024-12-23 19:10 - INFO - New file received : example.txt
2024-12-23 19:10 - INFO - Creation of a new Merkle Tree
2024-12-23 19:10 - INFO - New node added : h(1)
2024-12-23 19:10 - INFO - New node added : h(2)
2024-12-23 19:10 - INFO - New node added : h(3)
2024-12-23 19:10 - INFO - New node added : h(4)
2024-12-23 19:10 - INFO - New node added : h(5)
2024-12-23 19:10 - INFO - New node added : h(6)
2024-12-23 19:10 - INFO - New node added : h(7)
2024-12-23 19:10 - INFO - New node added : h(8)
2024-12-23 19:10 - INFO - New node added : h(h(1)h(2))
2024-12-23 19:10 - INFO - New node added : h(h(3)h(4))
2024-12-23 19:10 - INFO - New node added : h(h(5)h(6))
2024-12-23 19:10 - INFO - New node added : h(h(7)h(8))
2024-12-23 19:10 - INFO - New node added : h(h(h(1)h(2))h(h(3)h(4)))
2024-12-23 19:10 - INFO - New node added : h(h(h(5)h(6))h(h(7)h(8)))
2024-12-23 19:10 - INFO - New node added : h(h(h(h(1)h(2))h(h(3)h(4)))h(h(h(5)h(6))h(h(7)h(8))))
2024-12-23 19:10 - INFO - Root Hash asked for Merkle Tree
2024-12-23 19:10 - INFO - Gen Path called for Merkle Tree with index: 7
2024-12-23 19:10 - INFO - Gen Proof called for Merkle Tree: index=7, n=4
2024-12-23 19:10 - INFO - Gen Path called for Merkle Tree with index: 1
2024-12-23 19:10 - INFO - Root Hash asked for Merkle Tree
2024-12-23 19:10 - INFO - New file received : example.txt
2024-12-23 19:10 - INFO - Creation of a new Merkle Tree
2024-12-23 19:10 - INFO - New node added : h(1)
2024-12-23 19:10 - INFO - New node added : h(2)
2024-12-23 19:10 - INFO - New node added : h(3)
2024-12-23 19:10 - INFO - New node added : h(4)
2024-12-23 19:10 - INFO - New node added : h(5)
2024-12-23 19:10 - INFO - New node added : h(6)
2024-12-23 19:10 - INFO - New node added : h(7)
2024-12-23 19:10 - INFO - New node added : h(8)
2024-12-23 19:10 - INFO - New node added : h(h(1)h(2))
2024-12-23 19:10 - INFO - New node added : h(h(3)h(4))
2024-12-23 19:10 - INFO - New node added : h(h(5)h(6))
2024-12-23 19:10 - INFO - New node added : h(h(7)h(8))
2024-12-23 19:10 - INFO - New node added : h(h(h(1)h(2))h(h(3)h(4)))
2024-12-23 19:10 - INFO - New node added : h(h(h(5)h(6))h(h(7)h(8)))
2024-12-23 19:10 - INFO - New node added : h(h(h(h(1)h(2))h(h(3)h(4)))h(h(h(5)h(6))h(h(7)h(8))))
2024-12-23 19:10 - INFO - Root Hash asked for Merkle Tree
2024-12-23 19:10 - INFO - Gen Path called for Merkle Tree with index: 7
2024-12-23 19:10 - INFO - Gen Proof called for Merkle Tree: index=7, n=4
2024-12-23 19:10 - INFO - Gen Path called for Merkle Tree with index: 1
2024-12-23 19:10 - INFO - Root Hash asked for Merkle Tree
2024-12-23 19:11 - INFO - New file received : example.txt
2024-12-23 19:11 - INFO - Creation of a new Merkle Tree
2024-12-23 19:11 - INFO - New node added : h(1)
2024-12-23 19:11 - INFO - New node added : h(2)
2024-12-23 19:11 - INFO - New node added : h(3)
2024-12-23 19:11 - INFO - New node added : h(4)
2024-12-23 19:11 - INFO - New node added : h(5)
2024-12-23 19:11 - INFO - New node added : h(6)
2024-12-23 19:11 - INFO - New node added : h(7)
2024-12-23 19:11 - INFO - New node added : h(8)
2024-12-23 19:11 - INFO - New node added : h(h(1)h(2))
2024-12-23 19:11 - INFO - New node added : h(h(3)h(4))
2024-12-23 19:11 - INFO - New node added : h(h(5)h(6))
2024-12-23 19:11 - INFO - New node added : h(h(7)h(8))
2024-12-23 19:11 - INFO - New node added : h(h(h(1)h(2))h(h(3)h(4)))
2024-12-23 19:11 - INFO - New node added : h(h(h(5)h(6))h(h(7)h(8)))
2024-12-23 19:11 - INFO - New node added : h(h(h(h(1)h(2))h(h(3)h(4)))h(h(h(5)h(6))h(h(7)h(8))))
2024-12-23 19:11 - INFO - Root Hash asked for Merkle Tree
2024-12-23 19:11 - INFO - Gen Path called for Merkle Tree with index: 7
2024-12-23 19:11 - INFO - Gen Proof called for Merkle Tree: index=7, n=4
2024-12-23 19:11 - INFO - Gen Path called for Merkle Tree with index: 2
2024-12-23 19:11 - INFO - Root Hash asked for Merkle Tree
2024-12-23 19:11 - INFO - New file received : example.txt
2024-12-23 19:11 - INFO - Creation of a new Merkle Tree
2024-12-23 19:11 - INFO - New node added : h(1)
2024-12-23 19:11 - INFO - New node added : h(2)
2024-12-23 19:11 - INFO - New node added : h(3)
2024-12-23 19:11 - INFO - New node added : h(4)
2024-12-23 19:11 - INFO - New node added : h(5)
2024-12-23 19:11 - INFO - New node added : h(6)
2024-12-23 19:11 - INFO - New node added : h(7)
2024-12-23 19:11 - INFO - New node added : h(8)
2024-12-23 19:11 - INFO - New node added : h(h(1)h(2))
2024-12-23 19:11 - INFO - New node added : h(h(3)h(4))
2024-12-23 19:11 - INFO - New node added : h(h(5)h(6))
2024-12-23 19:11 - INFO - New node added : h(h(7)h(8))
2024-12-23 19:11 - INFO - New node added : h(h(h(1)h(2))h(h(3)h(4)))
2024-12-23 19:11 - INFO - New node added : h(h(h(5)h(6))h(h(7)h(8)))
2024-12-23 19:11 - INFO - New node added : h(h(h(h(1)h(2))h(h(3)h(4)))h(h(h(5)h(6))h(h(7)h(8))))
2024-12-23 19:11 - INFO - Root Hash asked for Merkle Tree
2024-12-23 19:11 - INFO - Gen Path called for Merkle Tree with index: 7
2024-12-23 19:11 - INFO - Gen Proof called for Merkle Tree: index=7, n=4
2024-12-23 19:11 - INFO - Gen Path called for Merkle Tree with index: 2
2024-12-23 19:11 - INFO - Root Hash asked for Merkle Tree
2024-12-23 19:13 - INFO - New file received : example.txt
2024-12-23 19:13 - INFO - Creation of a new Merkle Tree
2024-12-23 19:13 - INFO - New node added : cb771c7710be6b61ee814ea45c55180c070281206c309389413819e4fec362ff
2024-12-23 19:13 - INFO - New node added : 39de5ad191fabaa385f034febdab03dc0d04b1b459d45a7c5d34a89f9c68de49
2024-12-23 19:13 - INFO - New node added : b4d2c55e5a68fc37f193b0a4a02a1b8399e86bb7317b7e79596dcdc2dcf77fa0
2024-12-23 19:13 - INFO - New node added : 1c448c4b2ed84959c4ceccd743187c183c31a3b1c8d9f5e5eceda1d05f12dfd5
2024-12-23 19:13 - INFO - New node added : a3c23115a20c6722ebdc1bf84ed4e0cadccb71e16b0098a36995cfde535d4c2b
2024-12-23 19:13 - INFO - New node added : f54a0739b7733dc45afda0f0c14189277735893cc22b0afa10e2b35c39469a9c
2024-12-23 19:13 - INFO - New node added : 7835e7ced77175c2584ccfcff2a14575eb38a702676173a9dcafbafc147c4e1f
2024-12-23 19:13 - INFO - New node added : cd7af355bf4e00ff1cec93563003a246bf6490018b19501989b3580a8bdeba06
2024-12-23 19:13 - INFO - New node added : 6cd05e6fa57dc338a5f8e73a0d8d7fb41c5924c4b64dc5be2cc54d9a3b0f8049
2024-12-23 19:13 - INFO - New node added : ab998cb2cf79178790b6e8f709565f955cbcaf14c6e3b279e7f82423fe67a1d8
2024-12-23 19:13 - INFO - New node added : 1cddadd4bf1cb44f5554847cde2ace9100e484d83dd66e1abebf68e2a1394a48
2024-12-23 19:13 - INFO - New node added : 68a8d4bd75f6a2ead3b14426a74d4e95851eedc9d82c500d4111b3567ab41e9a
2024-12-23 19:13 - INFO - New node added : 4ebf19c91ffba22345924542d338608dfbf98a6d2a0bafb6d40b79592268bed4
2024-12-23 19:13 - INFO - New node added : 8c26fa10311ff01b563734f996527a1fcf3d8f84cefde2baee83968cba3e8e15
2024-12-23 19:13 - INFO - New node added : aad51652a8339a3d514e80276635075a19a4baa8033fadba41123bcf83ca7ac2
2024-12-23 19:13 - INFO - Root Hash asked for Merkle Tree
2024-12-23 19:13 - INFO - Gen Path called for Merkle Tree with index: 7
2024-12-23 19:13 - INFO - Gen Proof called for Merkle Tree: index=7, n=4
2024-12-23 19:13 - INFO - Gen Path called for Merkle Tree with index: 3
2024-12-23 19:13 - INFO - Root Hash asked for Merkle Tree
2024-12-23 19:13 - INFO - New file received : example.txt
2024-12-23 19:13 - INFO - Creation of a new Merkle Tree
2024-12-23 19:13 - INFO - New node added : h(Lorem ipsum odor amet, consectetuer adipiscing elit.)
2024-12-23 19:13 - INFO - New node added : h(Aliquet cursus et mattis sociosqu ridiculus placerat.)
2024-12-23 19:13 - INFO - New node added : h(Morbi efficitur sapien sed habitasse mauris.)
2024-12-23 19:13 - INFO - New node added : h(Integer integer pharetra aliquam lacinia nullam tempus egestas.)
2024-12-23 19:13 - INFO - New node added : h(Quam senectus parturient etiam libero, diam inceptos justo.)
2024-12-23 19:13 - INFO - New node added : h(Suspendisse dapibus egestas posuere lectus venenatis rhoncus.)
2024-12-23 19:13 - INFO - New node added : h(Placerat est massa purus sollicitudin vel accumsan.)
2024-12-23 19:13 - INFO - New node added : h(Sed convallis luctus suspendisse tincidunt tempus. Proin lacus mattis purus nisl malesuada.)
2024-12-23 19:13 - INFO - New node added : h(h(Lorem ipsum odor amet, consectetuer adipiscing elit.)h(Aliquet cursus et mattis sociosqu ridiculus placerat.))
2024-12-23 19:13 - INFO - New node added : h(h(Morbi efficitur sapien sed habitasse mauris.)h(Integer integer pharetra aliquam lacinia nullam tempus egestas.))
2024-12-23 19:13 - INFO - New node added : h(h(Quam senectus parturient etiam libero, diam inceptos justo.)h(Suspendisse dapibus egestas posuere lectus venenatis rhoncus.))
2024-12-23 19:13 - INFO - New node added : h(h(Placerat est massa purus sollicitudin vel accumsan.)h(Sed convallis luctus suspendisse tincidunt tempus. Proin lacus mattis purus nisl malesuada.))
2024-12-23 19:13 - INFO - New node added : h(h(h(Lorem ipsum odor amet, consectetuer adipiscing elit.)h(Aliquet cursus et mattis sociosqu ridiculus placerat.))h(h(Morbi efficitur sapien sed habitasse mauris.)h(Integer integer pharetra aliquam lacinia nullam tempus egestas.)))
2024-12-23 19:13 - INFO - New node added : h(h(h(Quam senectus parturient etiam libero, diam inceptos justo.)h(Suspendisse dapibus egestas posuere lectus venenatis rhoncus.))h(h(Placerat est massa purus sollicitudin vel accumsan.)h(Sed convallis luctus suspendisse tincidunt tempus. Proin lacus mattis purus nisl malesuada.)))
2024-12-23 19:13 - INFO - New node added : h(h(h(h(Lorem ipsum odor amet, consectetuer adipiscing elit.)h(Aliquet cursus et mattis sociosqu ridiculus placerat.))h(h(Morbi efficitur sapien sed habitasse mauris.)h(Integer integer pharetra aliquam lacinia nullam tempus egestas.)))h(h(h(Quam senectus parturient etiam libero, diam inceptos justo.)h(Suspendisse dapibus egestas posuere lectus venenatis rhoncus.))h(h(Placerat est massa purus sollicitudin vel accumsan.)h(Sed convallis luctus suspendisse tincidunt tempus. Proin lacus mattis purus nisl malesuada.))))
2024-12-23 19:13 - INFO - Root Hash asked for Merkle Tree
2024-12-23 19:13 - INFO - Gen Path called for Merkle Tree with index: 7
2024-12-23 19:13 - INFO - Gen Proof called for Merkle Tree: index=7, n=4
2024-12-23 19:13 - INFO - Gen Path called for Merkle Tree with index: 3
2024-12-23 19:13 - INFO - Root Hash asked for Merkle Tree
2024-12-23 20:51 - INFO - New file received : example.txt
2024-12-23 20:51 - INFO - Creation of a new Merkle Tree
2024-12-23 20:51 - INFO - New node added : h(Lorem ipsum odor)
2024-12-23 20:51 - INFO - New node added : h(Aliquet cursus)
2024-12-23 20:51 - INFO - New node added : h(Morbi efficitur)
2024-12-23 20:51 - INFO - New node added : h(Integer integer)
2024-12-23 20:51 - INFO - New node added : h(Quam senectus)
2024-12-23 20:51 - INFO - New node added : h(Suspendisse)
2024-12-23 20:51 - INFO - New node added : h(Placerat)
2024-12-23 20:51 - INFO - New node added : h(Sed convallis)
2024-12-23 20:51 - INFO - New node added : h(h(Lorem ipsum odor)h(Aliquet cursus))
2024-12-23 20:51 - INFO - New node added : h(h(Morbi efficitur)h(Integer integer))
2024-12-23 20:51 - INFO - New node added : h(h(Quam senectus)h(Suspendisse))
2024-12-23 20:51 - INFO - New node added : h(h(Placerat)h(Sed convallis))
2024-12-23 20:51 - INFO - New node added : h(h(h(Lorem ipsum odor)h(Aliquet cursus))h(h(Morbi efficitur)h(Integer integer)))
2024-12-23 20:51 - INFO - New node added : h(h(h(Quam senectus)h(Suspendisse))h(h(Placerat)h(Sed convallis)))
2024-12-23 20:51 - INFO - New node added : h(h(h(h(Lorem ipsum odor)h(Aliquet cursus))h(h(Morbi efficitur)h(Integer integer)))h(h(h(Quam senectus)h(Suspendisse))h(h(Placerat)h(Sed convallis))))
2024-12-23 20:51 - INFO - Root Hash asked for Merkle Tree
2024-12-23 20:51 - INFO - Gen Path called for Merkle Tree with index: 7
2024-12-23 20:51 - INFO - Gen Proof called for Merkle Tree: index=7, n=4
2024-12-23 20:51 - INFO - Gen Path called for Merkle Tree with index: 3
2024-12-23 20:51 - INFO - Root Hash asked for Merkle Tree
2024-12-23 20:52 - INFO - New file received : example.txt
2024-12-23 20:52 - INFO - Creation of a new Merkle Tree
2024-12-23 20:52 - INFO - New node added : h(Lorem ipsum odor)
2024-12-23 20:52 - INFO - New node added : h(Aliquet cursus)
2024-12-23 20:52 - INFO - New node added : h(Morbi efficitur)
2024-12-23 20:52 - INFO - New node added : h(Integer integer)
2024-12-23 20:52 - INFO - New node added : h(Quam senectus)
2024-12-23 20:52 - INFO - New node added : h(Suspendisse)
2024-12-23 20:52 - INFO - New node added : h(Placerat)
2024-12-23 20:52 - INFO - New node added : h(Sed convallis)
2024-12-23 20:52 - INFO - New node added : h(h(Lorem ipsum odor)h(Aliquet cursus))
2024-12-23 20:52 - INFO - New node added : h(h(Morbi efficitur)h(Integer integer))
2024-12-23 20:52 - INFO - New node added : h(h(Quam senectus)h(Suspendisse))
2024-12-23 20:52 - INFO - New node added : h(h(Placerat)h(Sed convallis))
2024-12-23 20:52 - INFO - New node added : h(h(h(Lorem ipsum odor)h(Aliquet cursus))h(h(Morbi efficitur)h(Integer integer)))
2024-12-23 20:52 - INFO - New node added : h(h(h(Quam senectus)h(Suspendisse))h(h(Placerat)h(Sed convallis)))
2024-12-23 20:52 - INFO - New node added : h(h(h(h(Lorem ipsum odor)h(Aliquet cursus))h(h(Morbi efficitur)h(Integer integer)))h(h(h(Quam senectus)h(Suspendisse))h(h(Placerat)h(Sed convallis))))
2024-12-23 20:52 - INFO - Root Hash asked for Merkle Tree
2024-12-23 20:52 - INFO - Gen Path called for Merkle Tree with index: 7
2024-12-23 20:52 - INFO - Gen Proof called for Merkle Tree: index=7, n=4
2024-12-23 20:52 - INFO - Gen Path called for Merkle Tree with index: 3
2024-12-23 20:52 - INFO - Root Hash asked for Merkle Tree
2024-12-23 20:53 - INFO - New file received : example.txt
2024-12-23 20:53 - INFO - Creation of a new Merkle Tree
2024-12-23 20:53 - INFO - New node added : h(Lorem ipsum odor)
2024-12-23 20:53 - INFO - New node added : h(Aliquet cursus)
2024-12-23 20:53 - INFO - New node added : h(Morbi efficitur)
2024-12-23 20:53 - INFO - New node added : h(Integer integer)
2024-12-23 20:53 - INFO - New node added : h(Quam senectus)
2024-12-23 20:53 - INFO - New node added : h(Suspendisse)
2024-12-23 20:53 - INFO - New node added : h(Placerat)
2024-12-23 20:53 - INFO - New node added : h(Sed convallis)
2024-12-23 20:53 - INFO - New node added : h(h(Lorem ipsum odor)h(Aliquet cursus))
2024-12-23 20:53 - INFO - New node added : h(h(Morbi efficitur)h(Integer integer))
2024-12-23 20:53 - INFO - New node added : h(h(Quam senectus)h(Suspendisse))
2024-12-23 20:53 - INFO - New node added : h(h(Placerat)h(Sed convallis))
2024-12-23 20:53 - INFO - New node added : h(h(h(Lorem ipsum odor)h(Aliquet cursus))h(h(Morbi efficitur)h(Integer integer)))
2024-12-23 20:53 - INFO - New node added : h(h(h(Quam senectus)h(Suspendisse))h(h(Placerat)h(Sed convallis)))
2024-12-23 20:53 - INFO - New node added : h(h(h(h(Lorem ipsum odor)h(Aliquet cursus))h(h(Morbi efficitur)h(Integer integer)))h(h(h(Quam senectus)h(Suspendisse))h(h(Placerat)h(Sed convallis))))
2024-12-23 20:53 - INFO - Root Hash asked for Merkle Tree
2024-12-23 20:53 - INFO - Gen Path called for Merkle Tree with index: 7
2024-12-23 20:53 - INFO - Gen Proof called for Merkle Tree: index=7, n=4
2024-12-23 20:53 - INFO - Gen Path called for Merkle Tree with index: 1
2024-12-23 20:53 - INFO - Root Hash asked for Merkle Tree
2024-12-23 21:18 - INFO - New file received : example.txt
2024-12-23 21:18 - INFO - Creation of a new Merkle Tree
2024-12-23 21:18 - INFO - New node added : h(Lorem ipsum odor)
2024-12-23 21:18 - INFO - New node added : h(Aliquet cursus)
2024-12-23 21:18 - INFO - New node added : h(Morbi efficitur)
2024-12-23 21:18 - INFO - New node added : h(Integer integer)
2024-12-23 21:18 - INFO - New node added : h(Quam senectus)
2024-12-23 21:18 - INFO - New node added : h(Suspendisse)
2024-12-23 21:18 - INFO - New node added : h(Placerat)
2024-12-23 21:18 - INFO - New node added : h(Sed convallis)
2024-12-23 21:18 - INFO - New node added : h(h(Lorem ipsum odor)h(Aliquet cursus))
2024-12-23 21:18 - INFO - New node added : h(h(Morbi efficitur)h(Integer integer))
2024-12-23 21:18 - INFO - New node added : h(h(Quam senectus)h(Suspendisse))
2024-12-23 21:18 - INFO - New node added : h(h(Placerat)h(Sed convallis))
2024-12-23 21:18 - INFO - New node added : h(h(h(Lorem ipsum odor)h(Aliquet cursus))h(h(Morbi efficitur)h(Integer integer)))
2024-12-23 21:18 - INFO - New node added : h(h(h(Quam senectus)h(Suspendisse))h(h(Placerat)h(Sed convallis)))
2024-12-23 21:18 - INFO - New node added : h(h(h(h(Lorem ipsum odor)h(Aliquet cursus))h(h(Morbi efficitur)h(Integer integer)))h(h(h(Quam senectus)h(Suspendisse))h(h(Placerat)h(Sed convallis))))
2024-12-23 21:18 - INFO - Root Hash asked for Merkle Tree
2024-12-23 21:18 - INFO - Gen Path called for Merkle Tree with index: 7
2024-12-23 21:18 - INFO - Gen Proof called for Merkle Tree: index=7, n=4
2024-12-23 21:18 - INFO - Gen Path called for Merkle Tree with index: 1
2024-12-23 21:18 - INFO - Root Hash asked for Merkle Tree
2024-12-23 21:19 - INFO - New file received : example.txt
2024-12-23 21:19 - INFO - Creation of a new Merkle Tree
2024-12-23 21:19 - INFO - New node added : h(Lorem ipsum odor)
2024-12-23 21:19 - INFO - New node added : h(Aliquet cursus)
2024-12-23 21:19 - INFO - New node added : h(Morbi efficitur)
2024-12-23 21:19 - INFO - New node added : h(Integer integer)
2024-12-23 21:19 - INFO - New node added : h(Quam senectus)
2024-12-23 21:19 - INFO - New node added : h(Suspendisse)
2024-12-23 21:19 - INFO - New node added : h(Placerat)
2024-12-23 21:19 - INFO - New node added : h(Sed convallis)
2024-12-23 21:19 - INFO - New node added : h(h(Lorem ipsum odor)h(Aliquet cursus))
2024-12-23 21:19 - INFO - New node added : h(h(Morbi efficitur)h(Integer integer))
2024-12-23 21:19 - INFO - New node added : h(h(Quam senectus)h(Suspendisse))
2024-12-23 21:19 - INFO - New node added : h(h(Placerat)h(Sed convallis))
2024-12-23 21:19 - INFO - New node added : h(h(h(Lorem ipsum odor)h(Aliquet cursus))h(h(Morbi efficitur)h(Integer integer)))
2024-12-23 21:19 - INFO - New node added : h(h(h(Quam senectus)h(Suspendisse))h(h(Placerat)h(Sed convallis)))
2024-12-23 21:19 - INFO - New node added : h(h(h(h(Lorem ipsum odor)h(Aliquet cursus))h(h(Morbi efficitur)h(Integer integer)))h(h(h(Quam senectus)h(Suspendisse))h(h(Placerat)h(Sed convallis))))
2024-12-23 21:19 - INFO - Root Hash asked for Merkle Tree
2024-12-23 21:19 - INFO - Gen Path called for Merkle Tree with index: 7
2024-12-23 21:19 - INFO - Gen Proof called for Merkle Tree: index=7, n=4
2024-12-23 21:19 - INFO - Gen Path called for Merkle Tree with index: 1
2024-12-23 21:19 - INFO - Root Hash asked for Merkle Tree
2024-12-23 21:35 - INFO - New file received : example.txt
2024-12-23 21:35 - INFO - Creation of a new Merkle Tree
2024-12-23 21:35 - INFO - New node added : h(Lorem ipsum odor)
2024-12-23 21:35 - INFO - New node added : h(Aliquet cursus)
2024-12-23 21:35 - INFO - New node added : h(Morbi efficitur)
2024-12-23 21:35 - INFO - New node added : h(Integer integer)
2024-12-23 21:35 - INFO - New node added : h(Quam senectus)
2024-12-23 21:35 - INFO - New node added : h(Suspendisse)
2024-12-23 21:35 - INFO - New node added : h(Placerat)
2024-12-23 21:35 - INFO - New node added : h(Sed convallis)
2024-12-23 21:35 - INFO - New node added : h(h(Lorem ipsum odor)h(Aliquet cursus))
2024-12-23 21:35 - INFO - New node added : h(h(Morbi efficitur)h(Integer integer))
2024-12-23 21:35 - INFO - New node added : h(h(Quam senectus)h(Suspendisse))
2024-12-23 21:35 - INFO - New node added : h(h(Placerat)h(Sed convallis))
2024-12-23 21:35 - INFO - New node added : h(h(h(Lorem ipsum odor)h(Aliquet cursus))h(h(Morbi efficitur)h(Integer integer)))
2024-12-23 21:35 - INFO - New node added : h(h(h(Quam senectus)h(Suspendisse))h(h(Placerat)h(Sed convallis)))
2024-12-23 21:35 - INFO - New node added : h(h(h(h(Lorem ipsum odor)h(Aliquet cursus))h(h(Morbi efficitur)h(Integer integer)))h(h(h(Quam senectus)h(Suspendisse))h(h(Placerat)h(Sed convallis))))
2024-12-23 21:35 - INFO - Root Hash asked for Merkle Tree
2024-12-23 21:35 - INFO - Gen Path called for Merkle Tree with index: 7
2024-12-23 21:35 - INFO - Gen Proof called for Merkle Tree: index=7, n=4
2024-12-23 21:35 - INFO - Gen Path called for Merkle Tree with index: 2
2024-12-23 21:35 - INFO - Root Hash asked for Merkle Tree
2024-12-23 21:46 - INFO - New file received : example.txt
2024-12-23 21:46 - INFO - Creation of a new Merkle Tree
2024-12-23 21:46 - INFO - New node added : h(Lorem ipsum odor)
2024-12-23 21:46 - INFO - New node added : h(Aliquet cursus)
2024-12-23 21:46 - INFO - New node added : h(Morbi efficitur)
2024-12-23 21:46 - INFO - New node added : h(Integer integer)
2024-12-23 21:46 - INFO - New node added : h(Quam senectus)
2024-12-23 21:46 - INFO - New node added : h(Suspendisse)
2024-12-23 21:46 - INFO - New node added : h(Placerat)
2024-12-23 21:46 - INFO - New node added : h(Sed convallis)
2024-12-23 21:46 - INFO - New node added : h(h(Lorem ipsum odor)h(Aliquet cursus))
2024-12-23 21:46 - INFO - New node added : h(h(Morbi efficitur)h(Integer integer))
2024-12-23 21:46 - INFO - New node added : h(h(Quam senectus)h(Suspendisse))
2024-12-23 21:46 - INFO - New node added : h(h(Placerat)h(Sed convallis))
2024-12-23 21:46 - INFO - New node added : h(h(h(Lorem ipsum odor)h(Aliquet cursus))h(h(Morbi efficitur)h(Integer integer)))
2024-12-23 21:46 - INFO - New node added : h(h(h(Quam senectus)h(Suspendisse))h(h(Placerat)h(Sed convallis)))
2024-12-23 21:46 - INFO - New node added : h(h(h(h(Lorem ipsum odor)h(Aliquet cursus))h(h(Morbi efficitur)h(Integer integer)))h(h(h(Quam senectus)h(Suspendisse))h(h(Placerat)h(Sed convallis))))
2024-12-23 21:46 - INFO - Root Hash asked for Merkle Tree
2024-12-23 21:46 - INFO - Gen Path called for Merkle Tree with index: 7
2024-12-23 21:46 - INFO - Gen Proof called for Merkle Tree: index=7, n=4
2024-12-23 21:46 - INFO - Gen Path called for Merkle Tree with index: 2
2024-12-23 21:46 - INFO - Root Hash asked for Merkle Tree
2024-12-23 21:46 - INFO - New file received : example.txt
2024-12-23 21:46 - INFO - Creation of a new Merkle Tree
2024-12-23 21:46 - INFO - New node added : b5bedb83aa937079b0793d06171b770a64d38275d13cde99fef9cd6dd863f911
2024-12-23 21:46 - INFO - New node added : 411beb538c19a0ac5d0049b3b9c011d56b99930c3e08297b78ec9c19cb6b0908
2024-12-23 21:46 - INFO - New node added : 81c5369bfc5ec95f31ce58f844528f620a33e9bb4e4b17c46c2534d504b7909c
2024-12-23 21:46 - INFO - New node added : 5d87ef2e4832bf4c296050ea42bb69e692f31dfdb5f54066099d7310be089055
2024-12-23 21:46 - INFO - New node added : c5865d3ca0e001b4bf8837e5f7e1e4cf4ee7f0bcf4fa8a710a57ccb5234a0881
2024-12-23 21:46 - INFO - New node added : 2d19f2a36ccaba9614078e2cbaa1804d053a40909b43d6416b0e72fc77e75a6b
2024-12-23 21:46 - INFO - New node added : bf2eacd700eeb5f5b765d3314208416009902bd7103bce670112dc410059b886
2024-12-23 21:46 - INFO - New node added : b282f30a72a3239b72338d0b0a29ed1d1abf294086384baca977a15467c11abd
2024-12-23 21:46 - INFO - New node added : 08d03af567b8c93b977d6e653583ed683cd3f63a7b70ea71becdf2dd1467013b
2024-12-23 21:46 - INFO - New node added : 146be71bbfb164452e335cc1b47bc5d171ae2778aabe2a0580d262f514d4cd20
2024-12-23 21:46 - INFO - New node added : 264d53aee3baeba45e7ee0be1e7577779c9e74d2917f21ad8508a6e77e597af4
2024-12-23 21:46 - INFO - New node added : d8bf58e8873531152ceca1ebab186dc60f5bb555a74166f7f1286e923f410bf4
2024-12-23 21:46 - INFO - New node added : 9e104250301c36183c45a85eaf2a89fbb5d19a0661a539a54b7da7fdd8bc8946
2024-12-23 21:46 - INFO - New node added : 7a8c622d1d239e6da4b014aaa2da5a1ed6f5a1d3695b33985a67754b82578896
2024-12-23 21:46 - INFO - New node added : 654832252efbe644a33aa65add9f0f6eb3985cd5e4abc1fc3b984105898d7fbe
2024-12-23 21:46 - INFO - Root Hash asked for Merkle Tree
2024-12-23 21:46 - INFO - Gen Path called for Merkle Tree with index: 7
2024-12-23 21:46 - INFO - Gen Proof called for Merkle Tree: index=7, n=4
2024-12-23 21:46 - INFO - Gen Path called for Merkle Tree with index: 2
2024-12-23 21:46 - INFO - Root Hash asked for Merkle Tree
2024-12-23 21:47 - INFO - New file received : example.txt
2024-12-23 21:47 - INFO - Creation of a new Merkle Tree
2024-12-23 21:47 - INFO - New node added : h(Lorem ipsum odor)
2024-12-23 21:47 - INFO - New node added : h(Aliquet cursus)
2024-12-23 21:47 - INFO - New node added : h(Morbi efficitur)
2024-12-23 21:47 - INFO - New node added : h(Integer integer)
2024-12-23 21:47 - INFO - New node added : h(Quam senectus)
2024-12-23 21:47 - INFO - New node added : h(Suspendisse)
2024-12-23 21:47 - INFO - New node added : h(Placerat)
2024-12-23 21:47 - INFO - New node added : h(Sed convallis)
2024-12-23 21:47 - INFO - New node added : h(h(Lorem ipsum odor)h(Aliquet cursus))
2024-12-23 21:47 - INFO - New node added : h(h(Morbi efficitur)h(Integer integer))
2024-12-23 21:47 - INFO - New node added : h(h(Quam senectus)h(Suspendisse))
2024-12-23 21:47 - INFO - New node added : h(h(Placerat)h(Sed convallis))
2024-12-23 21:47 - INFO - New node added : h(h(h(Lorem ipsum odor)h(Aliquet cursus))h(h(Morbi efficitur)h(Integer integer)))
2024-12-23 21:47 - INFO - New node added : h(h(h(Quam senectus)h(Suspendisse))h(h(Placerat)h(Sed convallis)))
2024-12-23 21:47 - INFO - New node added : h(h(h(h(Lorem ipsum odor)h(Aliquet cursus))h(h(Morbi efficitur)h(Integer integer)))h(h(h(Quam senectus)h(Suspendisse))h(h(Placerat)h(Sed convallis))))
2024-12-23 21:47 - INFO - Root Hash asked for Merkle Tree
2024-12-23 21:47 - INFO - Gen Path called for Merkle Tree with index: 7
2024-12-23 21:47 - INFO - Gen Proof called for Merkle Tree: index=7, n=4
2024-12-23 21:47 - INFO - Gen Path called for Merkle Tree with index: 2
2024-12-23 21:47 - INFO - Root Hash asked for Merkle Tree
2024-12-23 21:48 - INFO - New file received : example.txt
2024-12-23 21:48 - INFO - Creation of a new Merkle Tree
2024-12-23 21:48 - INFO - New node added : b5bedb83aa937079b0793d06171b770a64d38275d13cde99fef9cd6dd863f911
2024-12-23 21:48 - INFO - New node added : 411beb538c19a0ac5d0049b3b9c011d56b99930c3e08297b78ec9c19cb6b0908
2024-12-23 21:48 - INFO - New node added : 81c5369bfc5ec95f31ce58f844528f620a33e9bb4e4b17c46c2534d504b7909c
2024-12-23 21:48 - INFO - New node added : 5d87ef2e4832bf4c296050ea42bb69e692f31dfdb5f54066099d7310be089055
2024-12-23 21:48 - INFO - New node added : c5865d3ca0e001b4bf8837e5f7e1e4cf4ee7f0bcf4fa8a710a57ccb5234a0881
2024-12-23 21:48 - INFO - New node added : 2d19f2a36ccaba9614078e2cbaa1804d053a40909b43d6416b0e72fc77e75a6b
2024-12-23 21:48 - INFO - New node added : bf2eacd700eeb5f5b765d3314208416009902bd7103bce670112dc410059b886
2024-12-23 21:48 - INFO - New node added : b282f30a72a3239b72338d0b0a29ed1d1abf294086384baca977a15467c11abd
2024-12-23 21:48 - INFO - New node added : 08d03af567b8c93b977d6e653583ed683cd3f63a7b70ea71becdf2dd1467013b
2024-12-23 21:48 - INFO - New node added : 146be71bbfb164452e335cc1b47bc5d171ae2778aabe2a0580d262f514d4cd20
2024-12-23 21:48 - INFO - New node added : 264d53aee3baeba45e7ee0be1e7577779c9e74d2917f21ad8508a6e77e597af4
2024-12-23 21:48 - INFO - New node added : d8bf58e8873531152ceca1ebab186dc60f5bb555a74166f7f1286e923f410bf4
2024-12-23 21:48 - INFO - New node added : 9e104250301c36183c45a85eaf2a89fbb5d19a0661a539a54b7da7fdd8bc8946
2024-12-23 21:48 - INFO - New node added : 7a8c622d1d239e6da4b014aaa2da5a1ed6f5a1d3695b33985a67754b82578896
2024-12-23 21:48 - INFO - New node added : 654832252efbe644a33aa65add9f0f6eb3985cd5e4abc1fc3b984105898d7fbe
2024-12-23 21:48 - INFO - Root Hash asked for Merkle Tree
2024-12-23 21:48 - INFO - Gen Path called for Merkle Tree with index: 7
2024-12-23 21:48 - INFO - Gen Proof called for Merkle Tree: index=7, n=4
2024-12-23 21:48 - INFO - Gen Path called for Merkle Tree with index: 2
2024-12-23 21:48 - INFO - Root Hash asked for Merkle Tree
2024-12-23 21:54 - INFO - New file received : example.txt
2024-12-23 21:54 - INFO - Creation of a new Merkle Tree
2024-12-23 21:54 - INFO - New node added : b5bedb83aa937079b0793d06171b770a64d38275d13cde99fef9cd6dd863f911
2024-12-23 21:54 - INFO - New node added : 411beb538c19a0ac5d0049b3b9c011d56b99930c3e08297b78ec9c19cb6b0908
2024-12-23 21:54 - INFO - New node added : 81c5369bfc5ec95f31ce58f844528f620a33e9bb4e4b17c46c2534d504b7909c
2024-12-23 21:54 - INFO - New node added : 5d87ef2e4832bf4c296050ea42bb69e692f31dfdb5f54066099d7310be089055
2024-12-23 21:54 - INFO - New node added : c5865d3ca0e001b4bf8837e5f7e1e4cf4ee7f0bcf4fa8a710a57ccb5234a0881
2024-12-23 21:54 - INFO - New node added : 2d19f2a36ccaba9614078e2cbaa1804d053a40909b43d6416b0e72fc77e75a6b
2024-12-23 21:54 - INFO - New node added : bf2eacd700eeb5f5b765d3314208416009902bd7103bce670112dc410059b886
2024-12-23 21:54 - INFO - New node added : b282f30a72a3239b72338d0b0a29ed1d1abf294086384baca977a15467c11abd
2024-12-23 21:54 - INFO - New node added : 08d03af567b8c93b977d6e653583ed683cd3f63a7b70ea71becdf2dd1467013b
2024-12-23 21:54 - INFO - New node added : 146be71bbfb164452e335cc1b47bc5d171ae2778aabe2a0580d262f514d4cd20
2024-12-23 21:54 - INFO - New node added : 264d53aee3baeba45e7ee0be1e7577779c9e74d2917f21ad8508a6e77e597af4
2024-12-23 21:54 - INFO - New node added : d8bf58e8873531152ceca1ebab186dc60f5bb555a74166f7f1286e923f410bf4
2024-12-23 21:54 - INFO - New node added : 9e104250301c36183c45a85eaf2a89fbb5d19a0661a539a54b7da7fdd8bc8946
2024-12-23 21:54 - INFO - New node added : 7a8c622d1d239e6da4b014aaa2da5a1ed6f5a1d3695b33985a67754b82578896
2024-12-23 21:54 - INFO - New node added : 654832252efbe644a33aa65add9f0f6eb3985cd5e4abc1fc3b984105898d7fbe
2024-12-23 21:54 - INFO - Root Hash asked for Merkle Tree
2024-12-23 21:54 - INFO - Gen Path called for Merkle Tree with index: 7
2024-12-23 21:54 - INFO - Gen Proof called for Merkle Tree: index=7, n=4
2024-12-23 21:54 - INFO - Gen Path called for Merkle Tree with index: 2
2024-12-23 21:54 - INFO - Root Hash asked for Merkle Tree
2024-12-23 21:55 - INFO - New file received : example.txt
2024-12-23 21:55 - INFO - Creation of a new Merkle Tree
2024-12-23 21:55 - INFO - New node added : h(Lorem ipsum odor)
2024-12-23 21:55 - INFO - New node added : h(Aliquet cursus)
2024-12-23 21:55 - INFO - New node added : h(Morbi efficitur)
2024-12-23 21:55 - INFO - New node added : h(Integer integer)
2024-12-23 21:55 - INFO - New node added : h(Quam senectus)
2024-12-23 21:55 - INFO - New node added : h(Suspendisse)
2024-12-23 21:55 - INFO - New node added : h(Placerat)
2024-12-23 21:55 - INFO - New node added : h(Sed convallis)
2024-12-23 21:55 - INFO - New node added : h(h(Lorem ipsum odor)h(Aliquet cursus))
2024-12-23 21:55 - INFO - New node added : h(h(Morbi efficitur)h(Integer integer))
2024-12-23 21:55 - INFO - New node added : h(h(Quam senectus)h(Suspendisse))
2024-12-23 21:55 - INFO - New node added : h(h(Placerat)h(Sed convallis))
2024-12-23 21:55 - INFO - New node added : h(h(h(Lorem ipsum odor)h(Aliquet cursus))h(h(Morbi efficitur)h(Integer integer)))
2024-12-23 21:55 - INFO - New node added : h(h(h(Quam senectus)h(Suspendisse))h(h(Placerat)h(Sed convallis)))
2024-12-23 21:55 - INFO - New node added : h(h(h(h(Lorem ipsum odor)h(Aliquet cursus))h(h(Morbi efficitur)h(Integer integer)))h(h(h(Quam senectus)h(Suspendisse))h(h(Placerat)h(Sed convallis))))
2024-12-23 21:55 - INFO - Root Hash asked for Merkle Tree
2024-12-23 21:55 - INFO - Gen Path called for Merkle Tree with index: 7
2024-12-23 21:55 - INFO - Gen Proof called for Merkle Tree: index=7, n=4
2024-12-23 21:55 - INFO - Gen Path called for Merkle Tree with index: 2
2024-12-23 21:55 - INFO - Root Hash asked for Merkle Tree
2024-12-23 21:56 - INFO - New file received : example.txt
2024-12-23 21:56 - INFO - Creation of a new Merkle Tree
2024-12-23 21:56 - INFO - New node added : b5bedb83aa937079b0793d06171b770a64d38275d13cde99fef9cd6dd863f911
2024-12-23 21:56 - INFO - New node added : 411beb538c19a0ac5d0049b3b9c011d56b99930c3e08297b78ec9c19cb6b0908
2024-12-23 21:56 - INFO - New node added : 81c5369bfc5ec95f31ce58f844528f620a33e9bb4e4b17c46c2534d504b7909c
2024-12-23 21:56 - INFO - New node added : 5d87ef2e4832bf4c296050ea42bb69e692f31dfdb5f54066099d7310be089055
2024-12-23 21:56 - INFO - New node added : c5865d3ca0e001b4bf8837e5f7e1e4cf4ee7f0bcf4fa8a710a57ccb5234a0881
2024-12-23 21:56 - INFO - New node added : 2d19f2a36ccaba9614078e2cbaa1804d053a40909b43d6416b0e72fc77e75a6b
2024-12-23 21:56 - INFO - New node added : bf2eacd700eeb5f5b765d3314208416009902bd7103bce670112dc410059b886
2024-12-23 21:56 - INFO - New node added : b282f30a72a3239b72338d0b0a29ed1d1abf294086384baca977a15467c11abd
2024-12-23 21:56 - INFO - New node added : 08d03af567b8c93b977d6e653583ed683cd3f63a7b70ea71becdf2dd1467013b
2024-12-23 21:56 - INFO - New node added : 146be71bbfb164452e335cc1b47bc5d171ae2778aabe2a0580d262f514d4cd20
2024-12-23 21:56 - INFO - New node added : 264d53aee3baeba45e7ee0be1e7577779c9e74d2917f21ad8508a6e77e597af4
2024-12-23 21:56 - INFO - New node added : d8bf58e8873531152ceca1ebab186dc60f5bb555a74166f7f1286e923f410bf4
2024-12-23 21:56 - INFO - New node added : 9e104250301c36183c45a85eaf2a89fbb5d19a0661a539a54b7da7fdd8bc8946
2024-12-23 21:56 - INFO - New node added : 7a8c622d1d239e6da4b014aaa2da5a1ed6f5a1d3695b33985a67754b82578896
2024-12-23 21:56 - INFO - New node added : 654832252efbe644a33aa65add9f0f6eb3985cd5e4abc1fc3b984105898d7fbe
2024-12-23 21:56 - INFO - Root Hash asked for Merkle Tree
2024-12-23 21:56 - INFO - Gen Path called for Merkle Tree with index: 7
2024-12-23 21:56 - INFO - Gen Proof called for Merkle Tree: index=7, n=4
2024-12-23 21:56 - INFO - Gen Path called for Merkle Tree with index: 2
2024-12-23 21:56 - INFO - Root Hash asked for Merkle Tree
2024-12-23 22:03 - INFO - New file received : example.txt
2024-12-23 22:03 - INFO - Creation of a new Merkle Tree
2024-12-23 22:03 - INFO - New node added : h(Lorem ipsum odor)
2024-12-23 22:03 - INFO - New node added : h(Aliquet cursus)
2024-12-23 22:03 - INFO - New node added : h(Morbi efficitur)
2024-12-23 22:03 - INFO - New node added : h(Integer integer)
2024-12-23 22:03 - INFO - New node added : h(Quam senectus)
2024-12-23 22:03 - INFO - New node added : h(Suspendisse)
2024-12-23 22:03 - INFO - New node added : h(Placerat)
2024-12-23 22:03 - INFO - New node added : h(Sed convallis)
2024-12-23 22:03 - INFO - New node added : h(h(Lorem ipsum odor)h(Aliquet cursus))
2024-12-23 22:03 - INFO - New node added : h(h(Morbi efficitur)h(Integer integer))
2024-12-23 22:03 - INFO - New node added : h(h(Quam senectus)h(Suspendisse))
2024-12-23 22:03 - INFO - New node added : h(h(Placerat)h(Sed convallis))
2024-12-23 22:03 - INFO - New node added : h(h(h(Lorem ipsum odor)h(Aliquet cursus))h(h(Morbi efficitur)h(Integer integer)))
2024-12-23 22:03 - INFO - New node added : h(h(h(Quam senectus)h(Suspendisse))h(h(Placerat)h(Sed convallis)))
2024-12-23 22:03 - INFO - New node added : h(h(h(h(Lorem ipsum odor)h(Aliquet cursus))h(h(Morbi efficitur)h(Integer integer)))h(h(h(Quam senectus)h(Suspendisse))h(h(Placerat)h(Sed convallis))))
2024-12-23 22:03 - INFO - Root Hash asked for Merkle Tree
2024-12-23 22:03 - INFO - Gen Path called for Merkle Tree with index: 7
2024-12-23 22:03 - INFO - Gen Proof called for Merkle Tree: index=7, n=4
2024-12-23 22:03 - INFO - Gen Path called for Merkle Tree with index: 2
2024-12-23 22:03 - INFO - Root Hash asked for Merkle Tree
2024-12-23 22:10 - INFO - New file received : example.txt
2024-12-23 22:10 - INFO - Creation of a new Merkle Tree
2024-12-23 22:10 - INFO - New node added : h(Lorem ipsum odor)
2024-12-23 22:10 - INFO - New node added : h(Aliquet cursus)
2024-12-23 22:10 - INFO - New node added : h(Morbi efficitur)
2024-12-23 22:10 - INFO - New node added : h(Integer integer)
2024-12-23 22:10 - INFO - New node added : h(Quam senectus)
2024-12-23 22:10 - INFO - New node added : h(Suspendisse)
2024-12-23 22:10 - INFO - New node added : h(Placerat)
2024-12-23 22:10 - INFO - New node added : h(Sed convallis)
2024-12-23 22:10 - INFO - New node added : h(h(Lorem ipsum odor)h(Aliquet cursus))
2024-12-23 22:10 - INFO - New node added : h(h(Morbi efficitur)h(Integer integer))
2024-12-23 22:10 - INFO - New node added : h(h(Quam senectus)h(Suspendisse))
2024-12-23 22:10 - INFO - New node added : h(h(Placerat)h(Sed convallis))
2024-12-23 22:10 - INFO - New node added : h(h(h(Lorem ipsum odor)h(Aliquet cursus))h(h(Morbi efficitur)h(Integer integer)))
2024-12-23 22:10 - INFO - New node added : h(h(h(Quam senectus)h(Suspendisse))h(h(Placerat)h(Sed convallis)))
2024-12-23 22:10 - INFO - New node added : h(h(h(h(Lorem ipsum odor)h(Aliquet cursus))h(h(Morbi efficitur)h(Integer integer)))h(h(h(Quam senectus)h(Suspendisse))h(h(Placerat)h(Sed convallis))))
2024-12-23 22:10 - INFO - Root Hash asked for Merkle Tree
2024-12-23 22:10 - INFO - Gen Path called for Merkle Tree with index: 7
2024-12-23 22:10 - INFO - Gen Proof called for Merkle Tree: index=7, n=4
2024-12-23 22:10 - INFO - Gen Path called for Merkle Tree with index: 2
2024-12-23 22:13 - INFO - New file received : example.txt
2024-12-23 22:13 - INFO - Creation of a new Merkle Tree
2024-12-23 22:13 - INFO - New node added : h(1)
2024-12-23 22:13 - INFO - New node added : h(2)
2024-12-23 22:13 - INFO - New node added : h(3)
2024-12-23 22:13 - INFO - New node added : h(4)
2024-12-23 22:13 - INFO - New node added : h(5)
2024-12-23 22:13 - INFO - New node added : h(6)
2024-12-23 22:13 - INFO - New node added : h(7)
2024-12-23 22:13 - INFO - New node added : h(8)
2024-12-23 22:13 - INFO - New node added : h(h(1)h(2))
2024-12-23 22:13 - INFO - New node added : h(h(3)h(4))
2024-12-23 22:13 - INFO - New node added : h(h(5)h(6))
2024-12-23 22:13 - INFO - New node added : h(h(7)h(8))
2024-12-23 22:13 - INFO - New node added : h(h(h(1)h(2))h(h(3)h(4)))
2024-12-23 22:13 - INFO - New node added : h(h(h(5)h(6))h(h(7)h(8)))
2024-12-23 22:13 - INFO - New node added : h(h(h(h(1)h(2))h(h(3)h(4)))h(h(h(5)h(6))h(h(7)h(8))))
2024-12-23 22:13 - INFO - Root Hash asked for Merkle Tree
2024-12-23 22:13 - INFO - Gen Path called for Merkle Tree with index: 7
2024-12-23 22:13 - INFO - Gen Proof called for Merkle Tree: index=7, n=4
2024-12-23 22:13 - INFO - Gen Path called for Merkle Tree with index: 2
2024-12-23 22:13 - INFO - Root Hash asked for Merkle Tree
2024-12-23 22:14 - INFO - New file received : example.txt
2024-12-23 22:14 - INFO - Creation of a new Merkle Tree
2024-12-23 22:14 - INFO - New node added : h(1)
2024-12-23 22:14 - INFO - New node added : h(2)
2024-12-23 22:14 - INFO - New node added : h(3)
2024-12-23 22:14 - INFO - New node added : h(4)
2024-12-23 22:14 - INFO - New node added : h(5)
2024-12-23 22:14 - INFO - New node added : h(6)
2024-12-23 22:14 - INFO - New node added : h(7)
2024-12-23 22:14 - INFO - New node added : h(8)
2024-12-23 22:14 - INFO - New node added : h(h(1)h(2))
2024-12-23 22:14 - INFO - New node added : h(h(3)h(4))
2024-12-23 22:14 - INFO - New node added : h(h(5)h(6))
2024-12-23 22:14 - INFO - New node added : h(h(7)h(8))
2024-12-23 22:14 - INFO - New node added : h(h(h(1)h(2))h(h(3)h(4)))
2024-12-23 22:14 - INFO - New node added : h(h(h(5)h(6))h(h(7)h(8)))
2024-12-23 22:14 - INFO - New node added : h(h(h(h(1)h(2))h(h(3)h(4)))h(h(h(5)h(6))h(h(7)h(8))))
2024-12-23 22:14 - INFO - Root Hash asked for Merkle Tree
2024-12-23 22:14 - INFO - Gen Path called for Merkle Tree with index: 7
2024-12-23 22:14 - INFO - Gen Proof called for Merkle Tree: index=7, n=4
2024-12-23 22:14 - INFO - Gen Path called for Merkle Tree with index: 2
2024-12-23 22:14 - INFO - Root Hash asked for Merkle Tree
2024-12-23 22:14 - INFO - New file received : example.txt
2024-12-23 22:14 - INFO - Creation of a new Merkle Tree
2024-12-23 22:14 - INFO - New node added : h(1)
2024-12-23 22:14 - INFO - New node added : h(2)
2024-12-23 22:14 - INFO - New node added : h(3)
2024-12-23 22:14 - INFO - New node added : h(4)
2024-12-23 22:14 - INFO - New node added : h(5)
2024-12-23 22:14 - INFO - New node added : h(6)
2024-12-23 22:14 - INFO - New node added : h(7)
2024-12-23 22:14 - INFO - New node added : h(8)
2024-12-23 22:14 - INFO - New node added : h(h(1)h(2))
2024-12-23 22:14 - INFO - New node added : h(h(3)h(4))
2024-12-23 22:14 - INFO - New node added : h(h(5)h(6))
2024-12-23 22:14 - INFO - New node added : h(h(7)h(8))
2024-12-23 22:14 - INFO - New node added : h(h(h(1)h(2))h(h(3)h(4)))
2024-12-23 22:14 - INFO - New node added : h(h(h(5)h(6))h(h(7)h(8)))
2024-12-23 22:14 - INFO - New node added : h(h(h(h(1)h(2))h(h(3)h(4)))h(h(h(5)h(6))h(h(7)h(8))))
2024-12-23 22:14 - INFO - Root Hash asked for Merkle Tree
2024-12-23 22:14 - INFO - Gen Path called for Merkle Tree with index: 7
2024-12-23 22:14 - INFO - Gen Proof called for Merkle Tree: index=7, n=4
2024-12-23 22:14 - INFO - Gen Path called for Merkle Tree with index: 2
2024-12-23 22:14 - INFO - Root Hash asked for Merkle Tree
2024-12-23 22:14 - INFO - New file received : example.txt
2024-12-23 22:14 - INFO - Creation of a new Merkle Tree
2024-12-23 22:14 - INFO - New node added : h(Lorem ipsum odor)
2024-12-23 22:14 - INFO - New node added : h(Aliquet cursus)
2024-12-23 22:14 - INFO - New node added : h(Morbi efficitur)
2024-12-23 22:14 - INFO - New node added : h(Integer integer)
2024-12-23 22:14 - INFO - New node added : h(Quam senectus)
2024-12-23 22:14 - INFO - New node added : h(Suspendisse)
2024-12-23 22:14 - INFO - New node added : h(Placerat)
2024-12-23 22:14 - INFO - New node added : h(Sed convallis)
2024-12-23 22:14 - INFO - New node added : h(h(Lorem ipsum odor)h(Aliquet cursus))
2024-12-23 22:14 - INFO - New node added : h(h(Morbi efficitur)h(Integer integer))
2024-12-23 22:14 - INFO - New node added : h(h(Quam senectus)h(Suspendisse))
2024-12-23 22:14 - INFO - New node added : h(h(Placerat)h(Sed convallis))
2024-12-23 22:14 - INFO - New node added : h(h(h(Lorem ipsum odor)h(Aliquet cursus))h(h(Morbi efficitur)h(Integer integer)))
2024-12-23 22:14 - INFO - New node added : h(h(h(Quam senectus)h(Suspendisse))h(h(Placerat)h(Sed convallis)))
2024-12-23 22:14 - INFO - New node added : h(h(h(h(Lorem ipsum odor)h(Aliquet cursus))h(h(Morbi efficitur)h(Integer integer)))h(h(h(Quam senectus)h(Suspendisse))h(h(Placerat)h(Sed convallis))))
2024-12-23 22:14 - INFO - Root Hash asked for Merkle Tree
2024-12-23 22:14 - INFO - Gen Path called for Merkle Tree with index: 7
2024-12-23 22:14 - INFO - Gen Proof called for Merkle Tree: index=7, n=4
2024-12-23 22:14 - INFO - Gen Path called for Merkle Tree with index: 2
2024-12-23 22:14 - INFO - Root Hash asked for Merkle Tree
2024-12-23 22:14 - INFO - New file received : example.txt
2024-12-23 22:14 - INFO - Creation of a new Merkle Tree
2024-12-23 22:14 - INFO - New node added : b5bedb83aa937079b0793d06171b770a64d38275d13cde99fef9cd6dd863f911
2024-12-23 22:14 - INFO - New node added : 411beb538c19a0ac5d0049b3b9c011d56b99930c3e08297b78ec9c19cb6b0908
2024-12-23 22:14 - INFO - New node added : 81c5369bfc5ec95f31ce58f844528f620a33e9bb4e4b17c46c2534d504b7909c
2024-12-23 22:14 - INFO - New node added : 5d87ef2e4832bf4c296050ea42bb69e692f31dfdb5f54066099d7310be089055
2024-12-23 22:14 - INFO - New node added : c5865d3ca0e001b4bf8837e5f7e1e4cf4ee7f0bcf4fa8a710a57ccb5234a0881
2024-12-23 22:14 - INFO - New node added : 2d19f2a36ccaba9614078e2cbaa1804d053a40909b43d6416b0e72fc77e75a6b
2024-12-23 22:14 - INFO - New node added : bf2eacd700eeb5f5b765d3314208416009902bd7103bce670112dc410059b886
2024-12-23 22:14 - INFO - New node added : b282f30a72a3239b72338d0b0a29ed1d1abf294086384baca977a15467c11abd
2024-12-23 22:14 - INFO - New node added : 08d03af567b8c93b977d6e653583ed683cd3f63a7b70ea71becdf2dd1467013b
2024-12-23 22:14 - INFO - New node added : 146be71bbfb164452e335cc1b47bc5d171ae2778aabe2a0580d262f514d4cd20
2024-12-23 22:14 - INFO - New node added : 264d53aee3baeba45e7ee0be1e7577779c9e74d2917f21ad8508a6e77e597af4
2024-12-23 22:14 - INFO - New node added : d8bf58e8873531152ceca1ebab186dc60f5bb555a74166f7f1286e923f410bf4
2024-12-23 22:14 - INFO - New node added : 9e104250301c36183c45a85eaf2a89fbb5d19a0661a539a54b7da7fdd8bc8946
2024-12-23 22:14 - INFO - New node added : 7a8c622d1d239e6da4b014aaa2da5a1ed6f5a1d3695b33985a67754b82578896
2024-12-23 22:14 - INFO - New node added : 654832252efbe644a33aa65add9f0f6eb3985cd5e4abc1fc3b984105898d7fbe
2024-12-23 22:14 - INFO - Root Hash asked for Merkle Tree
2024-12-23 22:14 - INFO - Gen Path called for Merkle Tree with index: 7
2024-12-23 22:14 - INFO - Gen Proof called for Merkle Tree: index=7, n=4
2024-12-23 22:14 - INFO - Gen Path called for Merkle Tree with index: 2
2024-12-23 22:14 - INFO - Root Hash asked for Merkle Tree
2024-12-23 23:27 - INFO - New file received : example.txt
2024-12-23 23:27 - INFO - Creation of a new Merkle Tree
2024-12-23 23:27 - INFO - New node added : b5bedb83aa937079b0793d06171b770a64d38275d13cde99fef9cd6dd863f911
2024-12-23 23:27 - INFO - New node added : 411beb538c19a0ac5d0049b3b9c011d56b99930c3e08297b78ec9c19cb6b0908
2024-12-23 23:27 - INFO - New node added : 81c5369bfc5ec95f31ce58f844528f620a33e9bb4e4b17c46c2534d504b7909c
2024-12-23 23:27 - INFO - New node added : 5d87ef2e4832bf4c296050ea42bb69e692f31dfdb5f54066099d7310be089055
2024-12-23 23:27 - INFO - New node added : c5865d3ca0e001b4bf8837e5f7e1e4cf4ee7f0bcf4fa8a710a57ccb5234a0881
2024-12-23 23:27 - INFO - New node added : 2d19f2a36ccaba9614078e2cbaa1804d053a40909b43d6416b0e72fc77e75a6b
2024-12-23 23:27 - INFO - New node added : bf2eacd700eeb5f5b765d3314208416009902bd7103bce670112dc410059b886
2024-12-23 23:27 - INFO - New node added : b282f30a72a3239b72338d0b0a29ed1d1abf294086384baca977a15467c11abd
2024-12-23 23:27 - INFO - New node added : 08d03af567b8c93b977d6e653583ed683cd3f63a7b70ea71becdf2dd1467013b
2024-12-23 23:27 - INFO - New node added : 146be71bbfb164452e335cc1b47bc5d171ae2778aabe2a0580d262f514d4cd20
2024-12-23 23:27 - INFO - New node added : 264d53aee3baeba45e7ee0be1e7577779c9e74d2917f21ad8508a6e77e597af4
2024-12-23 23:27 - INFO - New node added : d8bf58e8873531152ceca1ebab186dc60f5bb555a74166f7f1286e923f410bf4
2024-12-23 23:27 - INFO - New node added : 9e104250301c36183c45a85eaf2a89fbb5d19a0661a539a54b7da7fdd8bc8946
2024-12-23 23:27 - INFO - New node added : 7a8c622d1d239e6da4b014aaa2da5a1ed6f5a1d3695b33985a67754b82578896
2024-12-23 23:27 - INFO - New node added : 654832252efbe644a33aa65add9f0f6eb3985cd5e4abc1fc3b984105898d7fbe
2024-12-23 23:27 - INFO - Root Hash asked for Merkle Tree
2024-12-23 23:27 - INFO - Gen Path called for Merkle Tree with index: 7
2024-12-23 23:27 - INFO - Gen Proof called for Merkle Tree: index=7, n=4
2024-12-23 23:27 - INFO - Gen Path called for Merkle Tree with index: 2
2024-12-23 23:27 - INFO - Root Hash asked for Merkle Tree
2024-12-23 23:27 - INFO - The value Aliquet cursus is  the event that match the given audit path
2024-12-23 23:29 - INFO - New file received : example.txt
2024-12-23 23:29 - INFO - Creation of a new Merkle Tree
2024-12-23 23:29 - INFO - New node added : b5bedb83aa937079b0793d06171b770a64d38275d13cde99fef9cd6dd863f911
2024-12-23 23:29 - INFO - New node added : 411beb538c19a0ac5d0049b3b9c011d56b99930c3e08297b78ec9c19cb6b0908
2024-12-23 23:29 - INFO - New node added : 81c5369bfc5ec95f31ce58f844528f620a33e9bb4e4b17c46c2534d504b7909c
2024-12-23 23:29 - INFO - New node added : 5d87ef2e4832bf4c296050ea42bb69e692f31dfdb5f54066099d7310be089055
2024-12-23 23:29 - INFO - New node added : c5865d3ca0e001b4bf8837e5f7e1e4cf4ee7f0bcf4fa8a710a57ccb5234a0881
2024-12-23 23:29 - INFO - New node added : 2d19f2a36ccaba9614078e2cbaa1804d053a40909b43d6416b0e72fc77e75a6b
2024-12-23 23:29 - INFO - New node added : bf2eacd700eeb5f5b765d3314208416009902bd7103bce670112dc410059b886
2024-12-23 23:29 - INFO - New node added : b282f30a72a3239b72338d0b0a29ed1d1abf294086384baca977a15467c11abd
2024-12-23 23:29 - INFO - New node added : 08d03af567b8c93b977d6e653583ed683cd3f63a7b70ea71becdf2dd1467013b
2024-12-23 23:29 - INFO - New node added : 146be71bbfb164452e335cc1b47bc5d171ae2778aabe2a0580d262f514d4cd20
2024-12-23 23:29 - INFO - New node added : 264d53aee3baeba45e7ee0be1e7577779c9e74d2917f21ad8508a6e77e597af4
2024-12-23 23:29 - INFO - New node added : d8bf58e8873531152ceca1ebab186dc60f5bb555a74166f7f1286e923f410bf4
2024-12-23 23:29 - INFO - New node added : 9e104250301c36183c45a85eaf2a89fbb5d19a0661a539a54b7da7fdd8bc8946
2024-12-23 23:29 - INFO - New node added : 7a8c622d1d239e6da4b014aaa2da5a1ed6f5a1d3695b33985a67754b82578896
2024-12-23 23:29 - INFO - New node added : 654832252efbe644a33aa65add9f0f6eb3985cd5e4abc1fc3b984105898d7fbe
2024-12-23 23:29 - INFO - Root Hash asked for Merkle Tree
2024-12-23 23:29 - INFO - Gen Path called for Merkle Tree with index: 7
2024-12-23 23:29 - INFO - Gen Proof called for Merkle Tree: index=7, n=4
2024-12-23 23:29 - INFO - Gen Path called for Merkle Tree with index: 2
2024-12-23 23:29 - INFO - Root Hash asked for Merkle Tree
2024-12-23 23:29 - INFO - The value "Aliquet cursus" is  the event that match the given audit path
2024-12-23 23:29 - INFO - New file received : example.txt
2024-12-23 23:29 - INFO - Creation of a new Merkle Tree
2024-12-23 23:29 - INFO - New node added : b5bedb83aa937079b0793d06171b770a64d38275d13cde99fef9cd6dd863f911
2024-12-23 23:29 - INFO - New node added : 411beb538c19a0ac5d0049b3b9c011d56b99930c3e08297b78ec9c19cb6b0908
2024-12-23 23:29 - INFO - New node added : 81c5369bfc5ec95f31ce58f844528f620a33e9bb4e4b17c46c2534d504b7909c
2024-12-23 23:29 - INFO - New node added : 5d87ef2e4832bf4c296050ea42bb69e692f31dfdb5f54066099d7310be089055
2024-12-23 23:29 - INFO - New node added : c5865d3ca0e001b4bf8837e5f7e1e4cf4ee7f0bcf4fa8a710a57ccb5234a0881
2024-12-23 23:29 - INFO - New node added : 2d19f2a36ccaba9614078e2cbaa1804d053a40909b43d6416b0e72fc77e75a6b
2024-12-23 23:29 - INFO - New node added : bf2eacd700eeb5f5b765d3314208416009902bd7103bce670112dc410059b886
2024-12-23 23:29 - INFO - New node added : b282f30a72a3239b72338d0b0a29ed1d1abf294086384baca977a15467c11abd
2024-12-23 23:29 - INFO - New node added : 08d03af567b8c93b977d6e653583ed683cd3f63a7b70ea71becdf2dd1467013b
2024-12-23 23:29 - INFO - New node added : 146be71bbfb164452e335cc1b47bc5d171ae2778aabe2a0580d262f514d4cd20
2024-12-23 23:29 - INFO - New node added : 264d53aee3baeba45e7ee0be1e7577779c9e74d2917f21ad8508a6e77e597af4
2024-12-23 23:29 - INFO - New node added : d8bf58e8873531152ceca1ebab186dc60f5bb555a74166f7f1286e923f410bf4
2024-12-23 23:29 - INFO - New node added : 9e104250301c36183c45a85eaf2a89fbb5d19a0661a539a54b7da7fdd8bc8946
2024-12-23 23:29 - INFO - New node added : 7a8c622d1d239e6da4b014aaa2da5a1ed6f5a1d3695b33985a67754b82578896
2024-12-23 23:29 - INFO - New node added : 654832252efbe644a33aa65add9f0f6eb3985cd5e4abc1fc3b984105898d7fbe
2024-12-23 23:29 - INFO - Root Hash asked for Merkle Tree
2024-12-23 23:29 - INFO - Gen Path called for Merkle Tree with index: 7
2024-12-23 23:29 - INFO - Gen Proof called for Merkle Tree: index=7, n=4
2024-12-23 23:29 - INFO - Gen Path called for Merkle Tree with index: 2
2024-12-23 23:29 - INFO - Root Hash asked for Merkle Tree
2024-12-23 23:29 - INFO - The value "Aliquet5 cursus" is not the event that match the given audit path
2024-12-24 00:01 - INFO - New file received : example.txt
2024-12-24 00:01 - INFO - Creation of a new Merkle Tree
2024-12-24 00:01 - INFO - New node added : 6b86b273ff34fce19d6b804eff5a3f5747ada4eaa22f1d49c01e52ddb7875b4b
2024-12-24 00:01 - INFO - New node added : d4735e3a265e16eee03f59718b9b5d03019c07d8b6c51f90da3a666eec13ab35
2024-12-24 00:01 - INFO - New node added : 4e07408562bedb8b60ce05c1decfe3ad16b72230967de01f640b7e4729b49fce
2024-12-24 00:01 - INFO - New node added : 4b227777d4dd1fc61c6f884f48641d02b4d121d3fd328cb08b5531fcacdabf8a
2024-12-24 00:01 - INFO - New node added : ef2d127de37b942baad06145e54b0c619a1f22327b2ebbcfbec78f5564afe39d
2024-12-24 00:01 - INFO - New node added : e7f6c011776e8db7cd330b54174fd76f7d0216b612387a5ffcfb81e6f0919683
2024-12-24 00:01 - INFO - New node added : 7902699be42c8a8e46fbbb4501726517e86b22c56a189f7625a6da49081b2451
2024-12-24 00:01 - INFO - New node added : 2c624232cdd221771294dfbb310aca000a0df6ac8b66b696d90ef06fdefb64a3
2024-12-24 00:01 - INFO - New node added : 33b675636da5dcc86ec847b38c08fa49ff1cace9749931e0a5d4dfdbdedd808a
2024-12-24 00:01 - INFO - New node added : 13656c83d841ea7de6ebf3a89e0038fea9526bd7f686f06f7a692343a8a32dca
2024-12-24 00:01 - INFO - New node added : 43587f59c00a8e528bc7636fabaffcf70cc25afc5b4d53df797faf0dc72f6dd0
2024-12-24 00:01 - INFO - New node added : ada17dcc2d615cc0d982a538b618f45441e798c38b1df9f3dd273e386eba1363
2024-12-24 00:01 - INFO - New node added : 85df8945419d2b5038f7ac83ec1ec6b8267c40fdb3b1e56ff62f6676eb855e70
2024-12-24 00:01 - INFO - New node added : e0e2d0cec0ef7e8fc458e516dfde82890c183431a3f9efae9e4693fc23dfa36a
2024-12-24 00:01 - INFO - New node added : c27450cd3fd4df029145f3437ae9c381e0ae55e8400de06cb973005b36d7b222
2024-12-24 00:01 - INFO - Root Hash asked for Merkle Tree
2024-12-24 00:01 - INFO - Full Merkle Tree scheme asked
2024-12-24 00:02 - INFO - New file received : example.txt
2024-12-24 00:02 - INFO - Creation of a new Merkle Tree
2024-12-24 00:02 - INFO - New node added : h(1)
2024-12-24 00:02 - INFO - New node added : h(2)
2024-12-24 00:02 - INFO - New node added : h(3)
2024-12-24 00:02 - INFO - New node added : h(4)
2024-12-24 00:02 - INFO - New node added : h(5)
2024-12-24 00:02 - INFO - New node added : h(6)
2024-12-24 00:02 - INFO - New node added : h(7)
2024-12-24 00:02 - INFO - New node added : h(8)
2024-12-24 00:02 - INFO - New node added : h(h(1)h(2))
2024-12-24 00:02 - INFO - New node added : h(h(3)h(4))
2024-12-24 00:02 - INFO - New node added : h(h(5)h(6))
2024-12-24 00:02 - INFO - New node added : h(h(7)h(8))
2024-12-24 00:02 - INFO - New node added : h(h(h(1)h(2))h(h(3)h(4)))
2024-12-24 00:02 - INFO - New node added : h(h(h(5)h(6))h(h(7)h(8)))
2024-12-24 00:02 - INFO - New node added : h(h(h(h(1)h(2))h(h(3)h(4)))h(h(h(5)h(6))h(h(7)h(8))))
2024-12-24 00:02 - INFO - Root Hash asked for Merkle Tree
2024-12-24 00:02 - INFO - Full Merkle Tree scheme asked
2024-12-24 00:02 - INFO - New file received : example.txt
2024-12-24 00:02 - INFO - Creation of a new Merkle Tree
2024-12-24 00:02 - INFO - New node added : h(1)
2024-12-24 00:02 - INFO - New node added : h(2)
2024-12-24 00:02 - INFO - New node added : h(3)
2024-12-24 00:02 - INFO - New node added : h(4)
2024-12-24 00:02 - INFO - New node added : h(h(1)h(2))
2024-12-24 00:02 - INFO - New node added : h(h(3)h(4))
2024-12-24 00:02 - INFO - New node added : h(h(h(1)h(2))h(h(3)h(4)))
2024-12-24 00:02 - INFO - Root Hash asked for Merkle Tree
2024-12-24 00:02 - INFO - Full Merkle Tree scheme asked
2024-12-24 00:34 - INFO - New file received : example.txt
2024-12-24 00:34 - INFO - Creation of a new Merkle Tree
2024-12-24 00:34 - INFO - New node added : h(1)
2024-12-24 00:34 - INFO - New node added : h(2)
2024-12-24 00:34 - INFO - New node added : h(3)
2024-12-24 00:34 - INFO - New node added : h(4)
2024-12-24 00:34 - INFO - New node added : h(h(1)h(2))
2024-12-24 00:34 - INFO - New node added : h(h(3)h(4))
2024-12-24 00:34 - INFO - New node added : h(h(h(1)h(2))h(h(3)h(4)))
2024-12-24 00:34 - INFO - Root Hash asked for Merkle Tree
2024-12-24 00:34 - INFO - Adding new value to Merkle Tree: 5
2024-12-24 00:34 - INFO - New node added : h(1)
2024-12-24 00:34 - INFO - New node added : h(2)
2024-12-24 00:34 - INFO - New node added : h(3)
2024-12-24 00:34 - INFO - New node added : h(4)
2024-12-24 00:34 - INFO - New node added : h(5)
2024-12-24 00:34 - INFO - New node added : h(h(1)h(2))
2024-12-24 00:34 - INFO - New node added : h(h(3)h(4))
2024-12-24 00:34 - INFO - New node added : h(h(5))
2024-12-24 00:34 - INFO - New node added : h(h(h(1)h(2))h(h(3)h(4)))
2024-12-24 00:34 - INFO - New node added : h(h(h(5)))
2024-12-24 00:34 - INFO - New node added : h(h(h(h(1)h(2))h(h(3)h(4)))h(h(h(5))))
2024-12-24 00:34 - INFO - Root Hash asked for Merkle Tree
2024-12-24 00:34 - INFO - Adding new value to Merkle Tree: 6
2024-12-24 00:34 - INFO - New node added : h(1)
2024-12-24 00:34 - INFO - New node added : h(2)
2024-12-24 00:34 - INFO - New node added : h(3)
2024-12-24 00:34 - INFO - New node added : h(4)
2024-12-24 00:34 - INFO - New node added : h(5)
2024-12-24 00:34 - INFO - New node added : h(6)
2024-12-24 00:34 - INFO - New node added : h(h(1)h(2))
2024-12-24 00:34 - INFO - New node added : h(h(3)h(4))
2024-12-24 00:34 - INFO - New node added : h(h(5)h(6))
2024-12-24 00:34 - INFO - New node added : h(h(h(1)h(2))h(h(3)h(4)))
2024-12-24 00:34 - INFO - New node added : h(h(h(5)h(6)))
2024-12-24 00:34 - INFO - New node added : h(h(h(h(1)h(2))h(h(3)h(4)))h(h(h(5)h(6))))
2024-12-24 00:34 - INFO - Root Hash asked for Merkle Tree
2024-12-24 00:34 - INFO - Adding new value to Merkle Tree: 7 | 8
2024-12-24 00:34 - INFO - Adding new value to Merkle Tree: 7
2024-12-24 00:34 - INFO - New node added : h(1)
2024-12-24 00:34 - INFO - New node added : h(2)
2024-12-24 00:34 - INFO - New node added : h(3)
2024-12-24 00:34 - INFO - New node added : h(4)
2024-12-24 00:34 - INFO - New node added : h(5)
2024-12-24 00:34 - INFO - New node added : h(6)
2024-12-24 00:34 - INFO - New node added : h(7)
2024-12-24 00:34 - INFO - New node added : h(h(1)h(2))
2024-12-24 00:34 - INFO - New node added : h(h(3)h(4))
2024-12-24 00:34 - INFO - New node added : h(h(5)h(6))
2024-12-24 00:34 - INFO - New node added : h(h(7))
2024-12-24 00:34 - INFO - New node added : h(h(h(1)h(2))h(h(3)h(4)))
2024-12-24 00:34 - INFO - New node added : h(h(h(5)h(6))h(h(7)))
2024-12-24 00:34 - INFO - New node added : h(h(h(h(1)h(2))h(h(3)h(4)))h(h(h(5)h(6))h(h(7))))
2024-12-24 00:34 - INFO - Adding new value to Merkle Tree: 8
2024-12-24 00:34 - INFO - New node added : h(1)
2024-12-24 00:34 - INFO - New node added : h(2)
2024-12-24 00:34 - INFO - New node added : h(3)
2024-12-24 00:34 - INFO - New node added : h(4)
2024-12-24 00:34 - INFO - New node added : h(5)
2024-12-24 00:34 - INFO - New node added : h(6)
2024-12-24 00:34 - INFO - New node added : h(7)
2024-12-24 00:34 - INFO - New node added : h(8)
2024-12-24 00:34 - INFO - New node added : h(h(1)h(2))
2024-12-24 00:34 - INFO - New node added : h(h(3)h(4))
2024-12-24 00:34 - INFO - New node added : h(h(5)h(6))
2024-12-24 00:34 - INFO - New node added : h(h(7)h(8))
2024-12-24 00:34 - INFO - New node added : h(h(h(1)h(2))h(h(3)h(4)))
2024-12-24 00:34 - INFO - New node added : h(h(h(5)h(6))h(h(7)h(8)))
2024-12-24 00:34 - INFO - New node added : h(h(h(h(1)h(2))h(h(3)h(4)))h(h(h(5)h(6))h(h(7)h(8))))
2024-12-24 00:34 - INFO - New node added : h(1)
2024-12-24 00:34 - INFO - New node added : h(2)
2024-12-24 00:34 - INFO - New node added : h(3)
2024-12-24 00:34 - INFO - New node added : h(4)
2024-12-24 00:34 - INFO - New node added : h(5)
2024-12-24 00:34 - INFO - New node added : h(6)
2024-12-24 00:34 - INFO - New node added : h(7)
2024-12-24 00:34 - INFO - New node added : h(8)
2024-12-24 00:34 - INFO - New node added : h(h(1)h(2))
2024-12-24 00:34 - INFO - New node added : h(h(3)h(4))
2024-12-24 00:34 - INFO - New node added : h(h(5)h(6))
2024-12-24 00:34 - INFO - New node added : h(h(7)h(8))
2024-12-24 00:34 - INFO - New node added : h(h(h(1)h(2))h(h(3)h(4)))
2024-12-24 00:34 - INFO - New node added : h(h(h(5)h(6))h(h(7)h(8)))
2024-12-24 00:34 - INFO - New node added : h(h(h(h(1)h(2))h(h(3)h(4)))h(h(h(5)h(6))h(h(7)h(8))))
2024-12-24 00:34 - INFO - Root Hash asked for Merkle Tree
2024-12-24 00:40 - INFO - New file received : example.txt
2024-12-24 00:40 - INFO - Creation of a new Merkle Tree
2024-12-24 00:40 - INFO - New node added : h(1)
2024-12-24 00:40 - INFO - New node added : h(2)
2024-12-24 00:40 - INFO - New node added : h(3)
2024-12-24 00:40 - INFO - New node added : h(4)
2024-12-24 00:40 - INFO - New node added : h(h(1)h(2))
2024-12-24 00:40 - INFO - New node added : h(h(3)h(4))
2024-12-24 00:40 - INFO - New node added : h(h(h(1)h(2))h(h(3)h(4)))
2024-12-24 00:40 - INFO - Root Hash asked for Merkle Tree
2024-12-24 00:40 - INFO - Adding new value to Merkle Tree: 5
2024-12-24 00:40 - INFO - New node added : h(1)
2024-12-24 00:40 - INFO - New node added : h(2)
2024-12-24 00:40 - INFO - New node added : h(3)
2024-12-24 00:40 - INFO - New node added : h(4)
2024-12-24 00:40 - INFO - New node added : h(5)
2024-12-24 00:40 - INFO - New node added : h(h(1)h(2))
2024-12-24 00:40 - INFO - New node added : h(h(3)h(4))
2024-12-24 00:40 - INFO - New node added : h(h(5))
2024-12-24 00:40 - INFO - New node added : h(h(h(1)h(2))h(h(3)h(4)))
2024-12-24 00:40 - INFO - New node added : h(h(h(5)))
2024-12-24 00:40 - INFO - New node added : h(h(h(h(1)h(2))h(h(3)h(4)))h(h(h(5))))
2024-12-24 00:40 - INFO - Root Hash asked for Merkle Tree
2024-12-24 00:40 - INFO - Adding new value to Merkle Tree: 6
2024-12-24 00:40 - INFO - New node added : h(1)
2024-12-24 00:40 - INFO - New node added : h(2)
2024-12-24 00:40 - INFO - New node added : h(3)
2024-12-24 00:40 - INFO - New node added : h(4)
2024-12-24 00:40 - INFO - New node added : h(5)
2024-12-24 00:40 - INFO - New node added : h(6)
2024-12-24 00:40 - INFO - New node added : h(h(1)h(2))
2024-12-24 00:40 - INFO - New node added : h(h(3)h(4))
2024-12-24 00:40 - INFO - New node added : h(h(5)h(6))
2024-12-24 00:40 - INFO - New node added : h(h(h(1)h(2))h(h(3)h(4)))
2024-12-24 00:40 - INFO - New node added : h(h(h(5)h(6)))
2024-12-24 00:40 - INFO - New node added : h(h(h(h(1)h(2))h(h(3)h(4)))h(h(h(5)h(6))))
2024-12-24 00:40 - INFO - Root Hash asked for Merkle Tree
2024-12-24 00:40 - INFO - Adding new value to Merkle Tree: 7 | 8
2024-12-24 00:40 - INFO - Adding new value to Merkle Tree: 7
2024-12-24 00:40 - INFO - New node added : h(1)
2024-12-24 00:40 - INFO - New node added : h(2)
2024-12-24 00:40 - INFO - New node added : h(3)
2024-12-24 00:40 - INFO - New node added : h(4)
2024-12-24 00:40 - INFO - New node added : h(5)
2024-12-24 00:40 - INFO - New node added : h(6)
2024-12-24 00:40 - INFO - New node added : h(7)
2024-12-24 00:40 - INFO - New node added : h(h(1)h(2))
2024-12-24 00:40 - INFO - New node added : h(h(3)h(4))
2024-12-24 00:40 - INFO - New node added : h(h(5)h(6))
2024-12-24 00:40 - INFO - New node added : h(h(7))
2024-12-24 00:40 - INFO - New node added : h(h(h(1)h(2))h(h(3)h(4)))
2024-12-24 00:40 - INFO - New node added : h(h(h(5)h(6))h(h(7)))
2024-12-24 00:40 - INFO - New node added : h(h(h(h(1)h(2))h(h(3)h(4)))h(h(h(5)h(6))h(h(7))))
2024-12-24 00:40 - INFO - Adding new value to Merkle Tree: 8
2024-12-24 00:40 - INFO - New node added : h(1)
2024-12-24 00:40 - INFO - New node added : h(2)
2024-12-24 00:40 - INFO - New node added : h(3)
2024-12-24 00:40 - INFO - New node added : h(4)
2024-12-24 00:40 - INFO - New node added : h(5)
2024-12-24 00:40 - INFO - New node added : h(6)
2024-12-24 00:40 - INFO - New node added : h(7)
2024-12-24 00:40 - INFO - New node added : h(8)
2024-12-24 00:40 - INFO - New node added : h(h(1)h(2))
2024-12-24 00:40 - INFO - New node added : h(h(3)h(4))
2024-12-24 00:40 - INFO - New node added : h(h(5)h(6))
2024-12-24 00:40 - INFO - New node added : h(h(7)h(8))
2024-12-24 00:40 - INFO - New node added : h(h(h(1)h(2))h(h(3)h(4)))
2024-12-24 00:40 - INFO - New node added : h(h(h(5)h(6))h(h(7)h(8)))
2024-12-24 00:40 - INFO - New node added : h(h(h(h(1)h(2))h(h(3)h(4)))h(h(h(5)h(6))h(h(7)h(8))))
2024-12-24 00:40 - INFO - New node added : h(1)
2024-12-24 00:40 - INFO - New node added : h(2)
2024-12-24 00:40 - INFO - New node added : h(3)
2024-12-24 00:40 - INFO - New node added : h(4)
2024-12-24 00:40 - INFO - New node added : h(5)
2024-12-24 00:40 - INFO - New node added : h(6)
2024-12-24 00:40 - INFO - New node added : h(7)
2024-12-24 00:40 - INFO - New node added : h(8)
2024-12-24 00:40 - INFO - New node added : h(h(1)h(2))
2024-12-24 00:40 - INFO - New node added : h(h(3)h(4))
2024-12-24 00:40 - INFO - New node added : h(h(5)h(6))
2024-12-24 00:40 - INFO - New node added : h(h(7)h(8))
2024-12-24 00:40 - INFO - New node added : h(h(h(1)h(2))h(h(3)h(4)))
2024-12-24 00:40 - INFO - New node added : h(h(h(5)h(6))h(h(7)h(8)))
2024-12-24 00:40 - INFO - New node added : h(h(h(h(1)h(2))h(h(3)h(4)))h(h(h(5)h(6))h(h(7)h(8))))
2024-12-24 00:40 - INFO - Root Hash asked for Merkle Tree
2024-12-24 00:40 - INFO - Gen Path called for Merkle Tree with index: 4
2024-12-24 00:40 - INFO - Gen Proof called for Merkle Tree: index=6, n=4
2024-12-24 00:54 - INFO - New file received : example.txt
2024-12-24 00:54 - INFO - Creation of a new Merkle Tree
2024-12-24 00:54 - INFO - New node added : h(1)
2024-12-24 00:54 - INFO - New node added : h(2)
2024-12-24 00:54 - INFO - New node added : h(3)
2024-12-24 00:54 - INFO - New node added : h(4)
2024-12-24 00:54 - INFO - New node added : h(h(1)h(2))
2024-12-24 00:54 - INFO - New node added : h(h(3)h(4))
2024-12-24 00:54 - INFO - New node added : h(h(h(1)h(2))h(h(3)h(4)))
2024-12-24 00:54 - INFO - Root Hash asked for Merkle Tree
2024-12-24 00:54 - INFO - Adding new value to Merkle Tree: 5
2024-12-24 00:54 - INFO - New node added : h(1)
2024-12-24 00:54 - INFO - New node added : h(2)
2024-12-24 00:54 - INFO - New node added : h(3)
2024-12-24 00:54 - INFO - New node added : h(4)
2024-12-24 00:54 - INFO - New node added : h(5)
2024-12-24 00:54 - INFO - New node added : h(h(1)h(2))
2024-12-24 00:54 - INFO - New node added : h(h(3)h(4))
2024-12-24 00:54 - INFO - New node added : h(h(5))
2024-12-24 00:54 - INFO - New node added : h(h(h(1)h(2))h(h(3)h(4)))
2024-12-24 00:54 - INFO - New node added : h(h(h(5)))
2024-12-24 00:54 - INFO - New node added : h(h(h(h(1)h(2))h(h(3)h(4)))h(h(h(5))))
2024-12-24 00:54 - INFO - Root Hash asked for Merkle Tree
2024-12-24 00:54 - INFO - Adding new value to Merkle Tree: 6
2024-12-24 00:54 - INFO - New node added : h(1)
2024-12-24 00:54 - INFO - New node added : h(2)
2024-12-24 00:54 - INFO - New node added : h(3)
2024-12-24 00:54 - INFO - New node added : h(4)
2024-12-24 00:54 - INFO - New node added : h(5)
2024-12-24 00:54 - INFO - New node added : h(6)
2024-12-24 00:54 - INFO - New node added : h(h(1)h(2))
2024-12-24 00:54 - INFO - New node added : h(h(3)h(4))
2024-12-24 00:54 - INFO - New node added : h(h(5)h(6))
2024-12-24 00:54 - INFO - New node added : h(h(h(1)h(2))h(h(3)h(4)))
2024-12-24 00:54 - INFO - New node added : h(h(h(5)h(6)))
2024-12-24 00:54 - INFO - New node added : h(h(h(h(1)h(2))h(h(3)h(4)))h(h(h(5)h(6))))
2024-12-24 00:54 - INFO - Root Hash asked for Merkle Tree
2024-12-24 00:54 - INFO - Adding new value to Merkle Tree: 7 | 8
2024-12-24 00:54 - INFO - Adding new value to Merkle Tree: 7
2024-12-24 00:54 - INFO - New node added : h(1)
2024-12-24 00:54 - INFO - New node added : h(2)
2024-12-24 00:54 - INFO - New node added : h(3)
2024-12-24 00:54 - INFO - New node added : h(4)
2024-12-24 00:54 - INFO - New node added : h(5)
2024-12-24 00:54 - INFO - New node added : h(6)
2024-12-24 00:54 - INFO - New node added : h(7)
2024-12-24 00:54 - INFO - New node added : h(h(1)h(2))
2024-12-24 00:54 - INFO - New node added : h(h(3)h(4))
2024-12-24 00:54 - INFO - New node added : h(h(5)h(6))
2024-12-24 00:54 - INFO - New node added : h(h(7))
2024-12-24 00:54 - INFO - New node added : h(h(h(1)h(2))h(h(3)h(4)))
2024-12-24 00:54 - INFO - New node added : h(h(h(5)h(6))h(h(7)))
2024-12-24 00:54 - INFO - New node added : h(h(h(h(1)h(2))h(h(3)h(4)))h(h(h(5)h(6))h(h(7))))
2024-12-24 00:54 - INFO - Adding new value to Merkle Tree: 8
2024-12-24 00:54 - INFO - New node added : h(1)
2024-12-24 00:54 - INFO - New node added : h(2)
2024-12-24 00:54 - INFO - New node added : h(3)
2024-12-24 00:54 - INFO - New node added : h(4)
2024-12-24 00:54 - INFO - New node added : h(5)
2024-12-24 00:54 - INFO - New node added : h(6)
2024-12-24 00:54 - INFO - New node added : h(7)
2024-12-24 00:54 - INFO - New node added : h(8)
2024-12-24 00:54 - INFO - New node added : h(h(1)h(2))
2024-12-24 00:54 - INFO - New node added : h(h(3)h(4))
2024-12-24 00:54 - INFO - New node added : h(h(5)h(6))
2024-12-24 00:54 - INFO - New node added : h(h(7)h(8))
2024-12-24 00:54 - INFO - New node added : h(h(h(1)h(2))h(h(3)h(4)))
2024-12-24 00:54 - INFO - New node added : h(h(h(5)h(6))h(h(7)h(8)))
2024-12-24 00:54 - INFO - New node added : h(h(h(h(1)h(2))h(h(3)h(4)))h(h(h(5)h(6))h(h(7)h(8))))
2024-12-24 00:54 - INFO - New node added : h(1)
2024-12-24 00:54 - INFO - New node added : h(2)
2024-12-24 00:54 - INFO - New node added : h(3)
2024-12-24 00:54 - INFO - New node added : h(4)
2024-12-24 00:54 - INFO - New node added : h(5)
2024-12-24 00:54 - INFO - New node added : h(6)
2024-12-24 00:54 - INFO - New node added : h(7)
2024-12-24 00:54 - INFO - New node added : h(8)
2024-12-24 00:54 - INFO - New node added : h(h(1)h(2))
2024-12-24 00:54 - INFO - New node added : h(h(3)h(4))
2024-12-24 00:54 - INFO - New node added : h(h(5)h(6))
2024-12-24 00:54 - INFO - New node added : h(h(7)h(8))
2024-12-24 00:54 - INFO - New node added : h(h(h(1)h(2))h(h(3)h(4)))
2024-12-24 00:54 - INFO - New node added : h(h(h(5)h(6))h(h(7)h(8)))
2024-12-24 00:54 - INFO - New node added : h(h(h(h(1)h(2))h(h(3)h(4)))h(h(h(5)h(6))h(h(7)h(8))))
2024-12-24 00:54 - INFO - Root Hash asked for Merkle Tree
2024-12-24 00:54 - INFO - Gen Path called for Merkle Tree with index: 4
2024-12-24 00:54 - INFO - Gen Proof called for Merkle Tree: index=6, n=4
2024-12-24 00:54 - INFO - Gen Path called for Merkle Tree with index: 5
2024-12-24 00:54 - INFO - Root Hash asked for Merkle Tree
2024-12-24 00:54 - INFO - The value "5" is  the event that match the given audit path
