continent,date,avg_total_cases,avg_total_deaths
Asia,2020-09-28,224332.085106383,3976.7021276595747
Asia,2020-10-12,259195.40425531915,4484.31914893617
Asia,2020-12-13,401865.5106382979,6606.744680851064
Asia,2024-03-16,6412284.234042553,34823.55319148936
Asia,2024-04-12,6412731.042553191,34827.1914893617
Europe,2020-05-27,32668.254901960783,3399.372549019608
Europe,2020-09-08,72718.37254901961,4262.882352941177
Europe,2020-09-16,78707.62745098039,4320.294117647059
Europe,2020-09-17,78707.62745098039,4320.294117647059
Europe,2020-10-11,116976.76470588235,4704.901960784314
Europe,2020-10-21,136174.98039215687,4876.568627450981
Europe,2020-10-22,136174.98039215687,4876.568627450981
Europe,2021-03-05,651477.5576923077,16499.46153846154
Europe,2021-07-06,928418.4807692308,21962.69230769231
Europe,2023-01-12,4769752.803921568,39598.549019607846
Europe,2024-01-22,4942453.039215687,41128.21568627451
Africa,2020-03-01,0.05263157894736842,0.0
Africa,2020-11-24,36360.73684210526,876.2631578947369
Africa,2021-03-25,72677.26315789473,1932.5087719298247
Africa,2021-04-27,79811.22807017544,2110.2982456140353
Africa,2021-07-12,104929.40350877192,2665.157894736842
Africa,2022-07-13,220867.61403508772,4497.228070175439
Africa,2023-09-22,230018.42105263157,4544.210526315789
Africa,2023-11-21,230146.94736842104,4544.736842105263
Africa,2024-05-26,230583.9649122807,4545.666666666667
Oceania,2020-08-05,795.5833333333334,12.541666666666666
Oceania,2022-05-02,295266.875,487.4166666666667
Oceania,2022-12-24,545289.3333333334,961.6666666666666
Oceania,2023-02-16,568084.3333333334,1083.625
Oceania,2024-06-20,623890.1666666666,1363.2083333333333
North America,2020-01-31,0.1951219512195122,0.0
North America,2020-09-11,184255.9512195122,7317.048780487805
North America,2020-11-29,381614.0975609756,10416.09756097561
North America,2021-02-09,752889.1463414634,17397.853658536584
North America,2021-12-15,1453720.8780487804,29143.463414634145
North America,2022-02-21,2259992.975609756,33380.65853658537
North America,2022-11-23,2845577.6829268294,37335.19512195122
North America,2022-12-15,2875985.951219512,37549.60975609756
North America,2024-02-06,3035371.5853658537,40313.87804878049
North America,2024-04-14,3035849.0975609757,40582.34146341463
North America,2024-07-09,3036271.8536585364,40703.14634146341
South America,2021-04-04,1539719.2857142857,47165.142857142855
South America,2021-05-03,1789338.4285714286,56432.78571428572
South America,2022-05-19,4082372.285714286,92600.35714285714
South America,2022-06-24,4199945.214285715,93004.85714285714
South America,2023-09-05,4897987.0,96594.14285714286
South America,2024-03-24,4913515.071428572,96710.78571428571
Asia,2020-01-12,0.9574468085106383,0.02127659574468085
Asia,2022-05-30,3160820.6041666665,29867.625
Asia,2022-09-22,3784630.3541666665,30801.208333333332
Asia,2022-10-13,3848465.1458333335,30931.291666666668
Asia,2022-12-17,4083604.3958333335,31367.0
Asia,2023-06-06,6199834.25,33973.6875
Asia,2023-07-31,6227245.375,34003.958333333336
Asia,2024-01-03,6407689.617021277,34807.04255319149
Asia,2024-05-09,6413143.70212766,34829.574468085106
Europe,2020-02-26,4.0,0.29411764705882354
Europe,2020-05-17,30259.901960784315,3264.3529411764707
Europe,2020-09-20,85803.19607843137,4396.0
Europe,2021-02-18,615920.5,15649.75
Europe,2021-11-05,1242554.4807692308,25793.846153846152
Europe,2021-12-16,1506552.826923077,28979.96153846154
Europe,2022-12-08,4684286.882352941,39072.94117647059
Europe,2023-09-03,4887211.098039215,40734.76470588235
Europe,2023-10-15,4899622.647058823,40826.94117647059
Europe,2024-01-09,4939501.803921568,41092.549019607846
Europe,2024-05-16,4952472.039215687,41189.56862745098
Africa,2020-01-25,0.0,0.0
Africa,2021-03-24,72677.26315789473,1932.5087719298247
Africa,2022-01-15,180091.75438596492,4067.7368421052633
Africa,2023-07-15,229898.9298245614,4543.736842105263
Africa,2023-09-18,230018.42105263157,4544.210526315789
Africa,2023-10-08,230069.70175438595,4544.456140350877
Africa,2024-07-30,230620.0701754386,4545.912280701755
Oceania,2020-01-07,0.0,0.0
Oceania,2020-01-31,0.16666666666666666,0.0
Oceania,2021-01-21,2359.3333333333335,50.541666666666664
Oceania,2021-02-13,2400.125,50.958333333333336
Oceania,2021-04-04,2732.3333333333335,51.75
Oceania,2021-10-12,11781.416666666666,146.45833333333334
Oceania,2021-12-13,17206.333333333332,199.16666666666666
Oceania,2022-03-11,156207.66666666666,382.7916666666667
Oceania,2022-10-20,509228.875,887.2083333333334
Oceania,2023-01-21,562359.1666666666,1023.2083333333334
Oceania,2023-02-07,567033.5833333334,1078.0833333333333
Oceania,2023-05-10,585181.5416666666,1151.8333333333333
Oceania,2023-09-14,602547.0833333334,1238.9166666666667
Oceania,2024-02-24,615297.1666666666,1335.0833333333333
North America,2020-11-30,381614.0975609756,10416.09756097561
North America,2021-06-18,953986.8780487805,21929.09756097561
North America,2021-07-19,987729.0487804879,22408.414634146342
North America,2021-08-13,1045749.9756097561,22978.51219512195
North America,2021-11-10,1362859.4146341463,27964.536585365855
North America,2021-11-13,1362859.4146341463,27964.536585365855
North America,2022-04-10,2323239.8780487804,34743.09756097561
North America,2022-09-26,2783528.073170732,36741.0
North America,2023-02-04,2958600.1219512196,38213.78048780488
North America,2023-06-03,3032067.1219512196,39103.04878048781
North America,2023-06-06,3032199.3902439023,39121.12195121951
North America,2023-06-12,3032246.8536585364,39137.41463414634
North America,2024-01-05,3034814.1707317075,40026.95121951219
North America,2024-04-09,3035816.2195121953,40567.80487804878
North America,2024-05-23,3036044.2195121953,40635.41463414634
South America,2021-09-20,2674668.0,81961.14285714286
South America,2021-12-19,2813053.285714286,84931.28571428571
South America,2021-12-26,2825022.5,85084.92857142857
South America,2022-06-13,4171369.714285714,92912.35714285714
South America,2022-11-06,4603460.714285715,95229.5
South America,2024-02-15,4908610.214285715,96686.07142857143
South America,2024-05-22,4914220.357142857,96724.14285714286
Asia,2020-09-12,167370.21276595743,3181.744680851064
Asia,2021-02-23,506764.1041666667,8139.708333333333
Asia,2021-09-06,1480145.1041666667,21961.6875
Asia,2022-07-21,3308604.1666666665,30119.583333333332
Asia,2022-10-05,3830812.7916666665,30892.958333333332
Asia,2023-08-31,6253978.020833333,34025.25
Asia,2024-01-22,6410558.595744681,34815.70212765958
Asia,2024-04-24,6412904.361702127,34828.34042553192
Europe,2020-11-20,271621.0588235294,6721.666666666667
Europe,2021-04-19,818223.5576923077,19571.134615384617
Europe,2021-11-02,1242554.4807692308,25793.846153846152
Europe,2021-12-05,1457992.5192307692,28458.98076923077
Europe,2022-05-28,3848340.1764705884,36646.58823529412
Europe,2023-03-27,4845309.352941177,40242.470588235294
Europe,2023-06-30,4881548.039215687,40659.76470588235
Europe,2024-07-24,4957493.450980392,41217.549019607846
Africa,2020-10-16,27712.40350877193,714.9298245614035
Africa,2021-04-17,76889.36842105263,2033.2105263157894
Africa,2021-09-07,140411.28070175438,3512.7368421052633
Africa,2021-10-16,148747.73684210525,3760.122807017544
Africa,2023-05-08,229564.57894736843,4542.421052631579
Africa,2023-08-12,229932.31578947368,4543.9473684210525
Africa,2023-10-05,230059.9649122807,4544.298245614035
Africa,2024-01-10,230451.28070175438,4545.140350877193
Africa,2024-06-13,230590.77192982455,4545.684210526316
Africa,2024-07-09,230611.33333333334,4545.701754385965
Oceania,2020-03-24,49.458333333333336,0.375
Oceania,2020-05-27,356.125,5.625
Oceania,2020-12-19,2219.8333333333335,48.5
Oceania,2021-03-06,2438.1666666666665,51.375
Oceania,2021-04-30,2918.0833333333335,51.833333333333336
Oceania,2021-07-01,3410.7083333333335,59.708333333333336
Oceania,2021-07-08,3534.9583333333335,60.375
Oceania,2021-08-14,5281.708333333333,74.54166666666667
Oceania,2022-06-14,375126.75,597.7083333333334
Oceania,2023-02-11,567033.5833333334,1078.0833333333333
Oceania,2023-12-05,608208.5416666666,1286.9583333333333
North America,2021-05-25,939152.6829268293,21584.219512195123
North America,2022-03-07,2285924.3414634145,34044.95121951219
North America,2023-05-11,3028806.3658536584,39012.0
North America,2023-06-02,3032067.1219512196,39103.04878048781
North America,2023-07-10,3032411.5853658537,39194.60975609756
North America,2023-08-11,3032540.512195122,39253.0243902439
North America,2024-01-06,3034814.1707317075,40026.95121951219
North America,2024-01-30,3035287.7073170734,40269.829268292684
South America,2020-01-14,0.0,0.0
South America,2020-04-15,3313.785714285714,173.42857142857142
South America,2020-04-25,5358.214285714285,336.35714285714283
South America,2020-05-24,42037.78571428572,3026.714285714286
South America,2020-07-02,147749.42857142858,7785.928571428572
South America,2020-07-29,261502.64285714287,12205.642857142857
South America,2021-08-07,2541042.5,78214.92857142857
South America,2022-07-12,4318741.071428572,93430.21428571429
South America,2022-07-13,4318741.071428572,93430.21428571429
South America,2023-10-18,4898630.142857143,96602.78571428571
South America,2023-10-31,4899140.785714285,96609.21428571429
Asia,2020-03-16,2237.276595744681,83.87234042553192
Asia,2020-05-18,16466.31914893617,517.531914893617
Asia,2021-06-10,1086660.75,14781.291666666666
Asia,2022-06-01,3160820.6041666665,29867.625
Asia,2022-08-06,3424595.25,30227.270833333332
Asia,2022-11-15,3950031.125,31148.583333333332
Asia,2023-07-26,6221301.041666667,34001.1875
Asia,2024-01-27,6410558.595744681,34815.70212765958
Asia,2024-03-24,6412549.744680851,34825.65957446808
Europe,2022-01-17,2030916.0961538462,31069.865384615383
Europe,2022-10-14,4505196.882352941,38355.96078431373
Europe,2022-12-25,4746228.960784313,39379.80392156863
Europe,2022-12-30,4746228.960784313,39379.80392156863
Europe,2023-05-05,4868231.901960785,40474.509803921566
Europe,2023-10-05,4894968.529411765,40790.13725490196
Europe,2023-11-02,4903557.0,40859.17647058824
Africa,2020-06-18,4195.859649122807,134.0
Africa,2020-09-24,24706.543859649122,638.1754385964912
Africa,2020-10-23,28917.64912280702,732.5438596491229
Africa,2022-03-05,205105.52631578947,4373.0526315789475
Africa,2023-01-13,228223.7894736842,4535.596491228071
Africa,2024-02-25,230537.66666666666,4545.473684210527
Oceania,2020-08-10,944.8333333333334,17.0
Oceania,2020-09-22,1351.0833333333333,38.958333333333336
Oceania,2021-03-17,2502.5416666666665,51.583333333333336
Oceania,2021-06-27,3410.7083333333335,59.708333333333336
Oceania,2021-08-07,4804.208333333333,71.125
Oceania,2022-01-21,79223.20833333333,239.0
Oceania,2022-03-05,141745.5,374.5416666666667
Oceania,2022-10-22,509228.875,887.2083333333334
Oceania,2022-11-10,515580.2916666667,900.7916666666666
Oceania,2023-01-02,554969.2916666666,1023.0833333333334
Oceania,2023-01-19,562359.1666666666,1023.2083333333334
Oceania,2023-04-24,581828.625,1135.0
Oceania,2023-07-05,598100.875,1216.25
Oceania,2023-11-23,606870.125,1274.9583333333333
Oceania,2023-12-02,607573.75,1279.5
Oceania,2023-12-18,609570.375,1299.9166666666667
North America,2020-07-02,73315.46341463414,4326.0
North America,2022-10-15,2800359.926829268,36895.60975609756
North America,2023-04-01,3009601.7317073173,38777.170731707316
North America,2023-05-14,3031618.0,39063.9756097561
North America,2023-06-01,3032067.1219512196,39103.04878048781
North America,2024-01-28,3035287.7073170734,40269.829268292684
North America,2024-04-28,3035915.4146341463,40606.34146341463
South America,2022-01-25,3244677.5714285714,86256.5
South America,2022-07-06,4276782.857142857,93269.14285714286
South America,2022-07-17,4365336.357142857,93604.92857142857
South America,2022-11-01,4598321.571428572,95190.0
South America,2023-10-17,4898630.142857143,96602.78571428571
South America,2023-12-24,4901428.0,96637.14285714286
South America,2024-02-02,4906318.928571428,96672.42857142857
Asia,2020-02-04,308.82978723404256,7.702127659574468
Asia,2021-02-21,506764.1041666667,8139.708333333333
Asia,2021-04-01,577647.5416666666,8832.979166666666
Asia,2021-05-11,903867.8333333334,11778.0625
Asia,2022-07-04,3248411.0416666665,30048.104166666668
Asia,2023-01-07,5769265.479166667,32073.25
Asia,2023-01-09,5968677.458333333,32370.145833333332
Asia,2024-01-23,6410558.595744681,34815.70212765958
Asia,2024-07-09,6414397.680851064,34834.063829787236
Europe,2020-01-13,0.0392156862745098,0.058823529411764705
Europe,2020-05-02,21600.392156862745,2569.627450980392
Europe,2021-01-26,566577.1176470588,14061.725490196079
Europe,2021-02-04,579152.8653846154,14504.788461538461
Europe,2021-06-14,906883.4038461539,21599.096153846152
Europe,2021-10-21,1184312.6923076923,24966.05769230769
Europe,2022-09-19,4405652.274509804,38107.35294117647
Europe,2023-11-22,4911401.862745098,40915.0
Europe,2023-12-31,4937236.176470588,41067.60784313725
Africa,2021-01-31,62767.0,1590.017543859649
Africa,2021-03-10,70078.12280701754,1856.9298245614036
Africa,2021-06-18,89197.36842105263,2364.754385964912
Africa,2022-12-07,227464.35087719298,4531.6140350877195
Africa,2023-09-30,230048.87719298244,4544.263157894737
Africa,2023-12-05,230232.49122807017,4544.877192982456
Africa,2024-07-22,230617.71929824562,4545.912280701755
Oceania,2020-03-21,10.833333333333334,0.2916666666666667
Oceania,2020-05-21,352.4583333333333,5.458333333333333
Oceania,2020-07-04,383.2916666666667,5.708333333333333
Oceania,2020-12-26,2253.6666666666665,49.083333333333336
Oceania,2021-09-29,10112.666666666666,126.75
Oceania,2022-04-01,212489.16666666666,409.5
Oceania,2022-05-12,310299.2083333333,505.0833333333333
Oceania,2022-06-09,365335.5416666667,579.5416666666666
Oceania,2022-07-16,409758.875,672.2916666666666
Oceania,2022-12-03,527276.8333333334,923.6666666666666
Oceania,2022-12-31,549876.2083333334,975.7083333333334
Oceania,2023-02-05,567033.5833333334,1078.0833333333333
Oceania,2023-04-13,578459.2083333334,1121.9583333333333
Oceania,2024-02-21,615297.1666666666,1335.0833333333333
Oceania,2024-03-15,616797.9583333334,1342.2083333333333
Oceania,2024-05-03,621835.875,1356.2083333333333
Oceania,2024-06-18,623890.1666666666,1363.2083333333333
North America,2020-04-02,3312.5365853658536,54.51219512195122
North America,2020-04-12,13673.414634146342,588.6585365853658
North America,2020-05-11,35285.85365853659,2280.048780487805
North America,2020-11-22,350038.243902439,9999.048780487805
North America,2021-05-24,939152.6829268293,21584.219512195123
North America,2021-09-22,1234290.3170731708,25489.219512195123
North America,2021-10-08,1282670.243902439,26380.024390243903
North America,2021-12-29,1516658.731707317,29695.975609756097
North America,2022-02-03,2136438.7560975607,31771.439024390245
North America,2023-06-26,3032349.024390244,39168.243902439026
North America,2023-06-30,3032349.024390244,39168.243902439026
North America,2023-11-25,3033960.3414634145,39744.19512195122
South America,2020-10-31,667261.1428571428,24753.928571428572
South America,2023-07-07,4897411.071428572,96590.35714285714
South America,2024-02-21,4909509.285714285,96691.21428571429
South America,2024-05-27,4914262.428571428,96724.78571428571
Asia,2020-08-08,92738.44680851063,2056.404255319149
Asia,2021-03-25,556928.0,8629.020833333334
Asia,2021-09-13,1511449.1875,22458.1875
Asia,2021-10-05,1585439.625,23526.125
Asia,2021-10-28,1638056.6875,24187.6875
Europe,2020-12-12,358719.70588235295,8928.35294117647
Europe,2021-01-10,508132.03921568627,12500.686274509804
Europe,2022-02-26,2911084.5384615385,33233.92307692308
Europe,2022-09-02,4337686.333333333,37901.01960784314
Europe,2023-03-14,4831356.94117647,40126.07843137255
Europe,2023-04-02,4851157.666666667,40296.37254901961
Europe,2024-04-11,4950557.019607843,41180.41176470588
Europe,2024-07-05,4955485.0784313725,41206.705882352944
Africa,2020-01-08,0.0,0.0
Africa,2020-03-27,23.45614035087719,0.47368421052631576
Africa,2020-05-15,1089.2280701754387,45.68421052631579
Africa,2020-10-30,30203.614035087718,755.7894736842105
Africa,2021-05-09,82049.15789473684,2186.1754385964914
Africa,2022-06-18,217426.2105263158,4481.035087719299
Africa,2024-04-12,230558.8245614035,4545.596491228071
Oceania,2020-06-24,372.7916666666667,5.666666666666667
Oceania,2020-08-03,795.5833333333334,12.541666666666666
Oceania,2021-12-26,22790.416666666668,204.91666666666666
Oceania,2022-03-25,191290.20833333334,399.7916666666667
Oceania,2023-09-06,602211.875,1236.7916666666667
Oceania,2024-07-17,624877.25,1368.75
North America,2020-02-26,1.2195121951219512,0.0
North America,2021-05-12,923692.0487804879,21290.39024390244
North America,2022-04-20,2331814.975609756,34832.58536585366
North America,2022-08-31,2733247.5853658537,36409.80487804878
North America,2023-01-29,2958600.1219512196,38213.78048780488
North America,2023-03-24,3005037.536585366,38718.85365853659
North America,2023-04-16,3020793.6585365855,38912.0
North America,2024-05-13,3035994.1951219514,40626.34146341463
South America,2021-02-25,1241859.5714285714,37737.71428571428
South America,2021-03-10,1323145.5,40131.28571428572
South America,2021-04-07,1539719.2857142857,47165.142857142855
South America,2021-10-24,2737633.0714285714,83409.85714285714
South America,2022-04-04,4011756.285714286,92055.28571428571
South America,2022-06-08,4141454.785714286,92819.28571428571
South America,2023-03-12,4857847.285714285,96509.57142857143
South America,2023-04-03,4875602.0,96363.14285714286
South America,2023-12-17,4901125.714285715,96634.85714285714
South America,2024-04-15,4914004.214285715,96718.0
South America,2024-06-18,4914401.142857143,96726.64285714286
Asia,2021-08-14,1330391.7291666667,19425.0625
Asia,2022-04-10,2986409.9375,29453.541666666668
Asia,2023-01-01,5769265.479166667,32073.25
Asia,2023-03-22,6147262.916666667,33833.1875
Asia,2023-06-04,6199834.25,33973.6875
Asia,2023-09-11,6262659.625,34032.479166666664
Asia,2024-05-01,6413017.489361702,34828.78723404255
Europe,2020-03-21,1109.4901960784314,44.03921568627451
Europe,2020-06-08,36985.0,3600.607843137255
Europe,2021-03-11,671342.1538461539,16885.71153846154
Europe,2022-09-17,4380616.568627451,38042.490196078434
Europe,2022-09-23,4405652.274509804,38107.35294117647
Europe,2022-10-09,4505196.882352941,38355.96078431373
Europe,2022-12-09,4684286.882352941,39072.94117647059
Europe,2023-05-19,4873452.490196078,40542.27450980392
Europe,2024-01-08,4939501.803921568,41092.549019607846
Europe,2024-07-10,4956042.117647059,41210.07843137255
Africa,2020-11-09,33036.82456140351,813.8947368421053
Africa,2021-02-12,64655.54385964912,1665.1929824561403
Africa,2021-08-23,133422.26315789475,3332.4561403508774
Africa,2022-02-11,197809.28070175438,4242.122807017544
Africa,2022-11-08,226578.57894736843,4528.263157894737
Africa,2023-06-24,229803.61403508772,4543.456140350877
Africa,2024-02-14,230527.1403508772,4545.3859649122805
Africa,2024-05-07,230573.54385964913,4545.666666666667
Oceania,2020-07-21,546.375,6.583333333333333
Oceania,2021-03-29,2653.9166666666665,51.625
Oceania,2021-08-11,5281.708333333333,74.54166666666667
Oceania,2021-08-20,5823.75,79.95833333333333
Oceania,2021-11-03,13926.333333333334,170.29166666666666
Oceania,2021-11-13,14489.083333333334,176.83333333333334
Oceania,2022-07-01,394865.7916666667,632.2916666666666
Oceania,2022-08-15,477834.3333333333,810.125
Oceania,2023-06-07,593354.3333333334,1191.0
Oceania,2023-09-15,602547.0833333334,1238.9166666666667
North America,2020-06-07,54673.58536585366,3536.0
North America,2020-11-25,350038.243902439,9999.048780487805
North America,2021-06-02,945000.4390243902,21715.70731707317
North America,2021-10-30,1334089.0,27450.414634146342
North America,2022-03-17,2294238.6341463416,34286.31707317073
North America,2022-07-11,2563613.8292682925,35693.439024390245
North America,2022-09-17,2762239.7804878047,36582.26829268293
North America,2024-02-24,3035519.073170732,40390.31707317073
North America,2024-05-06,3035952.1219512196,40617.41463414634
South America,2020-11-25,762923.2142857143,26817.35714285714
South America,2020-12-14,851024.7142857143,28409.0
South America,2023-04-04,4875602.0,96363.14285714286
South America,2023-04-12,4880587.857142857,96399.07142857143
South America,2023-09-15,4898053.071428572,96594.85714285714
South America,2024-03-06,4911456.785714285,96699.85714285714
South America,2024-03-17,4913002.357142857,96707.42857142857
Asia,2020-01-22,2.8297872340425534,0.06382978723404255
Asia,2020-02-13,796.3617021276596,19.27659574468085
Asia,2020-07-29,80458.97872340426,1858.8297872340424
Asia,2020-10-06,242207.085106383,4233.531914893617
Asia,2020-11-04,303331.3829787234,5155.234042553191
Asia,2020-12-11,384864.27659574465,6378.021276595745
Asia,2020-12-14,401865.5106382979,6606.744680851064
Asia,2021-12-28,1754384.3125,26066.583333333332
Asia,2021-12-31,1754384.3125,26066.583333333332
Asia,2022-08-10,3500760.5,30302.5625
Asia,2022-10-02,3830812.7916666665,30892.958333333332
Europe,2020-07-23,48744.294117647056,3939.1960784313724
Europe,2022-02-28,3065743.843137255,34289.43137254902
Europe,2022-04-21,3679592.274509804,36060.56862745098
Europe,2022-05-02,3765606.6666666665,36348.92156862745
Europe,2023-01-20,4777124.549019608,39687.98039215686
Europe,2023-07-19,4882629.705882353,40681.1568627451
Europe,2024-07-01,4955485.0784313725,41206.705882352944
Africa,2020-01-14,0.0,0.0
Africa,2020-09-04,21816.491228070176,561.1754385964912
Africa,2020-12-23,44018.45614035088,1039.298245614035
Africa,2022-03-30,208943.73684210525,4430.684210526316
Africa,2022-04-12,210125.59649122806,4442.210526315789
Africa,2022-06-12,217426.2105263158,4481.035087719299
Africa,2022-08-17,224374.57894736843,4513.982456140351
Africa,2023-04-26,229461.54385964913,4541.789473684211
Africa,2023-06-25,229843.19298245615,4543.6140350877195
Africa,2023-06-28,229843.19298245615,4543.6140350877195
Oceania,2020-04-11,278.2916666666667,1.75
Oceania,2020-07-27,653.0833333333334,8.458333333333334
Oceania,2021-01-23,2359.3333333333335,50.541666666666664
Oceania,2021-05-12,3009.25,56.666666666666664
Oceania,2022-02-27,141745.5,374.5416666666667
Oceania,2022-08-11,467999.3333333333,787.5833333333334
Oceania,2023-03-29,575352.8333333334,1111.5
Oceania,2023-06-30,597532.8333333334,1216.25
North America,2020-05-05,30056.756097560974,1865.5121951219512
North America,2020-10-18,240579.07317073172,8538.853658536585
North America,2021-03-19,823650.1951219512,19726.829268292684
North America,2021-11-20,1378090.8292682928,28194.51219512195
North America,2022-03-19,2294238.6341463416,34286.31707317073
North America,2023-11-13,3033813.926829268,39706.560975609755
North America,2024-03-13,3035676.463414634,40485.0243902439
South America,2020-02-19,0.0,0.0
South America,2020-07-28,261502.64285714287,12205.642857142857
South America,2021-09-05,2650600.1428571427,81250.35714285714
South America,2021-12-04,2785874.785714286,84371.42857142857
South America,2022-04-12,4025987.714285714,92179.92857142857
South America,2022-09-06,4548209.214285715,94708.5
South America,2023-01-18,4808898.142857143,96030.0
South America,2024-03-20,4913002.357142857,96707.42857142857
South America,2024-04-22,4914066.785714285,96720.42857142857
Asia,2020-01-27,42.787234042553195,1.1914893617021276
Asia,2020-08-07,92738.44680851063,2056.404255319149
Asia,2020-12-23,416868.57446808513,6822.978723404255
Asia,2021-03-21,556928.0,8629.020833333334
Asia,2021-08-17,1369650.1041666667,20106.791666666668
Asia,2022-02-20,2337782.3333333335,27813.791666666668
Asia,2022-05-16,3116051.75,29798.916666666668
Asia,2022-07-23,3308604.1666666665,30119.583333333332
Asia,2022-08-28,3676756.8333333335,30582.854166666668
Asia,2022-10-11,3848465.1458333335,30931.291666666668
Asia,2024-01-13,6408490.361702127,34811.87234042553
Europe,2020-05-07,24558.803921568626,2865.725490196078
Europe,2020-05-21,30259.901960784315,3264.3529411764707
Europe,2020-10-05,103053.49019607843,4577.333333333333
Europe,2021-04-02,745776.0,18144.5
Europe,2021-08-13,1009570.75,22662.71153846154
Europe,2021-09-04,1060447.1153846155,23212.365384615383
Europe,2022-06-10,3884341.0,36775.96078431373
Europe,2022-09-25,4433523.0784313725,38174.94117647059
Europe,2023-05-22,4875152.62745098,40567.01960784314
Europe,2023-08-02,4883367.843137255,40691.96078431373
Europe,2024-03-29,4949541.196078432,41175.82352941176
Africa,2021-09-18,142786.26315789475,3577.1052631578946
Africa,2021-10-09,147807.22807017545,3726.4561403508774
Africa,2022-02-09,197809.28070175438,4242.122807017544
Africa,2022-04-02,208943.73684210525,4430.684210526316
Africa,2022-12-27,227972.36842105264,4534.859649122807
Africa,2023-02-14,228878.19298245615,4538.6140350877195
Africa,2023-05-25,229656.8947368421,4542.824561403509
Africa,2023-12-01,230184.80701754385,4544.824561403509
Africa,2024-07-19,230615.22807017545,4545.701754385965
Oceania,2020-04-05,278.2916666666667,1.75
Oceania,2020-07-31,653.0833333333334,8.458333333333334
Oceania,2020-08-25,1145.9166666666667,27.625
Oceania,2021-04-17,2805.5,51.75
Oceania,2022-11-30,527276.8333333334,923.6666666666666
Oceania,2024-04-12,620928.2916666666,1350.4583333333333
North America,2020-09-17,191999.51219512196,7533.170731707317
North America,2020-09-24,200542.36585365853,7748.487804878048
North America,2020-11-06,269779.1951219512,9017.536585365853
North America,2021-10-22,1319509.780487805,27106.80487804878
North America,2022-03-26,2301674.7317073173,34388.243902439026
North America,2023-01-30,2958600.1219512196,38213.78048780488
North America,2023-03-09,2995870.975609756,38615.0243902439
North America,2023-04-23,3023756.8536585364,38946.80487804878
South America,2020-05-30,42037.78571428572,3026.714285714286
South America,2021-04-03,1480967.5,44957.5
South America,2021-07-05,2377626.6428571427,73074.57142857143
South America,2022-01-10,2934622.5714285714,85425.07142857143
South America,2022-02-11,3583052.1428571427,87666.21428571429
South America,2023-03-11,4855322.071428572,96494.85714285714
South America,2024-03-16,4912241.642857143,96703.78571428571
South America,2024-03-31,4913761.5,96713.21428571429
Asia,2020-05-30,19875.127659574468,576.2978723404256
Asia,2020-06-26,39472.1914893617,1005.7872340425532
Asia,2020-08-29,134978.55319148937,2719.6170212765956
Asia,2021-06-06,1086660.75,14781.291666666666
Asia,2021-08-08,1330391.7291666667,19425.0625
Asia,2022-08-03,3424595.25,30227.270833333332
Asia,2023-02-19,6126599.083333333,33741.208333333336
Europe,2020-02-16,2.0588235294117645,0.23529411764705882
Europe,2020-06-01,34867.333333333336,3510.3137254901962
Europe,2021-09-20,1109007.826923077,23862.903846153848
Europe,2022-08-29,4337686.333333333,37901.01960784314
Europe,2023-03-16,4831356.94117647,40126.07843137255
Europe,2023-11-04,4903557.0,40859.17647058824
Europe,2023-12-20,4929572.843137255,41013.76470588235
Europe,2024-04-12,4950557.019607843,41180.41176470588
Africa,2020-02-01,0.0,0.0
Africa,2020-12-01,38007.70175438596,912.6491228070175
Africa,2021-05-12,82049.15789473684,2186.1754385964914
Africa,2022-04-26,211354.35087719298,4450.596491228071
Africa,2022-07-25,222751.15789473685,4505.7192982456145
Africa,2023-01-09,228223.7894736842,4535.596491228071
Oceania,2020-04-07,278.2916666666667,1.75
Oceania,2020-04-25,330.3333333333333,3.7916666666666665
Oceania,2020-11-29,2132.4166666666665,47.458333333333336
Oceania,2021-04-11,2805.5,51.75
Oceania,2024-07-10,624743.7083333334,1367.4583333333333
North America,2020-08-19,156701.48780487804,6524.780487804878
North America,2022-06-07,2447700.926829268,35344.85365853659
North America,2022-07-13,2563613.8292682925,35693.439024390245
North America,2022-08-29,2733247.5853658537,36409.80487804878
North America,2022-10-09,2800359.926829268,36895.60975609756
North America,2023-06-23,3032290.7804878047,39153.12195121951
South America,2020-01-04,,
South America,2021-03-17,1372020.0,41533.21428571428
South America,2021-04-08,1539719.2857142857,47165.142857142855
South America,2021-06-21,2252553.1428571427,69828.42857142857
South America,2022-06-17,4171369.714285714,92912.35714285714
South America,2023-02-09,4835195.428571428,96288.64285714286
South America,2023-06-29,4897318.428571428,96590.07142857143
South America,2023-11-03,4899140.785714285,96609.21428571429
Asia,2020-07-04,46053.87234042553,1146.2978723404256
Asia,2020-08-21,120403.85106382979,2493.531914893617
Asia,2020-10-04,242207.085106383,4233.531914893617
Asia,2020-12-29,429593.8510638298,7030.893617021276
Asia,2021-02-11,498128.9574468085,8052.468085106383
Asia,2021-07-06,1170516.75,16686.3125
Asia,2021-07-19,1224422.1875,17559.5625
Asia,2022-05-12,3093057.5,29764.6875
Europe,2021-03-10,671342.1538461539,16885.71153846154
Europe,2021-04-22,818223.5576923077,19571.134615384617
Europe,2021-07-01,918809.8846153846,21832.76923076923
Europe,2021-07-12,941873.9807692308,22090.076923076922
Europe,2021-09-30,1125188.0,24095.51923076923
Europe,2021-11-29,1407537.5,27917.903846153848
Europe,2022-02-13,2787789.2884615385,32783.75
Europe,2022-03-03,3065743.843137255,34289.43137254902
Europe,2022-07-17,4148095.3725490198,37238.60784313725
Europe,2022-09-30,4433523.0784313725,38174.94117647059
Europe,2023-02-05,4794103.215686275,39869.21568627451
Europe,2024-06-11,4954051.431372549,41196.705882352944
Africa,2020-03-10,1.4035087719298245,0.08771929824561403
Africa,2020-09-09,22796.526315789473,589.7017543859649
Africa,2021-04-04,75464.80701754386,1999.578947368421
Africa,2022-03-20,208256.98245614034,4424.2807017543855
Africa,2022-05-24,215505.19298245615,4468.105263157895
Africa,2023-01-12,228223.7894736842,4535.596491228071
Africa,2023-11-28,230184.80701754385,4544.824561403509
Africa,2024-03-04,230540.15789473685,4545.508771929824
Africa,2024-07-10,230611.33333333334,4545.701754385965
Oceania,2021-09-09,7910.916666666667,102.125
Oceania,2021-10-09,10953.958333333334,137.33333333333334
Oceania,2021-10-18,12569.083333333334,156.25
Oceania,2022-04-22,266622.4583333333,454.5416666666667
Oceania,2023-02-03,565843.9583333334,1023.2083333333334
Oceania,2023-02-14,568084.3333333334,1083.625
Oceania,2023-02-28,570212.3333333334,1092.2916666666667
Oceania,2023-08-14,601098.625,1227.9583333333333
Oceania,2023-09-08,602211.875,1236.7916666666667
Oceania,2024-06-06,623476.8333333334,1361.1666666666667
North America,2020-04-07,7925.390243902439,227.02439024390245
North America,2020-06-25,65476.65853658537,4049.2926829268295
North America,2020-07-28,122191.17073170732,5525.878048780488
North America,2020-09-07,184255.9512195122,7317.048780487805
North America,2020-09-10,184255.9512195122,7317.048780487805
North America,2021-02-23,785952.7073170731,18590.19512195122
North America,2021-08-05,1021063.3658536585,22724.024390243903
North America,2021-08-20,1074407.1219512196,23278.756097560974
North America,2022-03-10,2285924.3414634145,34044.95121951219
North America,2022-04-02,2308595.4146341463,34526.46341463415
North America,2022-07-23,2593740.9024390243,35785.39024390244
North America,2023-01-06,2915000.2926829266,37792.243902439026
North America,2023-05-08,3028806.3658536584,39012.0
North America,2023-05-29,3032067.1219512196,39103.04878048781
North America,2023-10-01,3033102.6585365855,39495.80487804878
North America,2023-12-23,3034521.9024390243,39919.90243902439
North America,2024-04-30,3035915.4146341463,40606.34146341463
North America,2024-05-09,3035952.1219512196,40617.41463414634
South America,2020-02-11,0.0,0.0
South America,2020-04-24,5358.214285714285,336.35714285714283
South America,2020-09-12,477877.0714285714,19022.571428571428
South America,2021-08-23,2616121.5714285714,80285.28571428571
South America,2021-11-16,2766535.714285714,83973.71428571429
South America,2022-04-06,4011756.285714286,92055.28571428571
South America,2022-08-30,4536108.857142857,94598.0
South America,2022-09-20,4564571.857142857,94865.78571428571
South America,2023-09-08,4897987.0,96594.14285714286
Asia,2020-01-07,0.02127659574468085,0.0
Asia,2020-08-11,106183.70212765958,2267.063829787234
Asia,2021-10-24,1638056.6875,24187.6875
Asia,2022-04-11,2986409.9375,29453.541666666668
Asia,2022-10-23,3884290.2291666665,31002.979166666668
Asia,2022-11-20,3975835.3958333335,31194.9375
Asia,2022-12-26,5225753.0625,31643.020833333332
Asia,2023-10-13,6264206.145833333,34039.166666666664
Asia,2023-11-20,6267017.8125,34075.541666666664
Asia,2024-05-25,6413388.638297873,34831.063829787236
Europe,2020-04-01,7438.254901960784,570.6078431372549
Europe,2021-05-01,838180.1923076923,20008.75
Europe,2021-05-29,888344.2692307692,21161.30769230769
Europe,2021-07-27,977400.5961538461,22357.076923076922
Europe,2021-11-25,1358804.9807692308,27365.53846153846
Europe,2022-08-20,4291636.333333333,37725.03921568627
Europe,2022-09-09,4359168.588235294,37976.666666666664
Europe,2023-08-28,4886094.098039215,40724.901960784315
Africa,2021-09-20,144980.75438596492,3635.0526315789475
Africa,2022-05-28,215505.19298245615,4468.105263157895
Africa,2023-10-15,230082.1403508772,4544.473684210527
Africa,2023-12-04,230232.49122807017,4544.877192982456
Africa,2024-03-08,230540.15789473685,4545.508771929824
Africa,2024-04-26,230566.1052631579,4545.666666666667
Oceania,2020-01-20,0.0,0.0
Oceania,2022-07-11,409758.875,672.2916666666666
Oceania,2024-07-25,624974.2916666666,1370.0
North America,2020-02-23,1.2195121951219512,0.0
North America,2020-04-13,13673.414634146342,588.6585365853658
North America,2020-05-02,24555.634146341465,1445.1463414634147
North America,2021-01-04,572470.512195122,13417.390243902439
North America,2023-07-13,3032411.5853658537,39194.60975609756
North America,2023-07-31,3032509.0,39235.92682926829
North America,2023-08-03,3032509.0,39235.92682926829
North America,2023-12-25,3034654.975609756,39969.21951219512
South America,2021-10-21,2727839.6428571427,83173.35714285714
South America,2022-04-27,4047862.3571428573,92364.42857142857
South America,2022-11-03,4598321.571428572,95190.0
South America,2023-12-13,4900907.428571428,96631.78571428571
Asia,2020-11-14,318149.89361702127,5388.063829787234
Asia,2021-07-04,1170516.75,16686.3125
Asia,2023-01-04,5769265.479166667,32073.25
Asia,2024-04-07,6412731.042553191,34827.1914893617
Asia,2024-04-17,6412813.44680851,34827.744680851065
Europe,2020-11-14,236609.0,6079.137254901961
Europe,2022-05-09,3796729.843137255,36464.03921568627
Europe,2022-07-12,4089572.901960784,37123.8431372549
Europe,2023-03-26,4845309.352941177,40242.470588235294
Europe,2023-08-31,4886094.098039215,40724.901960784315
Europe,2024-03-09,4947733.68627451,41166.74509803922
Africa,2020-07-09,8298.578947368422,241.8421052631579
Africa,2020-10-05,26599.21052631579,689.3859649122807
Africa,2022-04-10,210125.59649122806,4442.210526315789
Africa,2022-06-03,216193.9298245614,4472.684210526316
Africa,2024-01-25,230497.19298245615,4545.298245614035
Africa,2024-03-26,230551.31578947368,4545.543859649123
Oceania,2020-01-18,0.0,0.0
Oceania,2020-07-07,415.3333333333333,5.75
Oceania,2021-08-03,4804.208333333333,71.125
Oceania,2021-11-07,14489.083333333334,176.83333333333334
Oceania,2021-12-05,16563.583333333332,195.91666666666666
Oceania,2022-03-21,191290.20833333334,399.7916666666667
Oceania,2022-03-26,191290.20833333334,399.7916666666667
Oceania,2022-09-04,494662.3333333333,850.625
Oceania,2024-02-22,615297.1666666666,1335.0833333333333
Oceania,2024-04-04,620616.4166666666,1348.0416666666667
North America,2020-03-11,14.024390243902438,0.4634146341463415
North America,2020-10-05,218906.19512195123,8147.463414634146
North America,2020-10-12,229026.75609756098,8338.80487804878
North America,2021-06-09,949510.1707317074,21823.024390243903
North America,2021-09-06,1173246.4146341463,24549.585365853658
North America,2022-05-08,2368182.6341463416,35062.92682926829
North America,2023-02-28,2989315.7073170734,38553.12195121951
North America,2023-11-07,3033689.048780488,39670.09756097561
North America,2023-12-30,3034654.975609756,39969.21951219512
North America,2024-01-22,3035195.0,40216.04878048781
North America,2024-02-28,3035579.3414634145,40424.12195121951
North America,2024-07-21,3036361.7804878047,40729.73170731707
South America,2020-10-05,591044.1428571428,22751.35714285714
South America,2022-03-04,3856423.8571428573,89763.92857142857
South America,2023-12-15,4900907.428571428,96631.78571428571
Asia,2020-01-25,2.8297872340425534,0.06382978723404255
Asia,2021-09-15,1511449.1875,22458.1875
Asia,2022-12-09,4032193.8541666665,31297.479166666668
Asia,2024-05-23,6413388.638297873,34831.063829787236
Europe,2021-01-27,566577.1176470588,14061.725490196079
Europe,2021-10-24,1211959.2692307692,25353.71153846154
Europe,2022-06-25,3934799.098039216,36893.1568627451
Europe,2022-09-22,4405652.274509804,38107.35294117647
Europe,2023-09-23,4890498.843137255,40760.41176470588
Europe,2024-02-05,4944551.549019608,41148.03921568627
Africa,2020-05-19,1462.7719298245613,53.78947368421053
Africa,2020-05-30,1935.3859649122808,63.29824561403509
Africa,2020-08-27,20789.64912280702,529.578947368421
Africa,2021-02-24,67536.1052631579,1775.3508771929824
Africa,2021-07-22,109914.85964912281,2773.0
Africa,2022-05-21,214546.12280701756,4464.017543859649
Africa,2022-07-26,222751.15789473685,4505.7192982456145
Africa,2022-10-24,226302.1403508772,4525.912280701755
Africa,2024-02-22,230531.91228070174,4545.403508771929
Africa,2024-04-01,230554.87719298244,4545.561403508772
Africa,2024-04-18,230562.54385964913,4545.631578947368
Africa,2024-06-15,230590.77192982455,4545.684210526316
Oceania,2020-02-04,0.5,0.0
Oceania,2020-03-03,1.0833333333333333,0.0
Oceania,2021-05-01,2918.0833333333335,51.833333333333336
Oceania,2021-07-29,4391.541666666667,68.375
Oceania,2023-07-25,599996.5833333334,1217.125
Oceania,2024-06-04,623476.8333333334,1361.1666666666667
North America,2020-05-08,30056.756097560974,1865.5121951219512
North America,2021-10-11,1302649.0731707318,26763.60975609756
North America,2021-11-14,1378090.8292682928,28194.51219512195
North America,2022-09-15,2762239.7804878047,36582.26829268293
North America,2022-11-07,2830026.7317073173,37203.31707317073
North America,2024-01-10,3034961.1951219514,40090.41463414634
South America,2020-01-09,0.0,0.0
South America,2020-07-13,201726.2857142857,9870.857142857143
South America,2021-07-06,2377626.6428571427,73074.57142857143
South America,2022-12-31,4751654.642857143,95737.57142857143
South America,2023-11-07,4899413.714285715,96613.21428571429
Asia,2020-10-22,274880.6595744681,4720.510638297872
Asia,2020-10-31,289540.5106382979,4944.510638297872
Asia,2021-03-20,540956.3541666666,8497.458333333334
Asia,2021-05-01,759694.0833333334,10250.604166666666
Asia,2021-05-13,903867.8333333334,11778.0625
Asia,2021-12-16,1732713.375,25717.229166666668
Asia,2022-05-17,3116051.75,29798.916666666668
Asia,2023-03-18,6142655.333333333,33814.041666666664
Asia,2024-02-03,6411034.680851064,34817.02127659575
Europe,2020-07-25,48744.294117647056,3939.1960784313724
Europe,2020-11-02,199381.9019607843,5533.098039215686
Europe,2022-02-24,2911084.5384615385,33233.92307692308
Europe,2022-12-06,4684286.882352941,39072.94117647059
Europe,2023-08-03,4883367.843137255,40691.96078431373
Europe,2023-08-18,4884462.490196078,40705.78431372549
Europe,2023-09-24,4892633.411764706,40774.58823529412
Africa,2020-11-11,33036.82456140351,813.8947368421053
Africa,2021-02-27,67536.1052631579,1775.3508771929824
Africa,2021-07-08,99944.26315789473,2567.2105263157896
Africa,2021-10-24,150246.49122807017,3813.1754385964914
Africa,2021-10-31,150910.1754385965,3836.5263157894738
Africa,2022-04-14,210125.59649122806,4442.210526315789
Africa,2022-05-05,212274.68421052632,4453.245614035088
Africa,2022-05-19,214546.12280701756,4464.017543859649
Africa,2022-09-17,225462.84210526315,4520.9473684210525
Africa,2022-10-16,226179.12280701756,4525.315789473684
Africa,2022-10-29,226302.1403508772,4525.912280701755
Africa,2022-12-12,227616.0701754386,4533.578947368421
Africa,2023-09-29,230048.87719298244,4544.263157894737
Africa,2023-11-04,230101.9649122807,4544.508771929824
Africa,2024-03-27,230551.31578947368,4545.543859649123
Oceania,2021-06-15,3267.375,58.875
Oceania,2022-02-22,131559.66666666666,362.3333333333333
Oceania,2022-05-07,295266.875,487.4166666666667
Oceania,2022-08-02,455397.7083333333,762.0416666666666
Oceania,2022-08-27,485230.9583333333,826.4166666666666
Oceania,2022-09-08,494662.3333333333,850.625
Oceania,2022-09-14,497808.4166666667,859.7916666666666
Oceania,2022-12-13,538942.7083333334,947.875
Oceania,2023-08-16,601098.625,1227.9583333333333
Oceania,2024-02-08,614260.5416666666,1328.0833333333333
Oceania,2024-07-08,624743.7083333334,1367.4583333333333
North America,2020-08-31,175217.58536585365,7071.463414634146
North America,2021-03-23,834997.512195122,19967.0
North America,2021-04-28,902414.3902439025,20953.243902439026
North America,2021-05-01,902414.3902439025,20953.243902439026
North America,2021-08-03,1021063.3658536585,22724.024390243903
North America,2021-12-30,1516658.731707317,29695.975609756097
North America,2022-02-20,2259992.975609756,33380.65853658537
North America,2022-07-20,2593740.9024390243,35785.39024390244
North America,2022-07-28,2623334.1951219514,35890.19512195122
North America,2022-08-02,2652795.073170732,35995.87804878049
North America,2023-02-15,2974521.048780488,38406.41463414634
North America,2023-07-23,3032474.8048780486,39221.68292682927
North America,2023-08-01,3032509.0,39235.92682926829
North America,2024-01-02,3034814.1707317075,40026.95121951219
North America,2024-02-12,3035449.487804878,40354.78048780488
North America,2024-07-07,3036271.8536585364,40703.14634146341
South America,2020-05-12,20461.428571428572,1529.2857142857142
South America,2020-09-22,535413.0714285715,21163.714285714286
South America,2021-01-04,951573.0714285715,30345.928571428572
South America,2021-01-07,951573.0714285715,30345.928571428572
South America,2022-02-22,3793480.5714285714,89215.92857142857
South America,2022-05-05,4057282.5,92459.71428571429
South America,2022-08-28,4536108.857142857,94598.0
South America,2023-04-25,4888354.071428572,96475.71428571429
South America,2023-08-19,4897815.142857143,96592.92857142857
South America,2024-05-10,4914152.285714285,96723.28571428571
Asia,2020-06-17,33501.46808510638,840.4042553191489
Asia,2021-04-26,759694.0833333334,10250.604166666666
Asia,2021-05-12,903867.8333333334,11778.0625
Asia,2021-06-23,1129754.1666666667,15965.479166666666
Asia,2022-01-18,1876834.9375,26524.854166666668
Asia,2024-04-03,6412642.510638298,34826.44680851064
Europe,2020-06-18,39133.76470588235,3676.607843137255
Europe,2020-07-14,46786.82352941176,3895.8039215686276
Europe,2020-08-28,63349.490196078434,4161.294117647059
Europe,2021-12-17,1506552.826923077,28979.96153846154
Europe,2022-02-18,2787789.2884615385,32783.75
Europe,2022-04-12,3622907.8235294116,35880.92156862745
Europe,2022-07-14,4089572.901960784,37123.8431372549
Europe,2022-09-14,4380616.568627451,38042.490196078434
Europe,2023-02-19,4808260.94117647,39969.19607843137
Europe,2023-04-28,4864668.156862745,40433.96078431373
Europe,2023-07-02,4881990.549019608,40668.705882352944
Europe,2023-07-15,4882306.68627451,40675.450980392154
Europe,2024-03-05,4947733.68627451,41166.74509803922
Europe,2024-06-02,4953611.274509804,41194.13725490196
Africa,2020-07-06,8298.578947368422,241.8421052631579
Africa,2020-10-29,30203.614035087718,755.7894736842105
Africa,2021-07-09,99944.26315789473,2567.2105263157896
Africa,2021-08-14,124267.8947368421,3124.964912280702
Africa,2021-09-24,144980.75438596492,3635.0526315789475
Africa,2021-10-26,150246.49122807017,3813.1754385964914
Africa,2022-08-22,224683.50877192983,4516.964912280701
Africa,2022-11-22,227010.73684210525,4529.7192982456145
Africa,2023-02-16,228878.19298245615,4538.6140350877195
Africa,2023-04-29,229461.54385964913,4541.789473684211
Africa,2023-05-17,229614.9298245614,4542.701754385965
Africa,2023-08-19,229965.64912280702,4544.070175438596
Africa,2023-10-11,230069.70175438595,4544.456140350877
Oceania,2020-06-02,359.6666666666667,5.666666666666667
Oceania,2021-04-20,2864.5,51.833333333333336
Oceania,2022-11-12,515580.2916666667,900.7916666666666
Oceania,2023-07-06,598100.875,1216.25
Oceania,2024-01-17,612364.7916666666,1312.8333333333333
Oceania,2024-05-24,622995.2083333334,1360.0833333333333
North America,2020-02-22,0.7560975609756098,0.0
North America,2020-04-29,24555.634146341465,1445.1463414634147
North America,2020-06-17,59666.65853658537,3802.6585365853657
North America,2020-12-08,416510.7073170732,10908.243902439024
North America,2021-05-16,932182.6341463415,21445.48780487805
North America,2021-07-14,977953.756097561,22294.756097560974
North America,2022-04-30,2341918.0975609757,34908.78048780488
North America,2023-11-24,3033960.3414634145,39744.19512195122
South America,2020-01-25,0.0,0.0
South America,2020-02-24,0.0,0.0
South America,2021-09-28,2695911.8571428573,82330.35714285714
South America,2021-11-09,2756280.1428571427,83800.71428571429
South America,2022-02-05,3428291.785714286,86919.78571428571
South America,2022-04-23,4037633.5,92276.78571428571
South America,2023-12-27,4901428.0,96637.14285714286
South America,2024-01-11,4902841.142857143,96646.14285714286
Asia,2020-10-16,259195.40425531915,4484.31914893617
Asia,2021-07-29,1254504.7291666667,18127.770833333332
Asia,2022-07-15,3272990.2083333335,30083.354166666668
Asia,2022-08-08,3500760.5,30302.5625
Asia,2023-02-12,6119179.291666667,33702.645833333336
Asia,2023-04-21,6164507.75,33890.833333333336
Asia,2023-06-01,6196609.4375,33966.854166666664
Asia,2024-05-02,6413017.489361702,34828.78723404255
Europe,2020-07-29,50939.509803921566,3981.2549019607845
Europe,2022-02-22,2911084.5384615385,33233.92307692308
Europe,2023-01-03,4759594.470588235,39492.76470588235
Europe,2023-03-03,4816519.196078432,40020.25490196078
Europe,2023-04-12,4855989.725490196,40343.450980392154
Europe,2023-07-17,4882629.705882353,40681.1568627451
Europe,2023-08-30,4886094.098039215,40724.901960784315
Africa,2020-09-17,23767.122807017542,615.1052631578947
Africa,2021-01-04,49602.9649122807,1174.0526315789473
Africa,2021-03-18,71251.77192982456,1891.298245614035
Africa,2021-07-25,114241.21052631579,2886.7368421052633
Africa,2021-12-01,153921.33333333334,3918.1754385964914
Africa,2022-04-07,209563.70175438595,4437.175438596491
Africa,2022-09-15,225462.84210526315,4520.9473684210525
Africa,2023-02-20,228947.0350877193,4538.982456140351
Africa,2023-04-08,229356.22807017545,4540.964912280701
Africa,2023-04-13,229385.24561403508,4541.122807017544
Africa,2023-04-27,229461.54385964913,4541.789473684211
Africa,2023-08-22,229974.1754385965,4544.122807017544
Africa,2023-11-20,230146.94736842104,4544.736842105263
Africa,2023-12-17,230354.24561403508,4544.929824561404
Africa,2023-12-19,230354.24561403508,4544.929824561404
Africa,2024-07-16,230615.22807017545,4545.701754385965
Oceania,2020-05-11,347.5,5.375
Oceania,2022-09-17,497808.4166666667,859.7916666666666
Oceania,2022-12-05,532758.2083333334,935.4583333333334
Oceania,2024-07-16,624877.25,1368.75
North America,2022-05-05,2354042.0975609757,34980.19512195122
North America,2022-05-15,2386009.3658536584,35130.439024390245
North America,2022-05-30,2428136.2439024393,35281.26829268293
North America,2023-01-31,2958600.1219512196,38213.78048780488
North America,2024-03-15,3035676.463414634,40485.0243902439
South America,2020-06-06,57767.0,3873.0714285714284
South America,2020-07-18,201726.2857142857,9870.857142857143
South America,2021-01-25,1086361.5,33177.78571428572
South America,2021-03-26,1423515.2142857143,43174.0
South America,2021-06-20,2252553.1428571427,69828.42857142857
South America,2022-10-26,4591891.857142857,95135.14285714286
South America,2023-04-13,4880587.857142857,96399.07142857143
South America,2023-04-27,4888354.071428572,96475.71428571429
Asia,2020-06-21,39472.1914893617,1005.7872340425532
Asia,2022-08-13,3500760.5,30302.5625
Asia,2023-11-09,6266106.5,34073.1875
Europe,2020-01-23,0.0784313725490196,0.058823529411764705
Europe,2020-06-27,41222.901960784315,3742.4313725490197
Europe,2020-12-03,332062.29411764705,8184.509803921569
Europe,2021-07-20,959605.9807692308,22218.673076923078
Europe,2022-09-24,4405652.274509804,38107.35294117647
Europe,2023-03-08,4824288.176470588,40072.39215686275
Europe,2024-01-13,4939501.803921568,41092.549019607846
Africa,2021-12-19,163743.87719298244,3971.245614035088
Africa,2022-01-07,174547.64912280702,4023.315789473684
Africa,2022-05-02,212274.68421052632,4453.245614035088
Africa,2022-08-27,224683.50877192983,4516.964912280701
Africa,2023-08-21,229974.1754385965,4544.122807017544
Africa,2023-09-26,230048.87719298244,4544.263157894737
Africa,2024-02-09,230518.56140350876,4545.368421052632
Africa,2024-02-26,230537.66666666666,4545.473684210527
Oceania,2020-10-14,1468.7083333333333,42.333333333333336
Oceania,2021-03-02,2438.1666666666665,51.375
Oceania,2021-03-27,2570.8333333333335,51.625
Oceania,2022-03-10,156207.66666666666,382.7916666666667
Oceania,2022-12-30,549876.2083333334,975.7083333333334
Oceania,2023-01-10,558620.0833333334,1023.2083333333334
Oceania,2023-01-20,562359.1666666666,1023.2083333333334
Oceania,2023-05-25,589007.2083333334,1170.375
Oceania,2023-10-31,605122.9166666666,1260.75
Oceania,2023-12-16,608876.5416666666,1294.9583333333333
Oceania,2024-01-19,612364.7916666666,1312.8333333333333
Oceania,2024-01-24,613098.0416666666,1321.75
Oceania,2024-04-05,620616.4166666666,1348.0416666666667
Oceania,2024-05-16,622504.375,1358.875
North America,2020-01-18,0.0,0.0
North America,2020-08-08,134837.29268292684,5878.804878048781
North America,2020-12-11,416510.7073170732,10908.243902439024
North America,2022-02-10,2200369.56097561,32365.853658536584
North America,2022-06-10,2447700.926829268,35344.85365853659
North America,2023-08-14,3032571.926829268,39272.07317073171
North America,2024-02-07,3035371.5853658537,40313.87804878049
North America,2024-06-12,3036152.4146341463,40661.21951219512
North America,2024-07-18,3036315.024390244,40715.365853658535
South America,2020-10-26,667261.1428571428,24753.928571428572
South America,2020-12-23,886131.8571428572,29038.64285714286
South America,2021-04-11,1601981.5,49450.21428571428
South America,2021-10-18,2727839.6428571427,83173.35714285714
South America,2023-05-13,4894853.428571428,96538.0
South America,2023-09-25,4898198.142857143,96596.57142857143
South America,2023-11-30,4900361.285714285,96624.78571428571
South America,2024-05-13,4914186.285714285,96723.78571428571
Asia,2020-03-08,2021.8085106382978,70.34042553191489
Asia,2020-05-21,16466.31914893617,517.531914893617
Asia,2021-09-16,1511449.1875,22458.1875
Asia,2022-03-31,2852412.5833333335,29173.791666666668
Asia,2022-06-29,3230474.5,30014.375
Asia,2023-10-30,6265642.479166667,34070.666666666664
Asia,2023-11-01,6265642.479166667,34070.666666666664
Asia,2023-11-05,6266106.5,34073.1875
Asia,2024-06-02,6413611.021276596,34832.085106382976
Europe,2020-11-18,271621.0588235294,6721.666666666667
Europe,2023-03-28,4845309.352941177,40242.470588235294
Europe,2023-03-30,4845309.352941177,40242.470588235294
Europe,2023-04-08,4851157.666666667,40296.37254901961
Europe,2024-06-24,4954966.333333333,41203.07843137255
Africa,2020-02-10,0.0,0.0
Africa,2021-12-21,163743.87719298244,3971.245614035088
Africa,2022-04-08,209563.70175438595,4437.175438596491
Africa,2024-01-17,230480.8245614035,4545.298245614035
Africa,2024-03-16,230542.08771929826,4545.508771929824
Africa,2024-07-12,230611.33333333334,4545.701754385965
Oceania,2020-01-29,0.16666666666666666,0.0
Oceania,2021-05-02,2949.125,55.833333333333336
Oceania,2021-05-04,2949.125,55.833333333333336
Oceania,2022-05-23,342699.2083333333,541.625
Oceania,2022-07-06,396534.0,650.7916666666666
Oceania,2022-09-28,502252.2916666667,873.9583333333334
Oceania,2023-02-21,569150.75,1088.2083333333333
Oceania,2023-03-13,572567.1666666666,1099.7083333333333
Oceania,2023-07-04,598100.875,1216.25
Oceania,2023-09-07,602211.875,1236.7916666666667
Oceania,2024-07-30,625064.2916666666,1370.9166666666667
North America,2020-06-09,54673.58536585366,3536.0
North America,2021-06-14,953986.8780487805,21929.09756097561
North America,2021-10-21,1319509.780487805,27106.80487804878
North America,2022-05-06,2354042.0975609757,34980.19512195122
North America,2022-11-16,2837874.3170731706,37270.829268292684
North America,2022-12-16,2875985.951219512,37549.60975609756
North America,2022-12-30,2903555.7073170734,37716.0
North America,2023-10-13,3033218.8048780486,39532.68292682927
North America,2024-04-13,3035816.2195121953,40567.80487804878
South America,2020-06-18,98139.42857142857,5782.785714285715
South America,2020-06-28,147749.42857142858,7785.928571428572
South America,2020-12-18,851024.7142857143,28409.0
South America,2021-03-05,1281299.2857142857,38869.92857142857
South America,2021-08-06,2541042.5,78214.92857142857
South America,2021-08-24,2616121.5714285714,80285.28571428571
South America,2021-10-25,2737633.0714285714,83409.85714285714
South America,2021-11-14,2766535.714285714,83973.71428571429
South America,2022-05-14,4068517.6428571427,92531.42857142857
South America,2022-10-02,4576625.071428572,94973.14285714286
South America,2022-11-29,4639187.928571428,95377.14285714286
South America,2023-01-14,4795584.642857143,95964.0
South America,2023-01-31,4828263.857142857,96205.07142857143
South America,2024-03-01,4910487.857142857,96695.64285714286
Asia,2020-04-16,6084.148936170212,225.25531914893617
Asia,2020-11-17,333228.6382978723,5621.468085106383
Asia,2021-02-14,497222.7708333333,8016.416666666667
Asia,2021-07-26,1254504.7291666667,18127.770833333332
Asia,2021-09-27,1564189.2708333333,23235.458333333332
Asia,2022-01-24,1972536.3125,26696.708333333332
Asia,2022-02-06,2169936.0,27210.041666666668
Asia,2022-03-17,2638504.9583333335,28650.75
Asia,2022-06-05,3178998.4791666665,29906.666666666668
Asia,2022-11-01,3903453.625,31040.145833333332
Asia,2022-11-11,3925604.8541666665,31107.4375
Asia,2022-12-10,4032193.8541666665,31297.479166666668
Asia,2023-03-04,6132082.083333333,33767.354166666664
Asia,2023-12-09,6400968.085106383,34799.53191489362
Asia,2024-02-14,6411572.255319149,34818.936170212764
Europe,2020-07-09,44960.39215686275,3845.901960784314
Europe,2020-11-15,271621.0588235294,6721.666666666667
Europe,2021-06-24,912314.6538461539,21708.903846153848
Europe,2021-08-24,1043249.5576923077,23017.55769230769
Europe,2022-07-05,4028203.862745098,37034.07843137255
Europe,2023-07-29,4882966.352941177,40686.470588235294
Europe,2024-03-14,4948342.470588235,41169.56862745098
Europe,2024-07-02,4955485.0784313725,41206.705882352944
Africa,2020-08-06,16690.280701754386,398.35087719298247
Africa,2021-11-29,153921.33333333334,3918.1754385964914
Africa,2022-02-26,202772.1403508772,4345.0
Africa,2022-07-15,220867.61403508772,4497.228070175439
Africa,2022-08-07,223986.1052631579,4512.122807017544
Africa,2023-04-30,229509.1403508772,4542.087719298245
Oceania,2020-09-24,1351.0833333333333,38.958333333333336
Oceania,2020-11-02,1743.5416666666667,44.083333333333336
Oceania,2021-03-24,2570.8333333333335,51.625
Oceania,2021-04-15,2805.5,51.75
Oceania,2024-06-01,623212.0,1360.875
North America,2020-04-16,13673.414634146342,588.6585365853658
North America,2021-01-17,662679.8292682926,15002.0
North America,2021-07-12,977953.756097561,22294.756097560974
North America,2021-09-20,1234290.3170731708,25489.219512195123
North America,2022-01-15,1723688.780487805,30275.634146341465
North America,2022-02-16,2237302.6097560977,32915.07317073171
North America,2023-01-21,2941076.8780487804,38001.170731707316
North America,2023-07-01,3032349.024390244,39168.243902439026
North America,2024-05-02,3035915.4146341463,40606.34146341463
North America,2024-05-21,3036044.2195121953,40635.41463414634
South America,2020-09-24,535413.0714285715,21163.714285714286
South America,2021-09-13,2663283.5714285714,81583.71428571429
South America,2022-04-30,4047862.3571428573,92364.42857142857
South America,2024-03-15,4912241.642857143,96703.78571428571
South America,2024-05-28,4914262.428571428,96724.78571428571
South America,2024-07-29,4914865.0,96727.57142857143
Asia,2020-03-02,1801.9574468085107,62.57446808510638
Asia,2020-11-03,303331.3829787234,5155.234042553191
Asia,2021-04-25,759694.0833333334,10250.604166666666
Asia,2021-07-11,1195145.6666666667,17100.1875
Asia,2021-09-26,1564189.2708333333,23235.458333333332
Asia,2022-06-03,3160820.6041666665,29867.625
Asia,2023-02-10,6109108.145833333,33641.229166666664
Asia,2023-04-22,6164507.75,33890.833333333336
Asia,2023-08-02,6227245.375,34003.958333333336
Europe,2020-08-03,53424.58823529412,4023.274509803922
Europe,2020-10-09,103053.49019607843,4577.333333333333
Europe,2021-02-11,598985.8076923077,15122.096153846154
Europe,2021-03-25,718036.0961538461,17700.69230769231
Europe,2021-06-07,901439.6346153846,21468.596153846152
Europe,2022-08-15,4291636.333333333,37725.03921568627
Europe,2023-06-15,4879942.039215687,40632.96078431373
Europe,2023-07-09,4882306.68627451,40675.450980392154
Europe,2023-09-06,4887211.098039215,40734.76470588235
Africa,2020-03-02,0.05263157894736842,0.0
Africa,2020-07-10,8298.578947368422,241.8421052631579
Africa,2021-09-14,142786.26315789475,3577.1052631578946
Africa,2021-11-08,151600.8596491228,3858.2631578947367
Africa,2023-01-24,228548.2105263158,4537.1578947368425
Africa,2023-02-11,228798.57894736843,4538.263157894737
Africa,2023-03-25,229252.8596491228,4540.298245614035
Oceania,2020-02-27,0.9166666666666666,0.0
Oceania,2020-10-12,1468.7083333333333,42.333333333333336
Oceania,2020-11-05,1743.5416666666667,44.083333333333336
Oceania,2021-09-05,7910.916666666667,102.125
Oceania,2022-06-15,375126.75,597.7083333333334
Oceania,2022-09-15,497808.4166666667,859.7916666666666
Oceania,2022-11-19,518661.4583333333,908.3333333333334
Oceania,2022-12-27,549876.2083333334,975.7083333333334
Oceania,2022-12-28,549876.2083333334,975.7083333333334
Oceania,2024-05-22,622995.2083333334,1360.0833333333333
North America,2020-04-19,18938.365853658535,1017.9268292682926
North America,2020-09-02,175217.58536585365,7071.463414634146
North America,2021-04-24,889398.1951219512,20772.634146341465
North America,2021-11-08,1362859.4146341463,27964.536585365855
North America,2021-11-28,1412132.1219512196,28661.219512195123
North America,2022-08-10,2676593.6341463416,36102.829268292684
North America,2024-01-09,3034961.1951219514,40090.41463414634
North America,2024-04-26,3035880.5853658537,40595.170731707316
South America,2020-06-29,147749.42857142858,7785.928571428572
South America,2020-08-20,371792.28571428574,15738.0
South America,2021-03-03,1281299.2857142857,38869.92857142857
South America,2021-03-16,1372020.0,41533.21428571428
South America,2023-05-19,4896890.071428572,96583.28571428571
South America,2024-05-31,4914262.428571428,96724.78571428571
Asia,2020-01-24,2.8297872340425534,0.06382978723404255
Asia,2020-11-18,333228.6382978723,5621.468085106383
Asia,2020-12-02,366363.40425531915,6129.893617021276
Asia,2021-03-10,528375.2291666666,8377.291666666666
Asia,2022-03-30,2852412.5833333335,29173.791666666668
Asia,2022-06-09,3178998.4791666665,29906.666666666668
Asia,2023-01-29,6096325.25,32382.625
Asia,2023-04-09,6159385.854166667,33875.291666666664
Europe,2020-07-15,46786.82352941176,3895.8039215686276
Europe,2020-07-16,46786.82352941176,3895.8039215686276
Europe,2021-05-19,879173.5769230769,20955.48076923077
Europe,2021-06-25,912314.6538461539,21708.903846153848
Europe,2021-08-29,1060447.1153846155,23212.365384615383
Europe,2021-09-19,1109007.826923077,23862.903846153848
Europe,2022-04-30,3726808.294117647,36215.686274509804
Europe,2023-02-04,4788052.549019608,39815.117647058825
Europe,2023-12-22,4929572.843137255,41013.76470588235
Europe,2024-02-19,4946322.05882353,41159.117647058825
Europe,2024-03-27,4949541.196078432,41175.82352941176
Africa,2020-03-23,23.45614035087719,0.47368421052631576
Africa,2021-04-11,76889.36842105263,2033.2105263157894
Africa,2021-04-16,76889.36842105263,2033.2105263157894
Africa,2021-06-04,85537.19298245614,2290.0175438596493
Africa,2021-08-08,124267.8947368421,3124.964912280702
Africa,2023-02-21,228947.0350877193,4538.982456140351
Africa,2023-03-04,228998.8596491228,4539.298245614035
Africa,2024-04-14,230562.54385964913,4545.631578947368
Oceania,2020-02-15,0.625,0.0
Oceania,2020-11-28,2067.125,46.666666666666664
Oceania,2022-12-15,538942.7083333334,947.875
Oceania,2023-04-16,580039.6666666666,1128.6666666666667
Oceania,2023-06-17,594749.2083333334,1204.4583333333333
Oceania,2023-07-18,599567.6666666666,1219.75
Oceania,2023-07-22,599567.6666666666,1219.75
Oceania,2023-08-30,601858.9583333334,1235.1666666666667
North America,2020-01-17,0.0,0.0
North America,2022-03-13,2294238.6341463416,34286.31707317073
North America,2022-10-26,2815336.6829268294,37045.12195121951
North America,2023-08-28,3032672.2195121953,39321.9756097561
North America,2023-09-09,3032733.048780488,39352.29268292683
North America,2024-02-05,3035371.5853658537,40313.87804878049
South America,2020-02-16,0.0,0.0
South America,2020-03-09,5.0,0.14285714285714285
South America,2020-09-16,505738.4285714286,20300.0
South America,2020-12-22,886131.8571428572,29038.64285714286
South America,2020-12-26,886131.8571428572,29038.64285714286
South America,2021-01-08,951573.0714285715,30345.928571428572
South America,2021-01-23,1039460.5,32116.5
South America,2021-06-15,2182968.714285714,67974.42857142857
South America,2022-02-21,3793480.5714285714,89215.92857142857
South America,2022-03-19,3940112.214285714,90589.0
South America,2024-03-09,4911456.785714285,96699.85714285714
South America,2024-05-17,4914186.285714285,96723.78571428571
Asia,2020-02-02,308.82978723404256,7.702127659574468
Asia,2020-06-07,28165.91489361702,732.0
Asia,2020-09-19,186244.74468085106,3438.425531914894
Asia,2021-02-09,498128.9574468085,8052.468085106383
Asia,2022-08-23,3624351.6666666665,30485.0625
Asia,2024-01-14,6409891.808510638,34813.78723404255
Europe,2020-12-27,443444.82352941175,11090.843137254902
Europe,2021-07-14,941873.9807692308,22090.076923076922
Europe,2021-08-09,1009570.75,22662.71153846154
Europe,2022-05-19,3825245.725490196,36562.17647058824
Europe,2023-02-17,4800621.31372549,39917.03921568627
Europe,2023-09-14,4888671.31372549,40746.901960784315
Europe,2023-09-18,4890498.843137255,40760.41176470588
Europe,2024-01-19,4941130.196078432,41112.86274509804
Europe,2024-04-13,4950557.019607843,41180.41176470588
Europe,2024-06-01,4953204.294117647,41192.1568627451
Africa,2020-02-03,0.0,0.0
Africa,2020-03-19,5.508771929824562,0.15789473684210525
Africa,2021-01-09,49602.9649122807,1174.0526315789473
Africa,2021-04-23,78365.14035087719,2071.8947368421054
Africa,2021-07-18,109914.85964912281,2773.0
Africa,2021-12-28,169024.8245614035,3995.7017543859647
Africa,2021-12-29,169024.8245614035,3995.7017543859647
Africa,2022-11-12,226578.57894736843,4528.263157894737
Africa,2022-12-09,227464.35087719298,4531.6140350877195
Africa,2024-07-05,230607.9649122807,4545.701754385965
Oceania,2020-03-30,183.16666666666666,0.75
Oceania,2021-05-20,3087.4166666666665,56.708333333333336
Oceania,2021-10-31,13926.333333333334,170.29166666666666
Oceania,2022-06-25,384363.875,614.9583333333334
Oceania,2022-11-24,522721.7916666667,914.9166666666666
Oceania,2022-12-29,549876.2083333334,975.7083333333334
Oceania,2023-01-15,562359.1666666666,1023.2083333333334
Oceania,2023-07-10,599045.8333333334,1218.875
Oceania,2024-01-28,613723.625,1325.0416666666667
North America,2020-08-07,134837.29268292684,5878.804878048781
North America,2021-02-04,728716.0243902439,16662.951219512193
North America,2021-08-02,1021063.3658536585,22724.024390243903
North America,2022-02-28,2274865.2682926827,33766.46341463415
North America,2022-07-06,2537413.073170732,35615.70731707317
North America,2023-06-24,3032290.7804878047,39153.12195121951
North America,2023-08-09,3032540.512195122,39253.0243902439
North America,2023-12-21,3034521.9024390243,39919.90243902439
South America,2020-03-19,29.428571428571427,0.9285714285714286
South America,2020-08-01,261502.64285714287,12205.642857142857
South America,2021-04-17,1601981.5,49450.21428571428
South America,2021-08-05,2541042.5,78214.92857142857
South America,2021-10-11,2718931.0714285714,82951.5
South America,2023-01-13,4795584.642857143,95964.0
South America,2024-01-05,4901718.071428572,96638.85714285714
Asia,2020-05-27,19875.127659574468,576.2978723404256
Asia,2022-06-28,3230474.5,30014.375
Asia,2023-02-08,6109108.145833333,33641.229166666664
Asia,2023-11-11,6266106.5,34073.1875
Asia,2024-01-09,6408490.361702127,34811.87234042553
Asia,2024-02-07,6411342.191489362,34818.425531914894
Europe,2020-04-29,21600.392156862745,2569.627450980392
Europe,2020-07-31,50939.509803921566,3981.2549019607845
Europe,2022-03-19,3254113.7843137253,34941.21568627451
Europe,2022-03-26,3359421.901960784,35211.686274509804
Europe,2022-05-08,3796729.843137255,36464.03921568627
Europe,2022-07-09,4028203.862745098,37034.07843137255
Europe,2022-11-20,4645012.549019608,38921.450980392154
Europe,2023-12-05,4919429.05882353,40958.21568627451
Africa,2020-11-03,31536.280701754386,780.9298245614035
Africa,2021-01-14,53427.0350877193,1270.9473684210527
Africa,2022-05-26,215505.19298245615,4468.105263157895
Africa,2023-06-27,229843.19298245615,4543.6140350877195
Oceania,2020-02-26,0.9166666666666666,0.0
Oceania,2020-04-16,315.375,3.0
Oceania,2020-11-12,1878.375,44.916666666666664
Oceania,2020-11-13,1878.375,44.916666666666664
Oceania,2021-01-12,2332.6666666666665,50.25
Oceania,2021-01-20,2359.3333333333335,50.541666666666664
Oceania,2022-08-14,477834.3333333333,810.125
Oceania,2022-09-11,497808.4166666667,859.7916666666666
Oceania,2024-02-10,614260.5416666666,1328.0833333333333
Oceania,2024-04-25,621542.7916666666,1354.4583333333333
North America,2020-10-01,209796.60975609755,7951.4390243902435
North America,2020-12-16,456379.60975609755,11488.414634146342
North America,2021-04-18,889398.1951219512,20772.634146341465
North America,2021-08-07,1021063.3658536585,22724.024390243903
North America,2021-10-12,1302649.0731707318,26763.60975609756
North America,2022-01-18,1884226.4146341463,30688.19512195122
North America,2023-04-07,3014707.6097560977,38826.14634146341
North America,2023-12-02,3034111.5853658537,39781.58536585366
North America,2024-02-19,3035519.073170732,40390.31707317073
South America,2020-08-26,406361.0,16879.285714285714
South America,2020-12-15,851024.7142857143,28409.0
South America,2022-01-26,3244677.5714285714,86256.5
South America,2023-01-30,4828263.857142857,96205.07142857143
South America,2023-03-01,4849829.214285715,96456.21428571429
South America,2023-09-24,4898198.142857143,96596.57142857143
South America,2024-04-16,4914004.214285715,96718.0
Asia,2020-02-06,308.82978723404256,7.702127659574468
Asia,2020-05-29,19875.127659574468,576.2978723404256
Asia,2023-07-21,6216721.708333333,33997.979166666664
Europe,2020-07-06,44960.39215686275,3845.901960784314
Europe,2020-07-26,50939.509803921566,3981.2549019607845
Europe,2020-08-14,56249.35294117647,4068.0196078431372
Europe,2021-05-04,854903.7307692308,20388.634615384617
Europe,2021-10-05,1142677.2115384615,24352.23076923077
Europe,2021-11-10,1275739.4038461538,26285.78846153846
Europe,2022-02-16,2787789.2884615385,32783.75
Europe,2022-04-13,3622907.8235294116,35880.92156862745
Europe,2023-09-28,4892633.411764706,40774.58823529412
Africa,2020-01-06,0.0,0.0
Africa,2020-02-02,0.0,0.0
Africa,2021-01-22,57158.350877192985,1379.3508771929824
Africa,2021-04-05,75464.80701754386,1999.578947368421
Africa,2021-12-08,155644.54385964913,3936.9298245614036
Africa,2022-02-07,197809.28070175438,4242.122807017544
Africa,2022-08-18,224374.57894736843,4513.982456140351
Africa,2022-10-12,225997.56140350876,4524.210526315789
Africa,2023-04-16,229423.40350877194,4541.526315789473
Africa,2023-05-07,229564.57894736843,4542.421052631579
Africa,2023-10-13,230069.70175438595,4544.456140350877
Africa,2024-04-09,230558.8245614035,4545.596491228071
Africa,2024-04-15,230562.54385964913,4545.631578947368
Oceania,2020-05-18,352.4583333333333,5.458333333333333
Oceania,2021-11-27,15496.958333333334,189.91666666666666
Oceania,2022-01-26,94052.0,268.2916666666667
Oceania,2022-08-13,467999.3333333333,787.5833333333334
Oceania,2024-01-23,613098.0416666666,1321.75
Oceania,2024-02-28,615831.375,1337.3333333333333
North America,2020-07-03,73315.46341463414,4326.0
North America,2021-12-11,1431864.536585366,28899.829268292684
North America,2022-04-07,2315714.3902439023,34643.92682926829
North America,2022-08-25,2715912.463414634,36311.365853658535
North America,2023-01-08,2928273.7317073173,37875.46341463415
North America,2023-03-02,2989315.7073170734,38553.12195121951
North America,2023-11-23,3033960.3414634145,39744.19512195122
North America,2023-12-06,3034249.975609756,39826.92682926829
South America,2020-02-28,0.0,0.0
South America,2020-03-29,740.4285714285714,21.357142857142858
South America,2021-05-17,1909891.5,60446.0
South America,2021-09-09,2650600.1428571427,81250.35714285714
South America,2022-03-08,3902521.714285714,90225.64285714286
South America,2022-11-19,4612050.785714285,95276.64285714286
South America,2023-02-22,4846196.428571428,96377.64285714286
South America,2024-04-04,4913761.5,96713.21428571429
Asia,2020-04-01,3307.6382978723404,137.80851063829786
Asia,2020-09-06,167370.21276595743,3181.744680851064
Asia,2020-09-17,186244.74468085106,3438.425531914894
Asia,2021-04-08,604429.125,9039.666666666666
Asia,2022-03-05,2424726.625,28094.625
Asia,2023-04-05,6154733.791666667,33862.4375
Asia,2023-10-04,6263730.229166667,34036.270833333336
Asia,2023-10-16,6264691.0,34041.0
Europe,2020-03-29,7438.254901960784,570.6078431372549
Europe,2020-05-05,24558.803921568626,2865.725490196078
Europe,2020-10-18,136174.98039215687,4876.568627450981
Europe,2020-11-26,303857.3137254902,7441.588235294118
Europe,2021-11-13,1275739.4038461538,26285.78846153846
Europe,2022-11-30,4663422.901960785,38994.25490196078
Europe,2023-07-21,4882629.705882353,40681.1568627451
Europe,2023-09-19,4890498.843137255,40760.41176470588
Europe,2024-02-28,4947062.2549019605,41163.35294117647
Europe,2024-05-09,4952139.05882353,41187.705882352944
Europe,2024-07-04,4955485.0784313725,41206.705882352944
Africa,2020-03-04,0.05263157894736842,0.0
Africa,2020-09-23,24706.543859649122,638.1754385964912
Africa,2020-12-03,38007.70175438596,912.6491228070175
Africa,2021-02-26,67536.1052631579,1775.3508771929824
Africa,2021-07-31,114241.21052631579,2886.7368421052633
Africa,2021-12-17,158826.19298245615,3953.6666666666665
Africa,2022-06-30,219086.45614035087,4489.771929824561
Africa,2022-07-16,220867.61403508772,4497.228070175439
Africa,2022-10-13,225997.56140350876,4524.210526315789
Africa,2023-03-30,229324.94736842104,4540.7192982456145
Africa,2023-06-07,229744.08771929826,4543.122807017544
Africa,2023-07-20,229912.0701754386,4543.859649122807
Africa,2023-12-11,230292.22807017545,4544.912280701755
Africa,2023-12-28,230363.75438596492,4544.9473684210525
Africa,2024-05-30,230583.9649122807,4545.666666666667
Oceania,2020-02-07,0.5,0.0
Oceania,2022-02-14,123494.625,345.5
Oceania,2023-04-06,576844.0,1116.8333333333333
Oceania,2023-06-26,597532.8333333334,1216.25
North America,2020-07-16,94938.26829268293,4861.8536585365855
North America,2022-09-30,2783528.073170732,36741.0
North America,2022-12-04,2862897.463414634,37463.39024390244
North America,2023-02-08,2966693.8536585364,38311.29268292683
North America,2023-02-17,2974521.048780488,38406.41463414634
North America,2023-03-03,2989315.7073170734,38553.12195121951
South America,2021-03-08,1323145.5,40131.28571428572
South America,2021-06-17,2182968.714285714,67974.42857142857
South America,2021-06-19,2182968.714285714,67974.42857142857
South America,2021-07-17,2426770.0714285714,74422.28571428571
South America,2022-03-20,3970685.214285714,90846.57142857143
South America,2022-08-01,4442886.214285715,93970.14285714286
Asia,2021-01-10,453476.93617021275,7395.36170212766
Asia,2021-06-04,1056840.375,14158.6875
Asia,2021-08-30,1444978.25,21399.270833333332
Asia,2023-05-25,6192896.125,33959.0625
Asia,2024-03-07,6412145.234042553,34822.72340425532
Europe,2020-05-10,27565.29411764706,3093.529411764706
Europe,2020-09-14,78707.62745098039,4320.294117647059
Europe,2021-02-19,615920.5,15649.75
Europe,2021-05-03,854903.7307692308,20388.634615384617
Europe,2021-05-28,888344.2692307692,21161.30769230769
Europe,2022-08-07,4265883.882352941,37617.39215686275
Europe,2022-11-23,4645012.549019608,38921.450980392154
Africa,2020-06-26,5307.964912280701,171.2280701754386
Africa,2021-02-16,66179.87719298246,1726.438596491228
Africa,2021-05-01,79811.22807017544,2110.2982456140353
Africa,2022-03-08,206284.84210526315,4406.649122807017
Africa,2022-12-05,227464.35087719298,4531.6140350877195
Africa,2023-04-14,229385.24561403508,4541.122807017544
Africa,2023-09-24,230048.87719298244,4544.263157894737
Africa,2024-04-22,230566.1052631579,4545.666666666667
Oceania,2021-06-09,3229.0833333333335,58.833333333333336
Oceania,2021-07-04,3534.9583333333335,60.375
Oceania,2022-02-25,131559.66666666666,362.3333333333333
Oceania,2022-04-15,251427.375,438.0833333333333
Oceania,2022-07-08,396534.0,650.7916666666666
Oceania,2022-07-25,439523.4583333333,733.25
Oceania,2022-10-03,504834.6666666667,878.9166666666666
Oceania,2022-10-21,509228.875,887.2083333333334
Oceania,2023-05-01,583519.0833333334,1142.2916666666667
Oceania,2023-06-12,594749.2083333334,1204.4583333333333
Oceania,2023-09-26,603196.0416666666,1243.5
Oceania,2023-10-12,604036.1666666666,1251.4166666666667
Oceania,2024-07-11,624743.7083333334,1367.4583333333333
North America,2020-01-14,0.0,0.0
North America,2020-08-17,156701.48780487804,6524.780487804878
North America,2020-10-09,218906.19512195123,8147.463414634146
North America,2022-06-30,2512033.048780488,35536.26829268293
North America,2022-09-27,2783528.073170732,36741.0
North America,2022-11-18,2837874.3170731706,37270.829268292684
North America,2023-06-04,3032199.3902439023,39121.12195121951
North America,2023-06-29,3032349.024390244,39168.243902439026
South America,2020-01-16,0.0,0.0
South America,2020-05-20,29093.428571428572,2229.1428571428573
South America,2020-07-04,147749.42857142858,7785.928571428572
South America,2020-09-28,563782.7857142857,21958.571428571428
South America,2021-12-24,2813053.285714286,84931.28571428571
South America,2022-03-30,3994310.8571428573,91860.07142857143
South America,2022-11-30,4639187.928571428,95377.14285714286
South America,2023-09-03,4897987.0,96594.14285714286
South America,2023-09-27,4898198.142857143,96596.57142857143
South America,2024-01-29,4906318.928571428,96672.42857142857
South America,2024-02-09,4907622.357142857,96679.78571428571
Asia,2021-03-30,577647.5416666666,8832.979166666666
Asia,2021-10-09,1585439.625,23526.125
Asia,2021-12-21,1744034.6458333333,25890.625
Asia,2022-04-28,3053885.9166666665,29626.541666666668
Asia,2022-12-08,4032193.8541666665,31297.479166666668
Asia,2022-12-24,4347785.833333333,31458.3125
Asia,2023-01-06,5769265.479166667,32073.25
Asia,2023-05-28,6196609.4375,33966.854166666664
Asia,2023-07-19,6216721.708333333,33997.979166666664
Asia,2024-01-10,6408490.361702127,34811.87234042553
Asia,2024-03-17,6412432.744680851,34823.87234042553
Europe,2020-06-23,41222.901960784315,3742.4313725490197
Europe,2021-02-23,632798.8653846154,16097.846153846154
Europe,2021-06-12,901439.6346153846,21468.596153846152
Europe,2021-06-29,918809.8846153846,21832.76923076923
Europe,2022-01-23,2222437.980769231,31471.23076923077
Europe,2022-07-19,4148095.3725490198,37238.60784313725
Europe,2022-08-02,4235465.392156863,37500.62745098039
Europe,2023-04-14,4855989.725490196,40343.450980392154
Europe,2023-12-12,4924368.137254902,40984.03921568627
Africa,2020-11-29,38007.70175438596,912.6491228070175
Africa,2024-02-18,230531.91228070174,4545.403508771929
Oceania,2020-01-16,0.0,0.0
Oceania,2020-11-14,1878.375,44.916666666666664
Oceania,2020-11-27,2067.125,46.666666666666664
Oceania,2022-10-05,504834.6666666667,878.9166666666666
Oceania,2023-01-07,554969.2916666666,1023.0833333333334
Oceania,2023-03-30,575352.8333333334,1111.5
Oceania,2024-07-03,624387.4166666666,1365.7916666666667
North America,2020-11-23,350038.243902439,9999.048780487805
North America,2021-12-20,1477734.6585365853,29397.585365853658
North America,2023-02-24,2981773.2926829266,38487.34146341463
North America,2023-09-06,3032733.048780488,39352.29268292683
North America,2023-10-02,3033102.6585365855,39495.80487804878
North America,2024-02-17,3035449.487804878,40354.78048780488
North America,2024-04-03,3035783.7073170734,40551.68292682927
South America,2020-04-28,8762.92857142857,575.5
South America,2020-08-05,297140.5714285714,13377.214285714286
South America,2021-01-30,1086361.5,33177.78571428572
South America,2021-03-13,1323145.5,40131.28571428572
South America,2021-04-19,1667285.142857143,51857.642857142855
South America,2021-10-20,2727839.6428571427,83173.35714285714
South America,2021-11-27,2776017.285714286,84177.64285714286
South America,2021-12-08,2795455.0714285714,84581.78571428571
South America,2023-01-28,4820602.642857143,96134.0
South America,2023-06-08,4897085.0,96587.42857142857
South America,2023-08-13,4897815.142857143,96592.92857142857
Asia,2020-02-07,308.82978723404256,7.702127659574468
Asia,2020-04-14,6084.148936170212,225.25531914893617
Asia,2020-06-11,28165.91489361702,732.0
Asia,2020-09-15,186244.74468085106,3438.425531914894
Asia,2020-11-16,333228.6382978723,5621.468085106383
Asia,2021-01-08,441180.3404255319,7227.148936170212
Asia,2021-06-26,1129754.1666666667,15965.479166666666
Asia,2021-11-19,1682023.0,24859.916666666668
Asia,2022-02-22,2337782.3333333335,27813.791666666668
Asia,2022-11-28,4003783.3333333335,31243.104166666668
Asia,2023-04-27,6170760.791666667,33906.458333333336
Europe,2021-12-02,1407537.5,27917.903846153848
Europe,2022-01-05,1733222.4615384615,30296.826923076922
Europe,2022-03-29,3464246.470588235,35457.35294117647
Europe,2022-05-27,3848340.1764705884,36646.58823529412
Europe,2022-07-11,4089572.901960784,37123.8431372549
Europe,2022-08-08,4265883.882352941,37617.39215686275
Europe,2022-10-23,4573408.431372549,38585.23529411765
Europe,2023-03-20,4838520.647058823,40185.490196078434
Europe,2023-12-21,4929572.843137255,41013.76470588235
Africa,2020-07-11,8298.578947368422,241.8421052631579
Africa,2021-05-03,81010.15789473684,2148.9473684210525
Africa,2021-06-08,87115.40350877192,2325.40350877193
Africa,2021-06-26,91964.71929824562,2416.6491228070176
Africa,2022-01-24,189816.12280701756,4154.070175438596
Africa,2022-03-10,206284.84210526315,4406.649122807017
Africa,2022-08-12,223986.1052631579,4512.122807017544
Africa,2023-01-11,228223.7894736842,4535.596491228071
Africa,2023-10-10,230069.70175438595,4544.456140350877
Africa,2024-05-08,230573.54385964913,4545.666666666667
Oceania,2020-05-02,336.5,4.583333333333333
Oceania,2021-03-15,2502.5416666666665,51.583333333333336
Oceania,2022-02-16,123494.625,345.5
Oceania,2022-05-24,342699.2083333333,541.625
Oceania,2022-07-21,424175.375,697.9583333333334
Oceania,2022-10-13,506719.7916666667,883.9583333333334
Oceania,2023-10-09,604036.1666666666,1251.4166666666667
Oceania,2023-11-26,607573.75,1279.5
North America,2020-02-24,1.2195121951219512,0.0
North America,2021-04-14,874752.6341463415,20582.60975609756
North America,2021-05-18,932182.6341463415,21445.48780487805
North America,2021-05-28,939152.6829268293,21584.219512195123
North America,2022-03-05,2274865.2682926827,33766.46341463415
North America,2023-02-14,2974521.048780488,38406.41463414634
North America,2023-09-27,3032984.1707317075,39458.12195121951
North America,2024-02-03,3035287.7073170734,40269.829268292684
South America,2020-07-08,174546.14285714287,8815.92857142857
South America,2020-09-17,505738.4285714286,20300.0
South America,2022-03-12,3902521.714285714,90225.64285714286
South America,2022-05-31,4116574.5714285714,92748.92857142857
South America,2022-09-16,4556877.214285715,94793.28571428571
South America,2023-04-19,4884253.357142857,96434.57142857143
South America,2023-05-22,4896962.5,96584.92857142857
South America,2024-03-11,4912241.642857143,96703.78571428571
South America,2024-04-05,4913761.5,96713.21428571429
Asia,2020-09-23,205692.914893617,3712.872340425532
Asia,2021-03-03,517217.3541666667,8264.5625
Asia,2021-07-28,1254504.7291666667,18127.770833333332
Asia,2022-02-04,2073663.4583333333,26905.9375
Asia,2022-03-12,2524523.0,28384.166666666668
Asia,2022-09-05,3723463.625,30673.791666666668
Asia,2022-09-29,3810460.125,30852.479166666668
Asia,2023-09-18,6262962.4375,34033.541666666664
Asia,2024-07-23,6414666.723404256,34834.46808510638
Europe,2020-01-26,0.17647058823529413,0.11764705882352941
Europe,2020-01-28,0.17647058823529413,0.11764705882352941
Europe,2020-05-11,27565.29411764706,3093.529411764706
Europe,2020-10-10,103053.49019607843,4577.333333333333
Europe,2020-12-21,416387.862745098,10420.70588235294
Europe,2021-10-11,1162021.4423076923,24642.98076923077
Europe,2022-04-20,3679592.274509804,36060.56862745098
Europe,2022-07-10,4089572.901960784,37123.8431372549
Europe,2024-06-22,4954484.94117647,41199.21568627451
Africa,2020-03-08,1.4035087719298245,0.08771929824561403
Africa,2020-05-22,1462.7719298245613,53.78947368421053
Africa,2020-06-11,3296.9122807017543,106.9298245614035
Africa,2020-06-27,5307.964912280701,171.2280701754386
Africa,2020-11-06,31536.280701754386,780.9298245614035
Africa,2020-12-04,38007.70175438596,912.6491228070175
Africa,2021-05-24,84226.33333333333,2257.0175438596493
Africa,2021-06-29,95547.38596491228,2479.7368421052633
Africa,2021-09-09,140411.28070175438,3512.7368421052633
Africa,2022-11-01,226419.8947368421,4527.070175438596
Africa,2023-10-31,230101.9649122807,4544.508771929824
Oceania,2020-03-08,3.125,0.16666666666666666
Oceania,2020-06-30,383.2916666666667,5.708333333333333
Oceania,2021-05-31,3179.0416666666665,58.75
Oceania,2021-11-28,16009.208333333334,193.125
Oceania,2022-12-06,532758.2083333334,935.4583333333334
Oceania,2023-04-21,580039.6666666666,1128.6666666666667
Oceania,2023-06-01,591247.25,1181.2916666666667
Oceania,2023-10-28,604712.75,1257.75
Oceania,2024-01-04,610757.6666666666,1306.75
North America,2020-02-16,0.7560975609756098,0.0
North America,2022-01-03,1592682.536585366,29949.70731707317
North America,2023-05-27,3031847.56097561,39084.0
South America,2020-01-07,0.0,0.0
South America,2020-02-14,0.0,0.0
South America,2021-03-04,1281299.2857142857,38869.92857142857
South America,2022-01-13,2934622.5714285714,85425.07142857143
South America,2022-01-30,3428291.785714286,86919.78571428571
South America,2022-06-20,4199945.214285715,93004.85714285714
South America,2022-09-07,4548209.214285715,94708.5
South America,2022-09-30,4570573.571428572,94927.71428571429
South America,2022-10-19,4586457.785714285,95095.21428571429
South America,2023-01-03,4777658.357142857,95857.5
South America,2023-09-04,4897987.0,96594.14285714286
South America,2024-01-16,4903907.714285715,96656.21428571429
South America,2024-01-26,4905041.857142857,96664.21428571429
Asia,2020-05-04,11531.553191489362,410.40425531914894
Asia,2020-08-10,106183.70212765958,2267.063829787234
Asia,2020-11-01,303331.3829787234,5155.234042553191
Asia,2021-04-30,759694.0833333334,10250.604166666666
Asia,2021-07-25,1254504.7291666667,18127.770833333332
Asia,2022-11-29,4003783.3333333335,31243.104166666668
Europe,2020-04-15,15008.941176470587,1659.4901960784314
Europe,2020-06-26,41222.901960784315,3742.4313725490197
Europe,2020-09-05,67696.11764705883,4210.333333333333
Europe,2021-02-09,598985.8076923077,15122.096153846154
Europe,2021-05-26,888344.2692307692,21161.30769230769
Europe,2022-08-23,4315006.156862745,37817.94117647059
Europe,2023-06-11,4879942.039215687,40632.96078431373
Europe,2023-09-11,4888671.31372549,40746.901960784315
Europe,2023-11-05,4905807.156862745,40875.13725490196
Europe,2024-01-18,4941130.196078432,41112.86274509804
Africa,2020-05-29,1935.3859649122808,63.29824561403509
Africa,2020-12-07,39748.82456140351,948.8070175438596
Africa,2021-02-23,67536.1052631579,1775.3508771929824
Africa,2022-01-19,185139.91228070174,4111.298245614035
Africa,2022-11-13,226777.80701754385,4528.771929824561
Africa,2023-09-21,230018.42105263157,4544.210526315789
Oceania,2020-10-24,1543.5416666666667,42.833333333333336
Oceania,2020-12-03,2132.4166666666665,47.458333333333336
Oceania,2022-03-13,172340.16666666666,390.9583333333333
Oceania,2023-01-04,554969.2916666666,1023.0833333333334
Oceania,2023-03-18,572567.1666666666,1099.7083333333333
North America,2020-04-24,18938.365853658535,1017.9268292682926
North America,2020-07-24,108454.51219512195,5180.926829268293
North America,2020-12-04,381614.0975609756,10416.09756097561
North America,2021-01-24,698449.6585365854,15842.292682926829
North America,2021-06-23,958063.1707317074,22013.682926829268
North America,2021-07-27,1001604.4634146341,22541.536585365855
North America,2021-12-23,1477734.6585365853,29397.585365853658
North America,2022-10-27,2815336.6829268294,37045.12195121951
North America,2023-07-16,3032442.2926829266,39207.85365853659
North America,2023-07-30,3032509.0,39235.92682926829
North America,2023-12-29,3034654.975609756,39969.21951219512
North America,2024-01-23,3035195.0,40216.04878048781
South America,2020-07-05,174546.14285714287,8815.92857142857
South America,2020-07-19,229009.57142857142,11052.142857142857
South America,2020-12-01,788723.0714285715,27314.071428571428
South America,2020-12-19,851024.7142857143,28409.0
South America,2021-07-14,2426770.0714285714,74422.28571428571
South America,2021-11-21,2776017.285714286,84177.64285714286
South America,2021-11-28,2785874.785714286,84371.42857142857
South America,2023-07-04,4897411.071428572,96590.35714285714
South America,2023-09-12,4898053.071428572,96594.85714285714
South America,2024-04-30,4914111.928571428,96721.85714285714
South America,2024-05-16,4914186.285714285,96723.78571428571
Asia,2020-09-26,205692.914893617,3712.872340425532
Asia,2021-01-23,465725.25531914894,7569.893617021276
Asia,2021-05-05,831544.4583333334,10983.0
Asia,2021-09-08,1480145.1041666667,21961.6875
Asia,2022-03-16,2638504.9583333335,28650.75
Asia,2023-03-03,6132082.083333333,33767.354166666664
Asia,2023-03-28,6150930.854166667,33848.6875
Asia,2023-04-03,6154733.791666667,33862.4375
Asia,2024-03-13,6412284.234042553,34823.55319148936
Europe,2020-05-14,27565.29411764706,3093.529411764706
Europe,2020-10-25,164223.25490196078,5134.686274509804
Europe,2021-07-22,959605.9807692308,22218.673076923078
Europe,2023-10-06,4894968.529411765,40790.13725490196
Europe,2024-02-26,4947062.2549019605,41163.35294117647
Europe,2024-03-26,4949541.196078432,41175.82352941176
Africa,2023-05-31,229685.1754385965,4542.964912280701
Africa,2023-06-15,229763.66666666666,4543.228070175439
Africa,2024-05-25,230579.94736842104,4545.666666666667
Africa,2024-06-03,230587.19298245615,4545.684210526316
Oceania,2020-10-23,1543.5416666666667,42.833333333333336
Oceania,2021-06-17,3267.375,58.875
Oceania,2022-06-04,354829.0,560.1666666666666
Oceania,2023-04-14,578459.2083333334,1121.9583333333333
Oceania,2023-09-20,602874.2083333334,1241.125
Oceania,2023-10-03,603521.375,1247.5416666666667
Oceania,2023-12-15,608876.5416666666,1294.9583333333333
Oceania,2024-02-16,614796.1666666666,1332.0416666666667
Oceania,2024-03-03,616362.0833333334,1339.9583333333333
Oceania,2024-07-29,625064.2916666666,1370.9166666666667
North America,2020-08-21,156701.48780487804,6524.780487804878
North America,2020-11-11,291327.7804878049,9297.536585365853
North America,2022-11-25,2845577.6829268294,37335.19512195122
North America,2022-12-19,2888974.8292682925,37626.170731707316
North America,2024-02-15,3035449.487804878,40354.78048780488
South America,2020-08-18,371792.28571428574,15738.0
South America,2021-08-27,2616121.5714285714,80285.28571428571
South America,2021-09-16,2663283.5714285714,81583.71428571429
South America,2021-10-10,2718931.0714285714,82951.5
South America,2022-09-15,4556877.214285715,94793.28571428571
South America,2022-09-17,4556877.214285715,94793.28571428571
South America,2022-11-10,4603460.714285715,95229.5
South America,2023-06-04,4897085.0,96587.42857142857
South America,2023-07-29,4897641.5,96592.07142857143
South America,2023-12-23,4901125.714285715,96634.85714285714
South America,2024-04-09,4913918.071428572,96715.35714285714
Asia,2020-07-07,53518.936170212764,1300.723404255319
Asia,2020-10-24,274880.6595744681,4720.510638297872
Asia,2023-02-09,6109108.145833333,33641.229166666664
Asia,2023-09-07,6259617.354166667,34028.020833333336
Asia,2023-10-09,6264206.145833333,34039.166666666664
Europe,2020-02-27,4.0,0.29411764705882354
Europe,2020-06-15,39133.76470588235,3676.607843137255
Europe,2020-08-12,56249.35294117647,4068.0196078431372
Europe,2020-12-02,332062.29411764705,8184.509803921569
Europe,2022-03-12,3155881.294117647,34642.94117647059
Europe,2022-07-23,4148095.3725490198,37238.60784313725
Europe,2022-10-25,4573408.431372549,38585.23529411765
Europe,2022-11-02,4595959.666666667,38687.60784313725
Europe,2023-08-16,4884462.490196078,40705.78431372549
Europe,2023-11-29,4915116.529411765,40934.8431372549
Africa,2021-08-03,119052.77192982456,3000.3508771929824
Africa,2021-11-09,151600.8596491228,3858.2631578947367
Africa,2022-03-11,206284.84210526315,4406.649122807017
Africa,2023-07-23,229922.61403508772,4543.894736842105
Africa,2024-03-19,230546.57894736843,4545.543859649123
Africa,2024-06-23,230604.28070175438,4545.684210526316
Africa,2024-07-20,230615.22807017545,4545.701754385965
Oceania,2020-09-04,1221.3333333333333,31.875
Oceania,2022-05-01,295266.875,487.4166666666667
Oceania,2022-08-31,490621.875,840.5
Oceania,2023-01-26,564382.875,1023.2083333333334
Oceania,2023-08-03,600359.6666666666,1221.3333333333333
North America,2020-03-27,825.8536585365854,9.829268292682928
North America,2020-07-14,94938.26829268293,4861.8536585365855
North America,2021-08-18,1074407.1219512196,23278.756097560974
North America,2021-09-10,1173246.4146341463,24549.585365853658
North America,2022-08-26,2715912.463414634,36311.365853658535
North America,2024-03-20,3035719.6829268294,40511.365853658535
North America,2024-03-31,3035783.7073170734,40551.68292682927
South America,2020-08-04,297140.5714285714,13377.214285714286
South America,2020-10-25,667261.1428571428,24753.928571428572
South America,2021-12-27,2825022.5,85084.92857142857
South America,2022-11-14,4612050.785714285,95276.64285714286
South America,2023-01-04,4777658.357142857,95857.5
South America,2023-04-21,4884253.357142857,96434.57142857143
South America,2024-01-06,4901718.071428572,96638.85714285714
South America,2024-03-23,4913002.357142857,96707.42857142857
Asia,2021-05-25,1016686.9166666666,13411.520833333334
Asia,2021-06-22,1129754.1666666667,15965.479166666666
Asia,2021-10-07,1585439.625,23526.125
Asia,2022-01-10,1805215.7916666667,26373.395833333332
Asia,2023-02-23,6126599.083333333,33741.208333333336
Asia,2024-06-15,6413746.829787234,34832.40425531915
Europe,2020-06-24,41222.901960784315,3742.4313725490197
Europe,2020-12-23,416387.862745098,10420.70588235294
Europe,2021-05-20,879173.5769230769,20955.48076923077
Europe,2022-07-03,4028203.862745098,37034.07843137255
Europe,2023-06-26,4881548.039215687,40659.76470588235
Europe,2024-01-03,4937236.176470588,41067.60784313725
Europe,2024-05-18,4952472.039215687,41189.56862745098
Africa,2020-02-27,0.017543859649122806,0.0
Africa,2020-07-20,12477.245614035088,311.29824561403507
Africa,2020-07-26,14681.157894736842,355.7894736842105
Africa,2020-10-11,27712.40350877193,714.9298245614035
Africa,2020-10-14,27712.40350877193,714.9298245614035
Africa,2021-01-10,53427.0350877193,1270.9473684210527
Africa,2021-02-15,66179.87719298246,1726.438596491228
Africa,2021-07-10,99944.26315789473,2567.2105263157896
Africa,2021-08-06,119052.77192982456,3000.3508771929824
Africa,2023-06-16,229763.66666666666,4543.228070175439
Africa,2023-06-17,229763.66666666666,4543.228070175439
Africa,2024-04-04,230554.87719298244,4545.561403508772
Africa,2024-07-24,230617.71929824562,4545.912280701755
Oceania,2022-01-23,94052.0,268.2916666666667
Oceania,2022-06-05,365335.5416666667,579.5416666666666
Oceania,2022-07-07,396534.0,650.7916666666666
Oceania,2022-07-10,409758.875,672.2916666666666
Oceania,2024-03-08,616362.0833333334,1339.9583333333333
Oceania,2024-05-28,623212.0,1360.875
North America,2020-09-13,191999.51219512196,7533.170731707317
North America,2020-12-05,381614.0975609756,10416.09756097561
North America,2021-09-12,1203889.9268292682,25012.243902439026
North America,2023-01-18,2941076.8780487804,38001.170731707316
North America,2023-01-20,2941076.8780487804,38001.170731707316
South America,2021-11-05,2747384.6428571427,83632.0
South America,2021-11-17,2766535.714285714,83973.71428571429
South America,2023-05-25,4896962.5,96584.92857142857
South America,2024-01-21,4905041.857142857,96664.21428571429
Asia,2020-06-04,23526.23404255319,643.2765957446809
Asia,2021-05-19,965919.6875,12584.979166666666
Asia,2021-12-05,1720885.1458333333,25526.833333333332
Asia,2022-02-12,2169936.0,27210.041666666668
Asia,2022-07-25,3361010.9166666665,30165.4375
Asia,2022-11-18,3950031.125,31148.583333333332
Asia,2023-03-05,6137363.666666667,33791.583333333336
Asia,2023-03-09,6137363.666666667,33791.583333333336
Asia,2024-01-01,6407689.617021277,34807.04255319149
Asia,2024-02-01,6411034.680851064,34817.02127659575
Europe,2020-11-04,199381.9019607843,5533.098039215686
Europe,2021-03-22,718036.0961538461,17700.69230769231
Europe,2021-07-24,959605.9807692308,22218.673076923078
Europe,2021-10-07,1142677.2115384615,24352.23076923077
Europe,2024-03-02,4947062.2549019605,41163.35294117647
Africa,2020-04-13,255.96491228070175,16.385964912280702
Africa,2021-04-03,74047.47368421052,1967.8070175438597
Africa,2021-06-07,87115.40350877192,2325.40350877193
Africa,2022-09-02,224976.70175438595,4518.491228070176
Africa,2023-01-29,228692.26315789475,4537.7192982456145
Africa,2023-04-09,229385.24561403508,4541.122807017544
Africa,2023-12-25,230363.75438596492,4544.9473684210525
Africa,2024-04-20,230562.54385964913,4545.631578947368
Oceania,2020-09-21,1351.0833333333333,38.958333333333336
Oceania,2020-12-23,2253.6666666666665,49.083333333333336
Oceania,2021-06-02,3179.0416666666665,58.75
Oceania,2021-12-25,18573.791666666668,201.83333333333334
Oceania,2022-01-14,59726.583333333336,219.5
Oceania,2022-06-01,354829.0,560.1666666666666
Oceania,2022-07-31,455397.7083333333,762.0416666666666
Oceania,2022-10-01,502252.2916666667,873.9583333333334
Oceania,2023-03-04,570212.3333333334,1092.2916666666667
Oceania,2023-05-23,589007.2083333334,1170.375
Oceania,2023-12-27,610303.7083333334,1303.7916666666667
Oceania,2024-03-28,617363.4166666666,1346.0416666666667
Oceania,2024-07-13,624743.7083333334,1367.4583333333333
North America,2020-05-26,45236.34146341463,2964.6585365853657
North America,2021-01-18,662679.8292682926,15002.0
North America,2021-02-14,772024.1219512195,18081.414634146342
North America,2022-09-12,2762239.7804878047,36582.26829268293
North America,2024-01-25,3035195.0,40216.04878048781
South America,2020-04-21,5358.214285714285,336.35714285714283
South America,2020-06-05,57767.0,3873.0714285714284
South America,2020-09-18,505738.4285714286,20300.0
South America,2021-07-09,2377626.6428571427,73074.57142857143
South America,2022-02-15,3702612.1428571427,88497.35714285714
South America,2022-02-27,3856423.8571428573,89763.92857142857
South America,2022-09-14,4556877.214285715,94793.28571428571
South America,2022-09-22,4564571.857142857,94865.78571428571
South America,2023-12-03,4900672.285714285,96628.28571428571
South America,2024-02-22,4909509.285714285,96691.21428571429
South America,2024-07-15,4914668.785714285,96727.21428571429
South America,2024-07-21,4914762.142857143,96727.28571428571
Asia,2020-03-11,2021.8085106382978,70.34042553191489
Asia,2021-09-30,1564189.2708333333,23235.458333333332
Asia,2021-12-13,1732713.375,25717.229166666668
Asia,2022-08-19,3562814.125,30390.458333333332
Asia,2022-08-27,3624351.6666666665,30485.0625
Asia,2022-12-01,4003783.3333333335,31243.104166666668
Asia,2023-01-12,5968677.458333333,32370.145833333332
Asia,2023-08-28,6253978.020833333,34025.25
Asia,2023-11-24,6399859.468085106,34797.617021276594
Europe,2020-02-14,1.6470588235294117,0.21568627450980393
Europe,2020-11-06,199381.9019607843,5533.098039215686
Europe,2021-10-09,1142677.2115384615,24352.23076923077
Europe,2023-01-31,4788052.549019608,39815.117647058825
Europe,2023-10-10,4897413.215686275,40807.62745098039
Europe,2023-10-30,4903557.0,40859.17647058824
Europe,2023-11-25,4911401.862745098,40915.0
Europe,2023-12-25,4934053.333333333,41041.80392156863
Europe,2024-01-31,4943559.68627451,41139.41176470588
Europe,2024-02-29,4947062.2549019605,41163.35294117647
Africa,2021-06-19,89197.36842105263,2364.754385964912
Africa,2022-04-04,209563.70175438595,4437.175438596491
Africa,2022-07-19,221761.52631578947,4501.298245614035
Africa,2022-08-25,224683.50877192983,4516.964912280701
Africa,2022-11-15,226777.80701754385,4528.771929824561
Africa,2024-07-01,230607.9649122807,4545.701754385965
Oceania,2021-03-19,2502.5416666666665,51.583333333333336
Oceania,2021-08-06,4804.208333333333,71.125
Oceania,2021-08-23,6579.625,86.58333333333333
Oceania,2022-02-08,115021.33333333333,324.5833333333333
Oceania,2022-11-17,518661.4583333333,908.3333333333334
Oceania,2023-09-25,603196.0416666666,1243.5
Oceania,2024-01-09,611662.3333333334,1309.4166666666667
North America,2020-11-12,291327.7804878049,9297.536585365853
North America,2021-01-07,572470.512195122,13417.390243902439
North America,2021-01-13,618445.5365853659,14172.731707317073
North America,2021-01-22,662679.8292682926,15002.0
North America,2021-07-24,987729.0487804879,22408.414634146342
North America,2021-08-25,1106336.1219512196,23655.048780487807
North America,2021-09-25,1234290.3170731708,25489.219512195123
North America,2021-10-05,1282670.243902439,26380.024390243903
North America,2022-01-08,1592682.536585366,29949.70731707317
North America,2022-06-27,2512033.048780488,35536.26829268293
North America,2022-10-18,2807451.43902439,36961.09756097561
North America,2023-01-17,2941076.8780487804,38001.170731707316
North America,2023-03-23,3005037.536585366,38718.85365853659
North America,2023-06-08,3032199.3902439023,39121.12195121951
North America,2023-09-14,3032801.56097561,39386.0
South America,2020-12-13,851024.7142857143,28409.0
South America,2021-01-10,991754.4285714285,31165.785714285714
South America,2021-08-19,2593833.4285714286,79684.57142857143
South America,2022-05-01,4057282.5,92459.71428571429
South America,2022-09-10,4548209.214285715,94708.5
South America,2023-02-03,4828263.857142857,96205.07142857143
South America,2023-03-05,4855322.071428572,96494.85714285714
South America,2024-06-29,4914464.5,96726.78571428571
Asia,2020-01-18,0.9574468085106383,0.02127659574468085
Asia,2020-09-29,224332.085106383,3976.7021276595747
Asia,2021-04-09,604429.125,9039.666666666666
Asia,2021-07-23,1224422.1875,17559.5625
Asia,2022-05-04,3074882.75,29724.041666666668
Asia,2024-06-05,6413611.021276596,34832.085106382976
Europe,2021-03-24,718036.0961538461,17700.69230769231
Europe,2021-09-07,1077314.4807692308,23420.30769230769
Europe,2022-01-21,2030916.0961538462,31069.865384615383
Europe,2024-06-26,4954966.333333333,41203.07843137255
Africa,2020-09-28,25644.78947368421,664.5087719298245
Africa,2021-11-07,151600.8596491228,3858.2631578947367
Africa,2022-04-25,211354.35087719298,4450.596491228071
Africa,2022-11-07,226578.57894736843,4528.263157894737
Africa,2023-02-27,228998.8596491228,4539.298245614035
Africa,2023-07-08,229870.91228070174,4543.666666666667
Africa,2023-08-20,229974.1754385965,4544.122807017544
Oceania,2020-07-02,383.2916666666667,5.708333333333333
Oceania,2020-09-17,1316.25,37.0
Oceania,2021-06-20,3322.3333333333335,59.333333333333336
Oceania,2022-10-27,511082.5833333333,891.5
Oceania,2022-12-19,545289.3333333334,961.6666666666666
Oceania,2023-06-20,596512.5,1213.7916666666667
Oceania,2024-04-22,621542.7916666666,1354.4583333333333
Oceania,2024-06-07,623476.8333333334,1361.1666666666667
North America,2020-03-31,3312.5365853658536,54.51219512195122
North America,2020-09-14,191999.51219512196,7533.170731707317
North America,2020-12-19,456379.60975609755,11488.414634146342
North America,2021-05-17,932182.6341463415,21445.48780487805
North America,2021-12-22,1477734.6585365853,29397.585365853658
North America,2022-01-05,1592682.536585366,29949.70731707317
North America,2023-01-15,2941076.8780487804,38001.170731707316
North America,2023-04-14,3017661.6097560977,38874.14634146341
North America,2024-07-06,3036239.073170732,40691.58536585366
South America,2020-08-19,371792.28571428574,15738.0
South America,2021-04-20,1667285.142857143,51857.642857142855
South America,2021-09-24,2674668.0,81961.14285714286
South America,2023-03-17,4857847.285714285,96509.57142857143
Asia,2020-03-10,2021.8085106382978,70.34042553191489
Asia,2020-10-19,274880.6595744681,4720.510638297872
Asia,2020-11-15,333228.6382978723,5621.468085106383
Asia,2020-12-08,384864.27659574465,6378.021276595745
Asia,2021-05-06,831544.4583333334,10983.0
Asia,2021-06-25,1129754.1666666667,15965.479166666666
Asia,2022-02-25,2337782.3333333335,27813.791666666668
Asia,2023-03-26,6150930.854166667,33848.6875
Asia,2023-09-27,6263241.229166667,34034.916666666664
Asia,2023-10-25,6265161.166666667,34069.125
Asia,2023-11-06,6266106.5,34073.1875
Asia,2024-02-25,6411953.55319149,34821.0
Asia,2024-07-19,6414534.659574468,34834.234042553195
Europe,2020-02-03,0.5882352941176471,0.19607843137254902
Europe,2020-03-26,3492.156862745098,203.33333333333334
Europe,2020-08-13,56249.35294117647,4068.0196078431372
Europe,2020-09-23,85803.19607843137,4396.0
Europe,2020-10-26,164223.25490196078,5134.686274509804
Europe,2022-06-17,3906286.68627451,36834.117647058825
Europe,2023-01-18,4777124.549019608,39687.98039215686
Europe,2023-05-12,4871116.549019608,40511.41176470588
Europe,2023-08-07,4883878.68627451,40698.37254901961
Europe,2023-08-20,4885163.470588235,40714.56862745098
Europe,2024-05-07,4952139.05882353,41187.705882352944
Europe,2024-06-27,4954966.333333333,41203.07843137255
Africa,2020-01-10,0.0,0.0
Africa,2020-05-26,1935.3859649122808,63.29824561403509
Africa,2020-07-17,10269.105263157895,277.0
Africa,2020-08-21,19561.36842105263,491.1929824561403
Africa,2021-07-03,95547.38596491228,2479.7368421052633
Africa,2023-07-21,229912.0701754386,4543.859649122807
Africa,2023-09-19,230018.42105263157,4544.210526315789
Oceania,2020-05-31,359.6666666666667,5.666666666666667
Oceania,2021-01-04,2309.2916666666665,49.875
Oceania,2021-10-05,10953.958333333334,137.33333333333334
Oceania,2021-12-24,18573.791666666668,201.83333333333334
Oceania,2022-05-19,327527.8333333333,524.7083333333334
Oceania,2023-05-26,589007.2083333334,1170.375
North America,2020-01-13,0.0,0.0
North America,2020-09-06,184255.9512195122,7317.048780487805
North America,2021-03-21,834997.512195122,19967.0
North America,2023-01-04,2915000.2926829266,37792.243902439026
North America,2023-10-19,3033324.9024390243,39566.756097560974
North America,2024-07-05,3036239.073170732,40691.58536585366
North America,2024-07-17,3036315.024390244,40715.365853658535
South America,2020-10-22,642102.3571428572,24146.35714285714
South America,2021-02-24,1241859.5714285714,37737.71428571428
South America,2022-11-04,4598321.571428572,95190.0
South America,2022-11-21,4622947.5,95314.07142857143
South America,2022-12-14,4685056.142857143,95519.78571428571
South America,2022-12-20,4721601.071428572,95633.92857142857
South America,2024-05-02,4914111.928571428,96721.85714285714
Asia,2020-02-24,1658.9148936170213,52.255319148936174
Asia,2020-02-27,1658.9148936170213,52.255319148936174
Asia,2020-10-23,274880.6595744681,4720.510638297872
Asia,2021-04-20,693491.8125,9691.458333333334
Asia,2021-05-21,965919.6875,12584.979166666666
Asia,2022-11-13,3950031.125,31148.583333333332
Asia,2023-05-11,6182861.5,33938.1875
Asia,2023-06-14,6203530.770833333,33981.770833333336
Asia,2023-10-27,6265161.166666667,34069.125
Europe,2020-04-07,11354.666666666666,1096.862745098039
Europe,2020-12-06,358719.70588235295,8928.35294117647
Europe,2022-08-16,4291636.333333333,37725.03921568627
Europe,2022-10-07,4467488.137254902,38255.25490196078
Europe,2022-11-25,4645012.549019608,38921.450980392154
Africa,2020-01-28,0.0,0.0
Africa,2021-01-18,57158.350877192985,1379.3508771929824
Africa,2021-02-18,66179.87719298246,1726.438596491228
Africa,2022-05-12,213356.28070175438,4457.877192982456
Africa,2023-02-23,228947.0350877193,4538.982456140351
Africa,2023-07-03,229870.91228070174,4543.666666666667
Africa,2024-03-11,230542.08771929826,4545.508771929824
Oceania,2020-06-19,365.4166666666667,5.666666666666667
Oceania,2020-11-11,1878.375,44.916666666666664
Oceania,2020-12-16,2219.8333333333335,48.5
Oceania,2021-07-03,3410.7083333333335,59.708333333333336
Oceania,2021-08-02,4804.208333333333,71.125
Oceania,2021-09-12,8640.0,109.45833333333333
North America,2020-03-01,2.292682926829268,0.024390243902439025
North America,2021-05-10,923692.0487804879,21290.39024390244
North America,2022-05-21,2386009.3658536584,35130.439024390245
North America,2022-06-03,2428136.2439024393,35281.26829268293
North America,2022-07-31,2652795.073170732,35995.87804878049
North America,2023-09-20,3032883.7073170734,39421.87804878049
North America,2023-10-23,3033445.2195121953,39603.31707317073
North America,2024-04-19,3035849.0975609757,40582.34146341463
North America,2024-05-04,3035915.4146341463,40606.34146341463
North America,2024-06-20,3036178.43902439,40670.51219512195
North America,2024-07-24,3036361.7804878047,40729.73170731707
South America,2022-09-25,4570573.571428572,94927.71428571429
South America,2023-06-07,4897085.0,96587.42857142857
South America,2023-07-14,4897496.5,96590.71428571429
Asia,2020-03-06,1801.9574468085107,62.57446808510638
Asia,2021-02-28,517217.3541666667,8264.5625
Asia,2021-09-09,1480145.1041666667,21961.6875
Asia,2023-05-15,6188234.875,33949.333333333336
Asia,2023-07-14,6213193.041666667,33996.6875
Europe,2020-01-30,0.17647058823529413,0.11764705882352941
Europe,2020-04-10,11354.666666666666,1096.862745098039
Europe,2021-02-24,632798.8653846154,16097.846153846154
Europe,2021-04-16,795786.8076923077,19103.75
Europe,2021-06-20,912314.6538461539,21708.903846153848
Europe,2023-10-09,4897413.215686275,40807.62745098039
Europe,2024-04-26,4951424.62745098,41184.27450980392
Europe,2024-07-08,4956042.117647059,41210.07843137255
Africa,2020-10-25,30203.614035087718,755.7894736842105
Africa,2020-11-27,36360.73684210526,876.2631578947369
Africa,2021-11-15,152266.8596491228,3878.877192982456
Africa,2023-09-16,230007.68421052632,4544.175438596491
Africa,2024-02-05,230518.56140350876,4545.368421052632
Africa,2024-05-27,230583.9649122807,4545.666666666667
Oceania,2020-02-05,0.5,0.0
Oceania,2020-11-25,2067.125,46.666666666666664
Oceania,2021-02-04,2388.6666666666665,50.875
Oceania,2021-09-24,9391.333333333334,117.58333333333333
Oceania,2022-02-02,105826.41666666667,298.2916666666667
Oceania,2023-01-31,565843.9583333334,1023.2083333333334
Oceania,2023-07-26,599996.5833333334,1217.125
North America,2020-05-06,30056.756097560974,1865.5121951219512
North America,2020-07-05,83458.12195121951,4574.951219512195
North America,2020-08-02,134837.29268292684,5878.804878048781
North America,2020-10-30,253825.82926829267,8770.048780487805
North America,2021-09-15,1203889.9268292682,25012.243902439026
North America,2022-01-21,1884226.4146341463,30688.19512195122
North America,2022-06-11,2447700.926829268,35344.85365853659
North America,2022-07-24,2623334.1951219514,35890.19512195122
North America,2022-10-08,2792501.463414634,36823.365853658535
North America,2023-01-25,2950088.463414634,38107.365853658535
North America,2024-07-19,3036315.024390244,40715.365853658535
South America,2020-03-13,5.0,0.14285714285714285
South America,2020-07-11,174546.14285714287,8815.92857142857
South America,2020-07-16,201726.2857142857,9870.857142857143
South America,2022-08-25,4519190.5,94469.35714285714
South America,2023-03-22,4864320.714285715,96544.78571428571
South America,2023-06-23,4897222.071428572,96589.35714285714
South America,2024-04-19,4914004.214285715,96718.0
Asia,2020-02-01,42.787234042553195,1.1914893617021276
Asia,2020-04-08,4548.489361702128,176.59574468085106
Asia,2020-12-12,384864.27659574465,6378.021276595745
Asia,2021-02-02,487811.3191489362,7906.340425531915
Asia,2021-10-20,1621884.875,23976.541666666668
Asia,2022-04-02,2852412.5833333335,29173.791666666668
Asia,2022-06-21,3213240.1666666665,29979.9375
Asia,2023-09-01,6253978.020833333,34025.25
Asia,2024-03-27,6412549.744680851,34825.65957446808
Asia,2024-06-13,6413746.829787234,34832.40425531915
Europe,2020-06-02,34867.333333333336,3510.3137254901962
Europe,2021-01-13,508132.03921568627,12500.686274509804
Europe,2021-10-14,1162021.4423076923,24642.98076923077
Europe,2021-11-09,1275739.4038461538,26285.78846153846
Europe,2023-11-21,4911401.862745098,40915.0
Africa,2020-05-16,1089.2280701754387,45.68421052631579
Africa,2020-06-20,4195.859649122807,134.0
Africa,2020-11-12,33036.82456140351,813.8947368421053
Africa,2021-05-13,82049.15789473684,2186.1754385964914
Africa,2021-08-21,128715.45614035087,3232.7894736842104
Africa,2023-01-25,228548.2105263158,4537.1578947368425
Africa,2023-12-08,230232.49122807017,4544.877192982456
Oceania,2020-03-29,183.16666666666666,0.75
Oceania,2020-10-29,1659.5,43.375
Oceania,2022-05-16,327527.8333333333,524.7083333333334
Oceania,2023-09-16,602547.0833333334,1238.9166666666667
North America,2020-03-23,825.8536585365854,9.829268292682928
North America,2020-11-21,318591.26829268294,9619.585365853658
North America,2021-08-26,1106336.1219512196,23655.048780487807
North America,2021-12-16,1453720.8780487804,29143.463414634145
North America,2022-05-04,2354042.0975609757,34980.19512195122
North America,2022-05-25,2407056.951219512,35200.560975609755
North America,2022-11-08,2830026.7317073173,37203.31707317073
North America,2023-03-13,3001010.1219512196,38668.85365853659
South America,2021-03-28,1480967.5,44957.5
South America,2021-08-16,2593833.4285714286,79684.57142857143
South America,2023-01-20,4808898.142857143,96030.0
South America,2023-04-02,4875602.0,96363.14285714286
South America,2023-10-02,4898314.428571428,96598.35714285714
Asia,2020-04-13,6084.148936170212,225.25531914893617
Asia,2020-05-01,9731.212765957447,360.0425531914894
Asia,2021-11-20,1682023.0,24859.916666666668
Asia,2024-04-19,6412813.44680851,34827.744680851065
Asia,2024-05-28,6413497.70212766,34831.44680851064
Europe,2020-06-21,41222.901960784315,3742.4313725490197
Europe,2021-05-08,854903.7307692308,20388.634615384617
Europe,2023-06-21,4880810.019607843,40647.78431372549
Europe,2024-02-15,4945486.568627451,41155.07843137255
Europe,2024-07-14,4956705.666666667,41213.8431372549
Africa,2020-03-20,5.508771929824562,0.15789473684210525
Africa,2022-02-12,197809.28070175438,4242.122807017544
Africa,2022-10-17,226179.12280701756,4525.315789473684
Africa,2022-12-30,227972.36842105264,4534.859649122807
Africa,2023-04-04,229356.22807017545,4540.964912280701
Africa,2023-08-10,229932.31578947368,4543.9473684210525
Africa,2023-10-03,230059.9649122807,4544.298245614035
Africa,2024-06-21,230594.19298245615,4545.684210526316
Oceania,2020-03-20,10.833333333333334,0.2916666666666667
Oceania,2020-08-26,1145.9166666666667,27.625
Oceania,2022-02-19,123494.625,345.5
Oceania,2022-04-04,233212.45833333334,424.5833333333333
Oceania,2023-07-12,599045.8333333334,1218.875
Oceania,2023-09-21,602874.2083333334,1241.125
Oceania,2023-11-08,605591.6666666666,1264.0833333333333
Oceania,2023-11-19,606870.125,1274.9583333333333
North America,2020-06-02,49887.39024390244,3254.9756097560976
North America,2020-07-21,108454.51219512195,5180.926829268293
North America,2021-07-18,987729.0487804879,22408.414634146342
North America,2022-10-22,2807451.43902439,36961.09756097561
North America,2022-11-03,2822557.3170731706,37131.78048780488
North America,2023-02-10,2966693.8536585364,38311.29268292683
North America,2023-03-12,3001010.1219512196,38668.85365853659
North America,2023-06-18,3032290.7804878047,39153.12195121951
North America,2023-08-18,3032571.926829268,39272.07317073171
North America,2023-10-04,3033102.6585365855,39495.80487804878
North America,2023-12-16,3034385.3414634145,39872.95121951219
South America,2020-01-19,0.0,0.0
South America,2020-02-17,0.0,0.0
South America,2021-04-25,1728981.5714285714,54160.71428571428
South America,2021-07-10,2377626.6428571427,73074.57142857143
South America,2022-06-04,4116574.5714285714,92748.92857142857
South America,2022-08-08,4473748.571428572,94144.92857142857
South America,2024-07-28,4914865.0,96727.57142857143
Asia,2020-08-14,106183.70212765958,2267.063829787234
Asia,2021-10-23,1621884.875,23976.541666666668
Asia,2022-01-27,1972536.3125,26696.708333333332
Asia,2023-01-19,6045762.583333333,32374.895833333332
Asia,2023-05-06,6177075.291666667,33922.708333333336
Asia,2023-08-12,6241091.333333333,34012.979166666664
Asia,2024-04-21,6412904.361702127,34828.34042553192
Europe,2020-07-05,44960.39215686275,3845.901960784314
Europe,2021-04-06,772346.9230769231,18616.30769230769
Europe,2021-05-14,868387.5384615385,20698.78846153846
Europe,2021-12-06,1457992.5192307692,28458.98076923077
Europe,2023-01-27,4782634.196078432,39759.098039215685
Africa,2020-05-03,771.9824561403509,37.73684210526316
Africa,2020-08-10,18281.859649122805,449.89473684210526
Africa,2020-09-18,23767.122807017542,615.1052631578947
Africa,2021-07-24,109914.85964912281,2773.0
Africa,2021-11-19,152266.8596491228,3878.877192982456
Africa,2022-08-02,223494.0350877193,4509.7192982456145
Africa,2023-02-03,228692.26315789475,4537.7192982456145
Africa,2024-03-21,230546.57894736843,4545.543859649123
Oceania,2020-01-27,0.16666666666666666,0.0
Oceania,2020-10-07,1417.2916666666667,41.708333333333336
Oceania,2020-11-09,1878.375,44.916666666666664
Oceania,2021-02-15,2409.4166666666665,51.083333333333336
Oceania,2021-04-03,2653.9166666666665,51.625
Oceania,2021-11-09,14489.083333333334,176.83333333333334
Oceania,2023-02-02,565843.9583333334,1023.2083333333334
Oceania,2023-08-23,601505.125,1231.5416666666667
Oceania,2023-12-22,609570.375,1299.9166666666667
Oceania,2023-12-25,610303.7083333334,1303.7916666666667
Oceania,2024-03-12,616797.9583333334,1342.2083333333333
North America,2020-11-04,269779.1951219512,9017.536585365853
North America,2020-12-01,381614.0975609756,10416.09756097561
North America,2021-05-29,939152.6829268293,21584.219512195123
North America,2022-02-07,2200369.56097561,32365.853658536584
North America,2022-07-04,2537413.073170732,35615.70731707317
North America,2022-07-08,2537413.073170732,35615.70731707317
North America,2023-01-27,2950088.463414634,38107.365853658535
North America,2023-09-25,3032984.1707317075,39458.12195121951
North America,2023-11-05,3033689.048780488,39670.09756097561
South America,2020-11-24,762923.2142857143,26817.35714285714
South America,2021-01-16,991754.4285714285,31165.785714285714
South America,2021-04-16,1601981.5,49450.21428571428
South America,2022-07-03,4276782.857142857,93269.14285714286
South America,2022-09-24,4564571.857142857,94865.78571428571
Asia,2020-02-11,796.3617021276596,19.27659574468085
Asia,2020-10-03,224332.085106383,3976.7021276595747
Asia,2021-08-28,1407136.1666666667,20774.895833333332
Asia,2022-09-20,3784630.3541666665,30801.208333333332
Asia,2023-05-16,6188234.875,33949.333333333336
Europe,2020-06-09,36985.0,3600.607843137255
Europe,2021-04-01,745776.0,18144.5
Europe,2021-10-01,1125188.0,24095.51923076923
Europe,2021-12-18,1506552.826923077,28979.96153846154
Europe,2022-02-05,2434854.8846153845,31883.115384615383
Europe,2022-02-08,2629029.9615384615,32329.615384615383
Europe,2022-03-31,3464246.470588235,35457.35294117647
Europe,2024-02-04,4944551.549019608,41148.03921568627
Europe,2024-03-03,4947733.68627451,41166.74509803922
Africa,2020-02-05,0.0,0.0
Africa,2020-02-13,0.0,0.0
Africa,2020-10-13,27712.40350877193,714.9298245614035
Africa,2021-10-15,148747.73684210525,3760.122807017544
Africa,2022-07-18,221761.52631578947,4501.298245614035
Africa,2023-02-08,228798.57894736843,4538.263157894737
Africa,2023-07-19,229912.0701754386,4543.859649122807
Africa,2023-08-29,229980.98245614034,4544.1578947368425
Africa,2023-09-06,229991.43859649124,4544.1578947368425
Africa,2023-12-02,230184.80701754385,4544.824561403509
Africa,2024-07-28,230620.0701754386,4545.912280701755
Oceania,2020-04-23,330.3333333333333,3.7916666666666665
Oceania,2021-12-19,18573.791666666668,201.83333333333334
Oceania,2022-03-20,191290.20833333334,399.7916666666667
Oceania,2022-07-15,409758.875,672.2916666666666
Oceania,2022-08-10,467999.3333333333,787.5833333333334
Oceania,2023-02-10,567033.5833333334,1078.0833333333333
Oceania,2023-04-19,580039.6666666666,1128.6666666666667
Oceania,2023-09-30,603196.0416666666,1243.5
Oceania,2023-12-08,608208.5416666666,1286.9583333333333
Oceania,2024-01-29,613723.625,1325.0416666666667
Oceania,2024-01-31,613723.625,1325.0416666666667
Oceania,2024-02-02,613723.625,1325.0416666666667
Oceania,2024-06-19,623890.1666666666,1363.2083333333333
Oceania,2024-08-01,625064.2916666666,1370.9166666666667
North America,2020-06-12,54673.58536585366,3536.0
North America,2020-11-16,318591.26829268294,9619.585365853658
North America,2021-05-15,923692.0487804879,21290.39024390244
North America,2021-06-05,945000.4390243902,21715.70731707317
North America,2021-06-16,953986.8780487805,21929.09756097561
North America,2021-11-24,1396150.0731707318,28486.048780487807
North America,2022-08-06,2652795.073170732,35995.87804878049
North America,2022-09-03,2733247.5853658537,36409.80487804878
North America,2022-11-19,2837874.3170731706,37270.829268292684
South America,2020-04-12,3313.785714285714,173.42857142857142
South America,2020-10-29,667261.1428571428,24753.928571428572
South America,2021-01-22,1039460.5,32116.5
South America,2021-06-04,2044955.142857143,64340.28571428572
South America,2021-08-29,2634729.214285714,80794.21428571429
South America,2021-11-06,2747384.6428571427,83632.0
South America,2022-02-25,3793480.5714285714,89215.92857142857
South America,2022-05-07,4057282.5,92459.71428571429
South America,2022-05-08,4068517.6428571427,92531.42857142857
South America,2022-11-12,4603460.714285715,95229.5
South America,2022-12-08,4660777.928571428,95446.21428571429
South America,2023-04-07,4875602.0,96363.14285714286
South America,2023-08-27,4897922.571428572,96593.64285714286
South America,2023-11-19,4900044.642857143,96620.64285714286
South America,2024-01-17,4903907.714285715,96656.21428571429
Asia,2020-04-26,9731.212765957447,360.0425531914894
Asia,2020-05-20,16466.31914893617,517.531914893617
Asia,2021-02-26,506764.1041666667,8139.708333333333
Asia,2021-07-09,1170516.75,16686.3125
Asia,2021-11-22,1694972.2083333333,25063.520833333332
Asia,2021-12-08,1720885.1458333333,25526.833333333332
Asia,2022-02-21,2337782.3333333335,27813.791666666668
Asia,2022-05-31,3160820.6041666665,29867.625
Asia,2023-01-28,6079999.0625,32379.458333333332
Asia,2023-04-19,6164507.75,33890.833333333336
Asia,2023-10-01,6263730.229166667,34036.270833333336
Asia,2023-10-02,6263730.229166667,34036.270833333336
Europe,2020-12-04,332062.29411764705,8184.509803921569
Europe,2021-09-24,1109007.826923077,23862.903846153848
Europe,2021-12-29,1625259.1923076923,29892.69230769231
Europe,2022-11-29,4663422.901960785,38994.25490196078
Europe,2023-01-19,4777124.549019608,39687.98039215686
Europe,2023-06-03,4877183.37254902,40592.294117647056
Europe,2023-07-12,4882306.68627451,40675.450980392154
Europe,2024-02-18,4946322.05882353,41159.117647058825
Africa,2020-04-18,255.96491228070175,16.385964912280702
Africa,2020-06-30,6648.228070175439,209.71929824561403
Africa,2021-05-15,82049.15789473684,2186.1754385964914
Africa,2021-09-26,146594.73684210525,3684.1403508771928
Africa,2021-12-03,153921.33333333334,3918.1754385964914
Africa,2022-10-15,225997.56140350876,4524.210526315789
Africa,2023-01-07,228094.43859649124,4535.2807017543855
Africa,2023-07-13,229898.9298245614,4543.736842105263
Africa,2023-11-26,230184.80701754385,4544.824561403509
Africa,2023-12-23,230354.24561403508,4544.929824561404
Africa,2024-07-31,230620.0701754386,4545.912280701755
Oceania,2020-02-19,0.625,0.0
Oceania,2020-10-22,1543.5416666666667,42.833333333333336
Oceania,2021-03-12,2461.125,51.5
Oceania,2021-03-31,2653.9166666666665,51.625
Oceania,2021-05-28,3137.6666666666665,57.333333333333336
Oceania,2021-11-02,13926.333333333334,170.29166666666666
Oceania,2022-03-30,212489.16666666666,409.5
Oceania,2022-05-11,310299.2083333333,505.0833333333333
Oceania,2022-12-10,532758.2083333334,935.4583333333334
Oceania,2023-10-01,603521.375,1247.5416666666667
Oceania,2024-08-04,625139.6666666666,1371.5833333333333
North America,2020-01-06,0.0,0.0
North America,2020-03-14,14.024390243902438,0.4634146341463415
North America,2020-04-17,13673.414634146342,588.6585365853658
North America,2020-09-18,191999.51219512196,7533.170731707317
North America,2020-10-14,229026.75609756098,8338.80487804878
North America,2021-02-27,785952.7073170731,18590.19512195122
North America,2021-12-07,1431864.536585366,28899.829268292684
North America,2022-02-22,2259992.975609756,33380.65853658537
North America,2022-03-31,2308595.4146341463,34526.46341463415
North America,2022-12-17,2875985.951219512,37549.60975609756
North America,2023-03-20,3005037.536585366,38718.85365853659
North America,2023-12-31,3034814.1707317075,40026.95121951219
North America,2024-02-08,3035371.5853658537,40313.87804878049
South America,2020-04-04,740.4285714285714,21.357142857142858
South America,2021-01-19,1039460.5,32116.5
South America,2022-09-11,4556877.214285715,94793.28571428571
South America,2022-09-19,4564571.857142857,94865.78571428571
South America,2023-08-25,4897867.428571428,96593.35714285714
South America,2023-10-06,4898314.428571428,96598.35714285714
Asia,2020-04-18,6084.148936170212,225.25531914893617
Asia,2021-09-05,1480145.1041666667,21961.6875
Asia,2021-10-14,1604310.1041666667,23761.0
Asia,2022-01-15,1805215.7916666667,26373.395833333332
Asia,2022-05-23,3139494.4791666665,29831.916666666668
Asia,2023-06-11,6203530.770833333,33981.770833333336
Asia,2024-07-17,6414534.659574468,34834.234042553195
Asia,2024-07-22,6414666.723404256,34834.46808510638
Europe,2021-04-25,838180.1923076923,20008.75
Europe,2021-08-20,1026060.0576923077,22831.0
Europe,2021-09-08,1077314.4807692308,23420.30769230769
Europe,2022-02-02,2434854.8846153845,31883.115384615383
Europe,2024-01-28,4943559.68627451,41139.41176470588
Europe,2024-02-11,4945486.568627451,41155.07843137255
Europe,2024-02-13,4945486.568627451,41155.07843137255
Africa,2020-06-03,2536.4561403508774,77.49122807017544
Africa,2020-10-18,28917.64912280702,732.5438596491229
Africa,2021-03-19,71251.77192982456,1891.298245614035
Africa,2021-07-01,95547.38596491228,2479.7368421052633
Africa,2021-11-21,152875.19298245615,3898.1403508771928
Africa,2022-03-31,208943.73684210525,4430.684210526316
Africa,2022-08-23,224683.50877192983,4516.964912280701
Africa,2023-03-21,229252.8596491228,4540.298245614035
Africa,2023-03-22,229252.8596491228,4540.298245614035
Africa,2023-05-27,229656.8947368421,4542.824561403509
Oceania,2020-05-04,340.7916666666667,5.25
Oceania,2020-12-07,2188.1666666666665,47.791666666666664
Oceania,2022-02-23,131559.66666666666,362.3333333333333
Oceania,2022-07-04,396534.0,650.7916666666666
Oceania,2023-03-31,575352.8333333334,1111.5
Oceania,2023-11-14,606209.4583333334,1269.5833333333333
North America,2020-02-04,0.3170731707317073,0.0
North America,2020-07-13,94938.26829268293,4861.8536585365855
North America,2021-03-03,799655.9268292683,19048.170731707316
North America,2021-04-05,860678.8048780488,20393.731707317074
North America,2021-09-03,1139556.5853658537,24089.463414634145
North America,2022-04-17,2331814.975609756,34832.58536585366
North America,2023-05-13,3028806.3658536584,39012.0
North America,2024-01-27,3035195.0,40216.04878048781
South America,2020-02-08,0.0,0.0
South America,2020-07-17,201726.2857142857,9870.857142857143
South America,2020-07-25,229009.57142857142,11052.142857142857
South America,2020-08-13,333718.21428571426,14571.785714285714
South America,2021-03-29,1480967.5,44957.5
South America,2021-05-09,1848031.2142857143,58501.71428571428
South America,2023-01-09,4795584.642857143,95964.0
South America,2023-04-09,4880587.857142857,96399.07142857143
South America,2023-04-20,4884253.357142857,96434.57142857143
South America,2023-05-31,4897024.714285715,96586.21428571429
Asia,2020-08-31,150374.55319148937,2948.0851063829787
Asia,2021-06-01,1056840.375,14158.6875
Asia,2023-05-22,6192896.125,33959.0625
Asia,2023-09-04,6259617.354166667,34028.020833333336
Asia,2024-02-16,6411572.255319149,34818.936170212764
Asia,2024-03-22,6412432.744680851,34823.87234042553
Asia,2024-04-30,6413017.489361702,34828.78723404255
Asia,2024-07-20,6414534.659574468,34834.234042553195
Europe,2020-01-31,0.17647058823529413,0.11764705882352941
Europe,2020-04-19,18404.666666666668,2164.372549019608
Europe,2020-05-23,30259.901960784315,3264.3529411764707
Europe,2020-05-30,32668.254901960783,3399.372549019608
Europe,2021-06-03,895366.5576923077,21333.153846153848
Europe,2021-09-26,1125188.0,24095.51923076923
Europe,2022-02-21,2911084.5384615385,33233.92307692308
Europe,2023-10-08,4897413.215686275,40807.62745098039
Africa,2020-11-08,33036.82456140351,813.8947368421053
Africa,2020-11-21,34689.80701754386,843.438596491228
Africa,2021-08-25,133422.26315789475,3332.4561403508774
Africa,2021-11-06,150910.1754385965,3836.5263157894738
Africa,2022-09-12,225462.84210526315,4520.9473684210525
Africa,2022-11-11,226578.57894736843,4528.263157894737
Africa,2022-12-13,227616.0701754386,4533.578947368421
Africa,2023-02-19,228947.0350877193,4538.982456140351
Africa,2023-06-13,229763.66666666666,4543.228070175439
Africa,2023-08-13,229965.64912280702,4544.070175438596
Oceania,2020-07-30,653.0833333333334,8.458333333333334
Oceania,2020-08-14,944.8333333333334,17.0
Oceania,2021-01-17,2359.3333333333335,50.541666666666664
Oceania,2021-01-27,2374.9166666666665,50.708333333333336
Oceania,2021-09-21,9391.333333333334,117.58333333333333
Oceania,2023-04-15,578459.2083333334,1121.9583333333333
Oceania,2024-07-04,624387.4166666666,1365.7916666666667
North America,2020-01-20,0.0,0.0
North America,2021-03-22,834997.512195122,19967.0
North America,2022-06-15,2469159.2195121953,35408.829268292684
North America,2023-07-14,3032411.5853658537,39194.60975609756
North America,2023-08-08,3032540.512195122,39253.0243902439
North America,2023-10-12,3033218.8048780486,39532.68292682927
North America,2023-12-05,3034249.975609756,39826.92682926829
North America,2024-05-24,3036044.2195121953,40635.41463414634
South America,2020-03-05,0.14285714285714285,0.0
South America,2020-09-21,535413.0714285715,21163.714285714286
South America,2020-09-29,563782.7857142857,21958.571428571428
South America,2020-12-20,886131.8571428572,29038.64285714286
South America,2022-07-01,4235629.142857143,93127.71428571429
South America,2022-07-24,4403292.857142857,93769.85714285714
South America,2022-10-09,4581966.714285715,95051.42857142857
South America,2022-12-21,4721601.071428572,95633.92857142857
South America,2023-01-26,4820602.642857143,96134.0
South America,2023-08-18,4897815.142857143,96592.92857142857
Asia,2020-02-20,1464.936170212766,37.638297872340424
Asia,2020-07-25,70147.8085106383,1651.0425531914893
Asia,2020-08-17,120403.85106382979,2493.531914893617
Asia,2021-03-02,517217.3541666667,8264.5625
Asia,2021-04-14,642114.0833333334,9318.4375
Asia,2022-05-07,3074882.75,29724.041666666668
Asia,2023-09-25,6263241.229166667,34034.916666666664
Asia,2023-12-23,6403939.531914894,34802.765957446805
Asia,2024-02-02,6411034.680851064,34817.02127659575
Europe,2021-12-15,1506552.826923077,28979.96153846154
Europe,2022-09-04,4359168.588235294,37976.666666666664
Europe,2022-10-28,4573408.431372549,38585.23529411765
Europe,2023-01-06,4759594.470588235,39492.76470588235
Europe,2023-10-19,4899622.647058823,40826.94117647059
Europe,2024-05-24,4952825.666666667,41190.25490196078
Africa,2020-03-07,0.05263157894736842,0.0
Africa,2020-07-15,10269.105263157895,277.0
Africa,2021-03-02,68835.43859649122,1819.1754385964912
Africa,2021-06-11,87115.40350877192,2325.40350877193
Africa,2021-09-10,140411.28070175438,3512.7368421052633
Africa,2022-03-22,208256.98245614034,4424.2807017543855
Africa,2022-06-19,218273.1052631579,4485.3859649122805
Africa,2023-09-27,230048.87719298244,4544.263157894737
Africa,2023-11-09,230111.1403508772,4544.543859649123
Africa,2023-11-29,230184.80701754385,4544.824561403509
Africa,2024-06-10,230590.77192982455,4545.684210526316
Oceania,2020-10-15,1468.7083333333333,42.333333333333336
Oceania,2021-04-05,2732.3333333333335,51.75
Oceania,2021-10-30,13347.75,163.29166666666666
Oceania,2021-11-10,14489.083333333334,176.83333333333334
Oceania,2022-07-20,424175.375,697.9583333333334
Oceania,2023-05-11,585181.5416666666,1151.8333333333333
Oceania,2024-03-25,617363.4166666666,1346.0416666666667
North America,2020-11-26,350038.243902439,9999.048780487805
North America,2021-09-27,1260151.731707317,25944.90243902439
North America,2022-06-14,2469159.2195121953,35408.829268292684
North America,2022-09-07,2749606.975609756,36503.365853658535
North America,2023-05-21,3031847.56097561,39084.0
North America,2024-02-23,3035519.073170732,40390.31707317073
North America,2024-07-02,3036239.073170732,40691.58536585366
South America,2020-07-03,147749.42857142858,7785.928571428572
South America,2021-02-01,1130846.4285714286,34331.5
South America,2021-11-08,2756280.1428571427,83800.71428571429
South America,2023-01-08,4795584.642857143,95964.0
South America,2023-04-15,4880587.857142857,96399.07142857143
South America,2023-04-26,4888354.071428572,96475.71428571429
South America,2023-08-31,4897922.571428572,96593.64285714286
Asia,2020-09-07,167370.21276595743,3181.744680851064
Asia,2020-09-25,205692.914893617,3712.872340425532
Asia,2021-07-07,1170516.75,16686.3125
Asia,2022-01-06,1768821.9375,26225.458333333332
Asia,2023-03-20,6147262.916666667,33833.1875
Asia,2023-07-18,6216721.708333333,33997.979166666664
Asia,2023-12-29,6406071.361702127,34804.744680851065
Europe,2020-01-22,0.0784313725490196,0.058823529411764705
Europe,2021-08-16,1026060.0576923077,22831.0
Europe,2022-10-31,4595959.666666667,38687.60784313725
Europe,2023-01-10,4769752.803921568,39598.549019607846
Europe,2023-08-12,4883878.68627451,40698.37254901961
Africa,2020-05-27,1935.3859649122808,63.29824561403509
Africa,2020-11-02,31536.280701754386,780.9298245614035
Africa,2021-03-08,70078.12280701754,1856.9298245614036
Africa,2021-03-22,72677.26315789473,1932.5087719298247
Africa,2021-07-27,114241.21052631579,2886.7368421052633
Africa,2021-08-30,137319.43859649124,3431.1929824561403
Africa,2022-02-23,202772.1403508772,4345.0
Africa,2022-09-01,224976.70175438595,4518.491228070176
Africa,2022-09-03,224976.70175438595,4518.491228070176
Africa,2023-07-17,229912.0701754386,4543.859649122807
Oceania,2020-05-07,340.7916666666667,5.25
Oceania,2022-06-11,365335.5416666667,579.5416666666666
Oceania,2022-08-16,477834.3333333333,810.125
Oceania,2022-09-07,494662.3333333333,850.625
Oceania,2023-01-11,558620.0833333334,1023.2083333333334
Oceania,2023-03-09,571315.875,1095.875
Oceania,2023-06-02,591247.25,1181.2916666666667
Oceania,2023-12-17,609570.375,1299.9166666666667
North America,2020-03-22,825.8536585365854,9.829268292682928
North America,2020-08-27,166175.07317073172,6805.804878048781
North America,2022-06-04,2428136.2439024393,35281.26829268293
North America,2022-07-15,2563613.8292682925,35693.439024390245
North America,2022-11-27,2854033.951219512,37409.39024390244
North America,2023-08-29,3032672.2195121953,39321.9756097561
North America,2024-01-20,3035085.7560975607,40156.31707317073
North America,2024-03-07,3035633.3658536584,40456.58536585366
North America,2024-03-23,3035719.6829268294,40511.365853658535
North America,2024-06-30,3036239.073170732,40691.58536585366
South America,2020-11-18,737538.0,26277.714285714286
South America,2020-12-06,820182.1428571428,27856.928571428572
South America,2021-08-08,2569713.8571428573,78996.0
South America,2023-03-24,4864320.714285715,96544.78571428571
South America,2023-05-21,4896962.5,96584.92857142857
South America,2023-06-27,4897318.428571428,96590.07142857143
South America,2024-04-17,4914004.214285715,96718.0
South America,2024-04-21,4914066.785714285,96720.42857142857
Asia,2020-08-24,134978.55319148937,2719.6170212765956
Asia,2020-08-25,134978.55319148937,2719.6170212765956
Asia,2021-12-18,1732713.375,25717.229166666668
Asia,2022-05-13,3093057.5,29764.6875
Asia,2022-12-31,5225753.0625,31643.020833333332
Asia,2024-05-08,6413143.70212766,34829.574468085106
Asia,2024-06-09,6413746.829787234,34832.40425531915
Asia,2024-07-21,6414666.723404256,34834.46808510638
Europe,2020-02-28,4.0,0.29411764705882354
Europe,2020-03-11,213.62745098039215,5.862745098039215
Europe,2022-04-01,3464246.470588235,35457.35294117647
Europe,2022-06-09,3884341.0,36775.96078431373
Europe,2022-08-10,4265883.882352941,37617.39215686275
Europe,2023-04-29,4864668.156862745,40433.96078431373
Europe,2023-05-26,4875152.62745098,40567.01960784314
Europe,2024-01-05,4937236.176470588,41067.60784313725
Europe,2024-05-15,4952472.039215687,41189.56862745098
Africa,2020-08-01,14681.157894736842,355.7894736842105
Africa,2021-08-01,119052.77192982456,3000.3508771929824
Africa,2023-06-21,229803.61403508772,4543.456140350877
Africa,2023-12-24,230363.75438596492,4544.9473684210525
Oceania,2020-01-26,0.16666666666666666,0.0
Oceania,2020-04-17,315.375,3.0
Oceania,2022-04-06,233212.45833333334,424.5833333333333
Oceania,2023-08-31,601858.9583333334,1235.1666666666667
North America,2022-02-09,2200369.56097561,32365.853658536584
North America,2022-05-23,2407056.951219512,35200.560975609755
North America,2023-11-12,3033813.926829268,39706.560975609755
South America,2021-02-16,1206864.7142857143,36625.92857142857
South America,2021-05-26,1977754.5714285714,62447.357142857145
South America,2021-08-12,2569713.8571428573,78996.0
Asia,2020-01-29,42.787234042553195,1.1914893617021276
Asia,2022-05-15,3116051.75,29798.916666666668
Asia,2023-06-25,6207450.854166667,33991.479166666664
Asia,2023-11-17,6266568.541666667,34074.666666666664
Europe,2020-08-04,53424.58823529412,4023.274509803922
Europe,2020-08-08,53424.58823529412,4023.274509803922
Europe,2021-04-13,795786.8076923077,19103.75
Europe,2021-07-28,977400.5961538461,22357.076923076922
Europe,2022-08-17,4291636.333333333,37725.03921568627
Europe,2022-11-05,4595959.666666667,38687.60784313725
Europe,2023-04-24,4864668.156862745,40433.96078431373
Europe,2023-05-08,4871116.549019608,40511.41176470588
Europe,2023-06-10,4878653.392156863,40613.56862745098
Europe,2023-10-17,4899622.647058823,40826.94117647059
Europe,2023-12-15,4924368.137254902,40984.03921568627
Africa,2020-01-23,0.0,0.0
Africa,2020-03-29,80.10526315789474,2.456140350877193
Africa,2020-04-01,80.10526315789474,2.456140350877193
Africa,2020-05-10,1089.2280701754387,45.68421052631579
Africa,2021-01-01,46709.68421052631,1098.842105263158
Africa,2021-03-20,71251.77192982456,1891.298245614035
Africa,2021-10-22,149555.84210526315,3786.964912280702
Africa,2023-04-24,229461.54385964913,4541.789473684211
Oceania,2021-01-01,2280.9166666666665,49.458333333333336
Oceania,2021-01-24,2374.9166666666665,50.708333333333336
Oceania,2021-02-07,2400.125,50.958333333333336
Oceania,2021-12-17,17206.333333333332,199.16666666666666
Oceania,2022-01-08,34992.166666666664,209.66666666666666
Oceania,2022-08-26,485230.9583333333,826.4166666666666
Oceania,2023-02-26,570212.3333333334,1092.2916666666667
Oceania,2023-07-01,597532.8333333334,1216.25
North America,2021-01-12,618445.5365853659,14172.731707317073
North America,2021-04-09,860678.8048780488,20393.731707317074
North America,2023-02-09,2966693.8536585364,38311.29268292683
North America,2023-03-16,3001010.1219512196,38668.85365853659
North America,2023-04-15,3017661.6097560977,38874.14634146341
North America,2024-06-24,3036206.024390244,40681.26829268293
South America,2020-08-02,297140.5714285714,13377.214285714286
South America,2020-09-25,535413.0714285715,21163.714285714286
South America,2021-04-30,1728981.5714285714,54160.71428571428
South America,2021-06-25,2252553.1428571427,69828.42857142857
South America,2023-05-28,4897024.714285715,96586.21428571429
South America,2023-05-30,4897024.714285715,96586.21428571429
South America,2023-10-09,4898455.214285715,96600.28571428571
Asia,2020-01-06,0.02127659574468085,0.0
Asia,2020-03-20,2237.276595744681,83.87234042553192
Asia,2020-03-22,2570.2127659574467,108.74468085106383
Asia,2020-08-26,134978.55319148937,2719.6170212765956
Asia,2020-09-24,205692.914893617,3712.872340425532
Asia,2020-11-23,348651.89361702127,5871.553191489362
Asia,2020-11-27,348651.89361702127,5871.553191489362
Asia,2021-09-18,1511449.1875,22458.1875
Asia,2021-11-10,1668211.5,24650.083333333332
Asia,2021-12-24,1744034.6458333333,25890.625
Asia,2022-01-13,1805215.7916666667,26373.395833333332
Asia,2022-01-19,1876834.9375,26524.854166666668
Asia,2022-03-19,2638504.9583333335,28650.75
Asia,2022-06-11,3178998.4791666665,29906.666666666668
Asia,2023-06-05,6199834.25,33973.6875
Asia,2024-01-28,6411034.680851064,34817.02127659575
Asia,2024-04-18,6412813.44680851,34827.744680851065
Europe,2020-08-22,59546.07843137255,4116.588235294118
Europe,2021-01-06,473551.0588235294,11785.666666666666
Europe,2022-01-24,2222437.980769231,31471.23076923077
Europe,2022-01-30,2434854.8846153845,31883.115384615383
Europe,2022-06-15,3906286.68627451,36834.117647058825
Europe,2022-10-15,4505196.882352941,38355.96078431373
Europe,2024-04-23,4951424.62745098,41184.27450980392
Africa,2020-09-16,23767.122807017542,615.1052631578947
Africa,2021-03-31,74047.47368421052,1967.8070175438597
Africa,2021-10-04,147807.22807017545,3726.4561403508774
Africa,2022-01-06,174547.64912280702,4023.315789473684
Africa,2022-03-12,206284.84210526315,4406.649122807017
Africa,2022-05-13,213356.28070175438,4457.877192982456
Africa,2023-05-24,229656.8947368421,4542.824561403509
Africa,2024-01-02,230411.08771929826,4545.017543859649
Africa,2024-04-27,230566.1052631579,4545.666666666667
Oceania,2021-12-16,17206.333333333332,199.16666666666666
Oceania,2022-01-30,105826.41666666667,298.2916666666667
Oceania,2022-05-06,295266.875,487.4166666666667
Oceania,2022-05-20,327527.8333333333,524.7083333333334
Oceania,2023-09-05,602211.875,1236.7916666666667
Oceania,2023-12-24,610303.7083333334,1303.7916666666667
Oceania,2024-01-16,612364.7916666666,1312.8333333333333
North America,2020-03-30,3312.5365853658536,54.51219512195122
North America,2021-05-06,913684.3170731707,21123.658536585364
North America,2021-11-27,1396150.0731707318,28486.048780487807
North America,2021-12-27,1516658.731707317,29695.975609756097
North America,2022-01-27,2028444.219512195,31187.048780487807
North America,2023-07-29,3032474.8048780486,39221.68292682927
North America,2024-04-04,3035783.7073170734,40551.68292682927
South America,2021-08-21,2593833.4285714286,79684.57142857143
South America,2022-07-16,4318741.071428572,93430.21428571429
South America,2023-01-02,4777658.357142857,95857.5
South America,2023-02-15,4840970.5,96336.14285714286
South America,2023-06-19,4897222.071428572,96589.35714285714
South America,2024-07-14,4914668.785714285,96727.21428571429
Asia,2020-02-09,796.3617021276596,19.27659574468085
Asia,2020-05-26,19875.127659574468,576.2978723404256
Asia,2021-01-02,429593.8510638298,7030.893617021276
Asia,2021-02-04,487811.3191489362,7906.340425531915
Asia,2022-01-28,1972536.3125,26696.708333333332
Asia,2022-09-17,3753637.5,30743.166666666668
Asia,2022-12-04,4032193.8541666665,31297.479166666668
Asia,2023-03-11,6137363.666666667,33791.583333333336
Asia,2023-06-17,6203530.770833333,33981.770833333336
Europe,2020-05-03,24558.803921568626,2865.725490196078
Europe,2020-09-04,67696.11764705883,4210.333333333333
Europe,2023-10-03,4894968.529411765,40790.13725490196
Europe,2024-06-21,4954484.94117647,41199.21568627451
Africa,2020-03-25,23.45614035087719,0.47368421052631576
Africa,2022-04-17,210656.7894736842,4446.0
Africa,2022-10-22,226179.12280701756,4525.315789473684
Africa,2023-07-12,229898.9298245614,4543.736842105263
Africa,2023-09-02,229980.98245614034,4544.1578947368425
Africa,2024-05-01,230570.1754385965,4545.666666666667
Oceania,2023-09-29,603196.0416666666,1243.5
Oceania,2024-03-20,617110.4166666666,1343.25
Oceania,2024-04-13,620928.2916666666,1350.4583333333333
North America,2020-07-15,94938.26829268293,4861.8536585365855
North America,2020-12-22,497569.1219512195,12113.024390243903
North America,2022-02-19,2237302.6097560977,32915.07317073171
North America,2022-04-28,2341918.0975609757,34908.78048780488
North America,2022-10-03,2792501.463414634,36823.365853658535
North America,2023-02-05,2966693.8536585364,38311.29268292683
North America,2023-05-30,3032067.1219512196,39103.04878048781
North America,2023-08-23,3032617.7804878047,39295.19512195122
North America,2024-08-02,3036395.4146341463,40745.34146341463
South America,2020-04-30,8762.92857142857,575.5
South America,2020-06-01,57767.0,3873.0714285714284
South America,2021-05-10,1848031.2142857143,58501.71428571428
South America,2021-05-31,2044955.142857143,64340.28571428572
South America,2022-07-08,4276782.857142857,93269.14285714286
South America,2022-12-02,4639187.928571428,95377.14285714286
South America,2023-07-18,4897574.142857143,96591.28571428571
South America,2023-10-23,4898869.571428572,96606.5
South America,2023-11-17,4899732.642857143,96616.57142857143
South America,2024-03-12,4912241.642857143,96703.78571428571
Asia,2021-01-13,453476.93617021275,7395.36170212766
Asia,2021-06-11,1086660.75,14781.291666666666
Asia,2023-06-15,6203530.770833333,33981.770833333336
Asia,2023-09-17,6262962.4375,34033.541666666664
Asia,2024-03-06,6412145.234042553,34822.72340425532
Asia,2024-06-10,6413746.829787234,34832.40425531915
Europe,2020-01-07,0.0196078431372549,0.058823529411764705
Europe,2020-02-10,1.6470588235294117,0.21568627450980393
Europe,2020-03-17,1109.4901960784314,44.03921568627451
Europe,2020-09-10,72718.37254901961,4262.882352941177
Europe,2020-12-24,416387.862745098,10420.70588235294
Europe,2021-02-16,615920.5,15649.75
Europe,2021-10-10,1162021.4423076923,24642.98076923077
Europe,2022-10-17,4542166.607843137,38469.58823529412
Europe,2023-02-27,4816519.196078432,40020.25490196078
Europe,2023-06-09,4878653.392156863,40613.56862745098
Africa,2020-02-04,0.0,0.0
Africa,2020-02-08,0.0,0.0
Africa,2020-03-14,1.4035087719298245,0.08771929824561403
Africa,2020-09-06,22796.526315789473,589.7017543859649
Africa,2021-01-03,49602.9649122807,1174.0526315789473
Africa,2021-02-10,64655.54385964912,1665.1929824561403
Africa,2021-05-20,83064.50877192983,2220.2982456140353
Africa,2021-07-16,104929.40350877192,2665.157894736842
Africa,2022-11-06,226578.57894736843,4528.263157894737
Africa,2022-11-19,226777.80701754385,4528.771929824561
Africa,2023-02-01,228692.26315789475,4537.7192982456145
Africa,2023-06-02,229685.1754385965,4542.964912280701
Africa,2023-07-28,229922.61403508772,4543.894736842105
Africa,2023-09-14,230007.68421052632,4544.175438596491
Oceania,2020-02-14,0.625,0.0
Oceania,2020-03-02,1.0833333333333333,0.0
Oceania,2020-06-23,372.7916666666667,5.666666666666667
Oceania,2020-11-01,1743.5416666666667,44.083333333333336
Oceania,2021-01-05,2309.2916666666665,49.875
Oceania,2022-04-11,251427.375,438.0833333333333
Oceania,2022-05-28,342699.2083333333,541.625
Oceania,2022-05-29,354829.0,560.1666666666666
Oceania,2022-08-05,455397.7083333333,762.0416666666666
Oceania,2023-01-05,554969.2916666666,1023.0833333333334
Oceania,2023-11-11,605591.6666666666,1264.0833333333333
Oceania,2023-12-23,609570.375,1299.9166666666667
Oceania,2024-05-17,622504.375,1358.875
North America,2020-01-27,0.1951219512195122,0.0
North America,2020-03-06,2.292682926829268,0.024390243902439025
North America,2020-07-09,83458.12195121951,4574.951219512195
North America,2020-12-07,416510.7073170732,10908.243902439024
North America,2021-06-11,949510.1707317074,21823.024390243903
North America,2022-01-10,1723688.780487805,30275.634146341465
North America,2022-03-25,2301674.7317073173,34388.243902439026
North America,2022-12-26,2903555.7073170734,37716.0
North America,2023-04-08,3014707.6097560977,38826.14634146341
North America,2023-05-16,3031618.0,39063.9756097561
North America,2023-12-22,3034521.9024390243,39919.90243902439
North America,2023-12-28,3034654.975609756,39969.21951219512
North America,2024-02-16,3035449.487804878,40354.78048780488
South America,2021-02-12,1170147.7142857143,35467.642857142855
South America,2021-09-22,2674668.0,81961.14285714286
South America,2022-10-27,4591891.857142857,95135.14285714286
South America,2023-05-29,4897024.714285715,96586.21428571429
South America,2024-05-11,4914152.285714285,96723.28571428571
South America,2024-07-30,4914865.0,96727.57142857143
Asia,2020-01-19,2.8297872340425534,0.06382978723404255
Asia,2020-07-27,80458.97872340426,1858.8297872340424
Asia,2021-08-24,1407136.1666666667,20774.895833333332
Asia,2021-10-22,1621884.875,23976.541666666668
Asia,2021-12-02,1708480.0625,25279.083333333332
Asia,2022-06-06,3178998.4791666665,29906.666666666668
Asia,2022-06-13,3196403.1666666665,29944.666666666668
Asia,2022-10-29,3884290.2291666665,31002.979166666668
Asia,2022-11-25,3975835.3958333335,31194.9375
Asia,2023-01-18,6045762.583333333,32374.895833333332
Asia,2023-08-29,6253978.020833333,34025.25
Asia,2024-03-21,6412432.744680851,34823.87234042553
Asia,2024-03-23,6412432.744680851,34823.87234042553
Asia,2024-05-04,6413017.489361702,34828.78723404255
Asia,2024-05-19,6413388.638297873,34831.063829787236
Europe,2020-03-18,1109.4901960784314,44.03921568627451
Europe,2020-07-04,43157.509803921566,3793.921568627451
Europe,2020-08-25,63349.490196078434,4161.294117647059
Europe,2020-11-07,199381.9019607843,5533.098039215686
Europe,2021-05-23,888344.2692307692,21161.30769230769
Europe,2022-02-09,2629029.9615384615,32329.615384615383
Europe,2022-06-30,3974946.274509804,36958.21568627451
Europe,2022-12-16,4706127.549019608,39161.098039215685
Europe,2024-01-14,4941130.196078432,41112.86274509804
Europe,2024-04-24,4951424.62745098,41184.27450980392
Africa,2020-04-07,162.26315789473685,10.157894736842104
Africa,2020-07-27,14681.157894736842,355.7894736842105
Africa,2020-11-28,36360.73684210526,876.2631578947369
Africa,2021-11-30,153921.33333333334,3918.1754385964914
Africa,2022-09-06,225244.75438596492,4519.666666666667
Africa,2023-01-31,228692.26315789475,4537.7192982456145
Africa,2023-09-15,230007.68421052632,4544.175438596491
Africa,2023-10-21,230082.1403508772,4544.473684210527
Africa,2024-04-28,230570.1754385965,4545.666666666667
Africa,2024-05-05,230573.54385964913,4545.666666666667
Oceania,2020-04-20,330.3333333333333,3.7916666666666665
Oceania,2020-04-26,336.5,4.583333333333333
Oceania,2021-01-07,2309.2916666666665,49.875
Oceania,2021-01-11,2332.6666666666665,50.25
Oceania,2021-11-04,13926.333333333334,170.29166666666666
Oceania,2022-05-08,310299.2083333333,505.0833333333333
Oceania,2022-11-26,522721.7916666667,914.9166666666666
Oceania,2023-03-08,571315.875,1095.875
Oceania,2023-10-27,604712.75,1257.75
North America,2020-01-19,0.0,0.0
North America,2020-02-17,0.7560975609756098,0.0
North America,2020-05-09,30056.756097560974,1865.5121951219512
North America,2020-11-03,269779.1951219512,9017.536585365853
North America,2021-04-11,874752.6341463415,20582.60975609756
North America,2022-03-08,2285924.3414634145,34044.95121951219
North America,2024-03-27,3035755.536585366,40533.09756097561
North America,2024-08-03,3036395.4146341463,40745.34146341463
South America,2020-08-10,333718.21428571426,14571.785714285714
South America,2020-10-18,642102.3571428572,24146.35714285714
South America,2021-06-26,2252553.1428571427,69828.42857142857
South America,2021-07-31,2509079.5,77267.35714285714
South America,2022-07-28,4403292.857142857,93769.85714285714
South America,2022-08-20,4498997.357142857,94322.14285714286
South America,2022-10-30,4598321.571428572,95190.0
South America,2022-12-03,4639187.928571428,95377.14285714286
South America,2024-01-10,4902841.142857143,96646.14285714286
South America,2024-04-06,4913761.5,96713.21428571429
South America,2024-06-26,4914464.5,96726.78571428571
Asia,2021-11-23,1694972.2083333333,25063.520833333332
Asia,2022-04-15,2986409.9375,29453.541666666668
Asia,2022-07-10,3272990.2083333335,30083.354166666668
Asia,2022-07-11,3272990.2083333335,30083.354166666668
Asia,2022-10-09,3848465.1458333335,30931.291666666668
Asia,2023-10-14,6264206.145833333,34039.166666666664
Asia,2024-04-05,6412642.510638298,34826.44680851064
Asia,2024-04-09,6412731.042553191,34827.1914893617
Europe,2020-04-30,21600.392156862745,2569.627450980392
Europe,2021-02-02,579152.8653846154,14504.788461538461
Europe,2021-02-07,598985.8076923077,15122.096153846154
Europe,2021-07-16,941873.9807692308,22090.076923076922
Europe,2021-11-08,1275739.4038461538,26285.78846153846
Europe,2024-01-10,4939501.803921568,41092.549019607846
Europe,2024-07-16,4956705.666666667,41213.8431372549
Africa,2020-09-20,24706.543859649122,638.1754385964912
Africa,2021-03-28,74047.47368421052,1967.8070175438597
Africa,2021-10-05,147807.22807017545,3726.4561403508774
Africa,2021-10-21,149555.84210526315,3786.964912280702
Africa,2022-01-03,174547.64912280702,4023.315789473684
Africa,2022-01-10,180091.75438596492,4067.7368421052633
Africa,2022-11-27,227253.1052631579,4530.7192982456145
Africa,2023-03-10,229114.54385964913,4539.6140350877195
Africa,2023-04-20,229423.40350877194,4541.526315789473
Africa,2023-08-26,229974.1754385965,4544.122807017544
Africa,2023-09-01,229980.98245614034,4544.1578947368425
Oceania,2020-08-13,944.8333333333334,17.0
Oceania,2021-06-29,3410.7083333333335,59.708333333333336
Oceania,2021-09-16,8640.0,109.45833333333333
Oceania,2022-03-28,212489.16666666666,409.5
Oceania,2022-10-15,506719.7916666667,883.9583333333334
Oceania,2023-06-10,593354.3333333334,1191.0
Oceania,2023-11-29,607573.75,1279.5
Oceania,2024-05-30,623212.0,1360.875
North America,2020-06-10,54673.58536585366,3536.0
North America,2021-01-03,572470.512195122,13417.390243902439
North America,2021-03-27,834997.512195122,19967.0
North America,2021-04-30,902414.3902439025,20953.243902439026
North America,2022-09-11,2762239.7804878047,36582.26829268293
North America,2023-02-11,2966693.8536585364,38311.29268292683
North America,2024-02-20,3035519.073170732,40390.31707317073
North America,2024-06-17,3036178.43902439,40670.51219512195
South America,2020-02-23,0.0,0.0
South America,2020-11-07,692497.7142857143,25302.35714285714
South America,2021-02-03,1130846.4285714286,34331.5
South America,2021-05-22,1909891.5,60446.0
South America,2021-08-03,2541042.5,78214.92857142857
South America,2022-06-23,4199945.214285715,93004.85714285714
South America,2022-07-23,4365336.357142857,93604.92857142857
South America,2022-09-27,4570573.571428572,94927.71428571429
South America,2022-10-24,4591891.857142857,95135.14285714286
South America,2022-11-25,4622947.5,95314.07142857143
South America,2023-11-16,4899732.642857143,96616.57142857143
South America,2023-12-20,4901125.714285715,96634.85714285714
Asia,2020-04-15,6084.148936170212,225.25531914893617
Asia,2020-07-05,53518.936170212764,1300.723404255319
Asia,2021-07-30,1254504.7291666667,18127.770833333332
Asia,2023-01-02,5769265.479166667,32073.25
Asia,2023-04-29,6170760.791666667,33906.458333333336
Asia,2024-04-13,6412731.042553191,34827.1914893617
Asia,2024-04-16,6412813.44680851,34827.744680851065
Europe,2020-08-19,59546.07843137255,4116.588235294118
Europe,2021-12-20,1559329.9807692308,29464.28846153846
Europe,2021-12-21,1559329.9807692308,29464.28846153846
Europe,2022-09-05,4359168.588235294,37976.666666666664
Europe,2022-11-21,4645012.549019608,38921.450980392154
Europe,2022-12-28,4746228.960784313,39379.80392156863
Europe,2023-11-03,4903557.0,40859.17647058824
Europe,2023-11-10,4905807.156862745,40875.13725490196
Europe,2023-12-29,4934053.333333333,41041.80392156863
Europe,2024-04-05,4950066.803921568,41178.13725490196
Africa,2021-03-21,72677.26315789473,1932.5087719298247
Africa,2021-06-12,87115.40350877192,2325.40350877193
Africa,2022-04-01,208943.73684210525,4430.684210526316
Oceania,2020-04-04,183.16666666666666,0.75
Oceania,2020-04-15,315.375,3.0
Oceania,2020-09-05,1221.3333333333333,31.875
Oceania,2020-09-12,1275.9166666666667,34.625
Oceania,2020-12-17,2219.8333333333335,48.5
Oceania,2021-03-20,2502.5416666666665,51.583333333333336
Oceania,2021-03-23,2570.8333333333335,51.625
Oceania,2021-05-03,2949.125,55.833333333333336
Oceania,2021-09-20,9391.333333333334,117.58333333333333
Oceania,2022-12-14,538942.7083333334,947.875
Oceania,2023-03-17,572567.1666666666,1099.7083333333333
Oceania,2023-05-27,589007.2083333334,1170.375
Oceania,2023-10-04,603521.375,1247.5416666666667
Oceania,2023-10-05,603521.375,1247.5416666666667
Oceania,2024-01-22,613098.0416666666,1321.75
Oceania,2024-02-15,614796.1666666666,1332.0416666666667
North America,2021-04-15,874752.6341463415,20582.60975609756
North America,2022-01-31,2136438.7560975607,31771.439024390245
North America,2022-03-15,2294238.6341463416,34286.31707317073
North America,2023-10-22,3033445.2195121953,39603.31707317073
North America,2024-07-13,3036271.8536585364,40703.14634146341
South America,2020-06-30,147749.42857142858,7785.928571428572
South America,2020-11-22,762923.2142857143,26817.35714285714
South America,2021-12-18,2804648.3571428573,84762.78571428571
South America,2022-01-21,3069141.0,85754.92857142857
South America,2022-08-16,4498997.357142857,94322.14285714286
South America,2022-08-29,4536108.857142857,94598.0
South America,2023-05-26,4896962.5,96584.92857142857
South America,2024-02-25,4910487.857142857,96695.64285714286
Asia,2020-04-19,7823.31914893617,305.3829787234043
Asia,2020-05-09,11531.553191489362,410.40425531914894
Asia,2020-09-30,224332.085106383,3976.7021276595747
Asia,2021-03-17,540956.3541666666,8497.458333333334
Asia,2023-08-18,6242988.1875,34014.916666666664
Asia,2023-12-16,6402081.574468086,34801.12765957447
Asia,2024-01-25,6410558.595744681,34815.70212765958
Asia,2024-07-10,6414397.680851064,34834.063829787236
Europe,2020-04-16,15008.941176470587,1659.4901960784314
Europe,2020-11-29,332062.29411764705,8184.509803921569
Europe,2022-01-14,1876969.2115384615,30673.923076923078
Europe,2022-12-03,4663422.901960785,38994.25490196078
Africa,2021-01-24,60393.98245614035,1489.2456140350878
Africa,2021-11-04,150910.1754385965,3836.5263157894738
Africa,2022-04-24,211354.35087719298,4450.596491228071
Africa,2022-10-05,225891.22807017545,4523.6140350877195
Africa,2023-01-14,228223.7894736842,4535.596491228071
Africa,2023-09-07,229991.43859649124,4544.1578947368425
Africa,2024-01-14,230480.8245614035,4545.298245614035
Oceania,2020-01-14,0.0,0.0
Oceania,2020-04-01,183.16666666666666,0.75
Oceania,2020-09-08,1275.9166666666667,34.625
Oceania,2020-12-10,2188.1666666666665,47.791666666666664
Oceania,2021-01-29,2374.9166666666665,50.708333333333336
Oceania,2021-06-05,3179.0416666666665,58.75
Oceania,2021-11-15,14969.041666666666,182.0
Oceania,2021-11-24,15496.958333333334,189.91666666666666
Oceania,2021-11-30,16009.208333333334,193.125
Oceania,2021-12-03,16009.208333333334,193.125
Oceania,2022-10-31,514072.0,896.125
Oceania,2022-11-20,522721.7916666667,914.9166666666666
Oceania,2023-06-27,597532.8333333334,1216.25
Oceania,2023-11-25,606870.125,1274.9583333333333
Oceania,2023-12-19,609570.375,1299.9166666666667
Oceania,2024-05-29,623212.0,1360.875
Oceania,2024-07-22,624974.2916666666,1370.0
North America,2020-03-08,14.024390243902438,0.4634146341463415
North America,2020-03-20,108.09756097560975,1.7560975609756098
North America,2020-08-01,122191.17073170732,5525.878048780488
North America,2021-07-28,1001604.4634146341,22541.536585365855
North America,2022-02-17,2237302.6097560977,32915.07317073171
North America,2022-03-03,2274865.2682926827,33766.46341463415
North America,2022-05-27,2407056.951219512,35200.560975609755
North America,2022-09-10,2749606.975609756,36503.365853658535
North America,2022-11-29,2854033.951219512,37409.39024390244
North America,2023-04-30,3026404.048780488,38978.439024390245
North America,2023-10-15,3033324.9024390243,39566.756097560974
North America,2024-07-20,3036315.024390244,40715.365853658535
South America,2020-07-20,229009.57142857142,11052.142857142857
South America,2020-08-24,406361.0,16879.285714285714
South America,2021-06-27,2321538.8571428573,71539.07142857143
South America,2021-07-02,2321538.8571428573,71539.07142857143
South America,2021-12-03,2785874.785714286,84371.42857142857
South America,2022-06-10,4141454.785714286,92819.28571428571
South America,2023-02-16,4840970.5,96336.14285714286
South America,2023-07-23,4897641.5,96592.07142857143
South America,2024-02-26,4910487.857142857,96695.64285714286
Asia,2020-01-11,0.02127659574468085,0.0
Asia,2020-04-04,3307.6382978723404,137.80851063829786
Asia,2020-08-30,150374.55319148937,2948.0851063829787
Asia,2021-11-06,1653585.9583333333,24436.541666666668
Asia,2022-05-18,3116051.75,29798.916666666668
Asia,2023-04-07,6154733.791666667,33862.4375
Asia,2023-07-04,6210283.395833333,33993.708333333336
Asia,2023-09-03,6259617.354166667,34028.020833333336
Asia,2023-10-03,6263730.229166667,34036.270833333336
Asia,2023-10-28,6265161.166666667,34069.125
Asia,2024-04-22,6412904.361702127,34828.34042553192
Asia,2024-07-16,6414534.659574468,34834.234042553195
Europe,2020-03-25,3492.156862745098,203.33333333333334
Europe,2021-03-14,693175.5769230769,17283.384615384617
Europe,2021-08-02,993647.6538461539,22504.46153846154
Europe,2021-10-03,1142677.2115384615,24352.23076923077
Europe,2022-06-28,3974946.274509804,36958.21568627451
Europe,2023-07-18,4882629.705882353,40681.1568627451
Europe,2023-12-03,4919429.05882353,40958.21568627451
Africa,2020-01-05,0.0,0.0
Africa,2021-03-06,68835.43859649122,1819.1754385964912
Africa,2021-10-03,147807.22807017545,3726.4561403508774
Africa,2022-05-17,214546.12280701756,4464.017543859649
Africa,2022-06-25,218273.1052631579,4485.3859649122805
Africa,2022-07-08,219932.35087719298,4492.877192982456
Africa,2022-07-31,223494.0350877193,4509.7192982456145
Africa,2022-09-11,225462.84210526315,4520.9473684210525
Africa,2023-10-02,230059.9649122807,4544.298245614035
Africa,2023-10-25,230091.87719298244,4544.491228070176
Africa,2024-01-13,230451.28070175438,4545.140350877193
Africa,2024-06-25,230604.28070175438,4545.684210526316
Oceania,2020-04-13,315.375,3.0
Oceania,2020-06-10,363.0,5.666666666666667
Oceania,2021-02-24,2422.0,51.25
Oceania,2021-08-15,5823.75,79.95833333333333
Oceania,2022-02-09,115021.33333333333,324.5833333333333
Oceania,2022-03-15,172340.16666666666,390.9583333333333
Oceania,2022-11-23,522721.7916666667,914.9166666666666
Oceania,2023-02-23,569150.75,1088.2083333333333
North America,2020-01-16,0.0,0.0
North America,2020-08-28,166175.07317073172,6805.804878048781
North America,2021-10-23,1319509.780487805,27106.80487804878
North America,2022-01-14,1723688.780487805,30275.634146341465
North America,2022-02-23,2259992.975609756,33380.65853658537
North America,2022-03-09,2285924.3414634145,34044.95121951219
North America,2022-03-12,2285924.3414634145,34044.95121951219
North America,2022-06-06,2447700.926829268,35344.85365853659
North America,2022-12-25,2903555.7073170734,37716.0
North America,2023-02-19,2981773.2926829266,38487.34146341463
North America,2023-06-27,3032349.024390244,39168.243902439026
South America,2020-01-20,0.0,0.0
South America,2020-05-23,29093.428571428572,2229.1428571428573
South America,2020-06-25,122601.21428571429,6788.857142857143
South America,2020-07-27,261502.64285714287,12205.642857142857
South America,2020-08-09,333718.21428571426,14571.785714285714
South America,2021-12-25,2813053.285714286,84931.28571428571
South America,2022-01-31,3428291.785714286,86919.78571428571
South America,2022-03-17,3940112.214285714,90589.0
South America,2022-05-10,4068517.6428571427,92531.42857142857
South America,2022-06-06,4141454.785714286,92819.28571428571
South America,2024-06-24,4914464.5,96726.78571428571
Asia,2020-12-26,416868.57446808513,6822.978723404255
Asia,2021-04-06,604429.125,9039.666666666666
Asia,2023-07-17,6216721.708333333,33997.979166666664
Asia,2024-01-07,6408490.361702127,34811.87234042553
Europe,2020-11-30,332062.29411764705,8184.509803921569
Europe,2021-06-11,901439.6346153846,21468.596153846152
Europe,2022-09-28,4433523.0784313725,38174.94117647059
Europe,2023-06-20,4880810.019607843,40647.78431372549
Europe,2024-05-22,4952825.666666667,41190.25490196078
Africa,2020-09-08,22796.526315789473,589.7017543859649
Africa,2021-07-15,104929.40350877192,2665.157894736842
Africa,2022-01-20,185139.91228070174,4111.298245614035
Africa,2022-04-15,210125.59649122806,4442.210526315789
Africa,2022-06-11,216811.1403508772,4477.0
Africa,2022-09-19,225633.28070175438,4522.140350877193
Africa,2023-05-21,229656.8947368421,4542.824561403509
Africa,2023-06-01,229685.1754385965,4542.964912280701
Africa,2023-08-27,229980.98245614034,4544.1578947368425
Africa,2023-12-14,230292.22807017545,4544.912280701755
Africa,2024-02-17,230527.1403508772,4545.3859649122805
Africa,2024-07-03,230607.9649122807,4545.701754385965
Oceania,2020-04-24,330.3333333333333,3.7916666666666665
Oceania,2020-11-08,1878.375,44.916666666666664
Oceania,2020-11-22,2067.125,46.666666666666664
Oceania,2021-02-12,2400.125,50.958333333333336
Oceania,2021-09-06,7910.916666666667,102.125
Oceania,2021-12-06,16563.583333333332,195.91666666666666
Oceania,2023-05-30,591247.25,1181.2916666666667
Oceania,2023-06-21,596512.5,1213.7916666666667
Oceania,2024-01-12,611662.3333333334,1309.4166666666667
Oceania,2024-05-13,622504.375,1358.875
North America,2020-03-02,2.292682926829268,0.024390243902439025
North America,2020-04-18,13673.414634146342,588.6585365853658
North America,2020-11-19,318591.26829268294,9619.585365853658
North America,2021-02-02,728716.0243902439,16662.951219512193
North America,2021-04-10,860678.8048780488,20393.731707317074
North America,2021-07-31,1001604.4634146341,22541.536585365855
North America,2021-11-26,1396150.0731707318,28486.048780487807
North America,2023-08-20,3032617.7804878047,39295.19512195122
South America,2020-03-30,740.4285714285714,21.357142857142858
South America,2020-05-10,20461.428571428572,1529.2857142857142
South America,2021-11-20,2766535.714285714,83973.71428571429
South America,2021-11-29,2785874.785714286,84371.42857142857
South America,2022-08-19,4498997.357142857,94322.14285714286
South America,2022-10-05,4576625.071428572,94973.14285714286
South America,2023-01-11,4795584.642857143,95964.0
South America,2023-05-05,4891778.928571428,96504.07142857143
South America,2023-08-14,4897815.142857143,96592.92857142857
South America,2024-04-08,4913918.071428572,96715.35714285714
South America,2024-08-03,4914865.0,96727.57142857143
Asia,2020-02-26,1658.9148936170213,52.255319148936174
Asia,2020-09-21,205692.914893617,3712.872340425532
Asia,2020-12-30,429593.8510638298,7030.893617021276
Asia,2021-08-01,1291387.4791666667,18755.666666666668
Asia,2021-12-26,1754384.3125,26066.583333333332
Asia,2022-03-11,2524523.0,28384.166666666668
Asia,2022-09-10,3723463.625,30673.791666666668
Asia,2022-09-11,3753637.5,30743.166666666668
Asia,2023-09-26,6263241.229166667,34034.916666666664
Europe,2020-05-09,24558.803921568626,2865.725490196078
Europe,2020-07-13,46786.82352941176,3895.8039215686276
Europe,2021-01-19,539167.9607843137,13270.70588235294
Europe,2021-03-16,693175.5769230769,17283.384615384617
Europe,2021-08-25,1043249.5576923077,23017.55769230769
Europe,2022-04-11,3622907.8235294116,35880.92156862745
Europe,2023-05-21,4875152.62745098,40567.01960784314
Europe,2024-02-20,4946322.05882353,41159.117647058825
Europe,2024-02-25,4947062.2549019605,41163.35294117647
Africa,2021-06-27,95547.38596491228,2479.7368421052633
Africa,2022-01-27,189816.12280701756,4154.070175438596
Africa,2022-11-21,227010.73684210525,4529.7192982456145
Africa,2023-01-02,228094.43859649124,4535.2807017543855
Oceania,2022-03-12,156207.66666666666,382.7916666666667
Oceania,2022-04-02,212489.16666666666,409.5
Oceania,2024-06-17,623890.1666666666,1363.2083333333333
North America,2020-05-07,30056.756097560974,1865.5121951219512
North America,2020-07-20,108454.51219512195,5180.926829268293
North America,2023-10-29,3033567.1707317075,39637.46341463415
North America,2023-12-03,3034249.975609756,39826.92682926829
South America,2020-02-02,0.0,0.0
South America,2020-04-03,740.4285714285714,21.357142857142858
South America,2020-04-06,1605.5714285714287,67.64285714285714
South America,2020-05-11,20461.428571428572,1529.2857142857142
South America,2020-06-04,57767.0,3873.0714285714284
South America,2022-08-06,4442886.214285715,93970.14285714286
South America,2022-10-29,4591891.857142857,95135.14285714286
South America,2022-10-31,4598321.571428572,95190.0
South America,2023-03-21,4864320.714285715,96544.78571428571
South America,2024-04-28,4914111.928571428,96721.85714285714
Asia,2020-10-13,259195.40425531915,4484.31914893617
Asia,2021-02-07,498128.9574468085,8052.468085106383
Asia,2022-07-05,3248411.0416666665,30048.104166666668
Asia,2023-03-24,6147262.916666667,33833.1875
Asia,2023-09-06,6259617.354166667,34028.020833333336
Europe,2021-03-28,745776.0,18144.5
Europe,2021-08-18,1026060.0576923077,22831.0
Europe,2021-11-19,1314159.1538461538,26810.923076923078
Europe,2022-01-06,1733222.4615384615,30296.826923076922
Europe,2022-05-15,3825245.725490196,36562.17647058824
Europe,2022-07-21,4148095.3725490198,37238.60784313725
Europe,2022-12-27,4746228.960784313,39379.80392156863
Europe,2023-07-20,4882629.705882353,40681.1568627451
Europe,2024-04-10,4950557.019607843,41180.41176470588
Africa,2020-10-21,28917.64912280702,732.5438596491229
Africa,2020-12-12,39748.82456140351,948.8070175438596
Africa,2020-12-14,41747.56140350877,991.140350877193
Africa,2022-01-04,174547.64912280702,4023.315789473684
Africa,2022-04-09,209563.70175438595,4437.175438596491
Africa,2023-01-28,228548.2105263158,4537.1578947368425
Africa,2023-05-06,229509.1403508772,4542.087719298245
Oceania,2020-10-19,1543.5416666666667,42.833333333333336
Oceania,2021-07-22,4086.0416666666665,64.20833333333333
Oceania,2021-12-01,16009.208333333334,193.125
Oceania,2022-07-13,409758.875,672.2916666666666
Oceania,2022-10-04,504834.6666666667,878.9166666666666
Oceania,2022-11-16,518661.4583333333,908.3333333333334
Oceania,2023-01-08,558620.0833333334,1023.2083333333334
Oceania,2023-03-06,571315.875,1095.875
Oceania,2023-04-27,581828.625,1135.0
North America,2020-08-10,145966.19512195123,6213.8536585365855
North America,2021-04-16,874752.6341463415,20582.60975609756
North America,2021-09-18,1203889.9268292682,25012.243902439026
North America,2022-10-13,2800359.926829268,36895.60975609756
North America,2022-10-28,2815336.6829268294,37045.12195121951
North America,2023-01-24,2950088.463414634,38107.365853658535
North America,2023-12-15,3034385.3414634145,39872.95121951219
South America,2020-11-02,692497.7142857143,25302.35714285714
South America,2022-06-28,4235629.142857143,93127.71428571429
South America,2023-03-23,4864320.714285715,96544.78571428571
South America,2023-11-09,4899413.714285715,96613.21428571429
South America,2024-07-02,4914523.357142857,96726.85714285714
Asia,2020-02-23,1658.9148936170213,52.255319148936174
Asia,2020-03-04,1801.9574468085107,62.57446808510638
Asia,2020-05-10,13735.787234042553,464.1276595744681
Asia,2021-02-13,487752.9375,7884.708333333333
Asia,2022-02-28,2424726.625,28094.625
Asia,2023-05-01,6177075.291666667,33922.708333333336
Europe,2020-04-04,7438.254901960784,570.6078431372549
Europe,2021-02-08,598985.8076923077,15122.096153846154
Europe,2023-05-17,4873452.490196078,40542.27450980392
Europe,2023-06-14,4879942.039215687,40632.96078431373
Europe,2024-06-16,4954484.94117647,41199.21568627451
Africa,2020-02-19,0.017543859649122806,0.0
Africa,2020-02-22,0.017543859649122806,0.0
Africa,2020-06-05,2536.4561403508774,77.49122807017544
Africa,2022-02-15,200490.54385964913,4292.789473684211
Africa,2023-11-15,230125.0701754386,4544.631578947368
Oceania,2021-01-16,2332.6666666666665,50.25
Oceania,2021-05-08,2949.125,55.833333333333336
Oceania,2021-06-30,3410.7083333333335,59.708333333333336
Oceania,2021-10-10,11781.416666666666,146.45833333333334
Oceania,2021-11-25,15496.958333333334,189.91666666666666
Oceania,2023-03-22,573957.0,1104.4583333333333
Oceania,2023-04-12,578459.2083333334,1121.9583333333333
Oceania,2023-06-16,594749.2083333334,1204.4583333333333
Oceania,2024-02-26,615831.375,1337.3333333333333
Oceania,2024-07-05,624387.4166666666,1365.7916666666667
North America,2020-11-15,318591.26829268294,9619.585365853658
North America,2021-10-20,1319509.780487805,27106.80487804878
North America,2021-11-29,1412132.1219512196,28661.219512195123
North America,2022-07-21,2593740.9024390243,35785.39024390244
North America,2022-09-16,2762239.7804878047,36582.26829268293
North America,2023-11-01,3033567.1707317075,39637.46341463415
North America,2024-07-04,3036239.073170732,40691.58536585366
South America,2020-02-05,0.0,0.0
South America,2020-10-16,617972.3571428572,23502.571428571428
South America,2020-11-20,737538.0,26277.714285714286
South America,2021-01-05,951573.0714285715,30345.928571428572
South America,2021-07-20,2468703.4285714286,75615.85714285714
South America,2021-12-16,2804648.3571428573,84762.78571428571
South America,2022-05-20,4082372.285714286,92600.35714285714
South America,2023-02-11,4835195.428571428,96288.64285714286
South America,2023-10-30,4899140.785714285,96609.21428571429
Asia,2021-11-04,1653585.9583333333,24436.541666666668
Asia,2022-01-07,1768821.9375,26225.458333333332
Asia,2022-02-11,2169936.0,27210.041666666668
Asia,2022-09-13,3753637.5,30743.166666666668
Europe,2020-03-28,3492.156862745098,203.33333333333334
Europe,2020-06-12,36985.0,3600.607843137255
Europe,2020-10-07,103053.49019607843,4577.333333333333
Europe,2021-08-12,1009570.75,22662.71153846154
Europe,2022-03-11,3155881.294117647,34642.94117647059
Europe,2023-04-04,4851157.666666667,40296.37254901961
Europe,2023-07-11,4882306.68627451,40675.450980392154
Europe,2024-04-28,4951819.176470588,41186.1568627451
Europe,2024-06-14,4954051.431372549,41196.705882352944
Europe,2024-06-29,4954966.333333333,41203.07843137255
Africa,2021-02-07,64655.54385964912,1665.1929824561403
Africa,2021-11-13,151600.8596491228,3858.2631578947367
Africa,2022-02-25,202772.1403508772,4345.0
Africa,2024-04-21,230566.1052631579,4545.666666666667
Oceania,2020-06-11,363.0,5.666666666666667
Oceania,2020-08-12,944.8333333333334,17.0
Oceania,2021-05-10,3009.25,56.666666666666664
Oceania,2021-06-26,3322.3333333333335,59.333333333333336
Oceania,2021-07-21,4086.0416666666665,64.20833333333333
Oceania,2022-02-12,115021.33333333333,324.5833333333333
Oceania,2022-04-13,251427.375,438.0833333333333
Oceania,2022-08-22,485230.9583333333,826.4166666666666
Oceania,2023-01-13,558620.0833333334,1023.2083333333334
Oceania,2023-03-01,570212.3333333334,1092.2916666666667
Oceania,2023-08-28,601858.9583333334,1235.1666666666667
Oceania,2024-05-15,622504.375,1358.875
North America,2021-02-22,785952.7073170731,18590.19512195122
North America,2022-08-01,2652795.073170732,35995.87804878049
North America,2022-08-09,2676593.6341463416,36102.829268292684
North America,2023-03-14,3001010.1219512196,38668.85365853659
North America,2023-06-20,3032290.7804878047,39153.12195121951
North America,2023-11-27,3034111.5853658537,39781.58536585366
North America,2024-07-22,3036361.7804878047,40729.73170731707
South America,2020-06-21,122601.21428571429,6788.857142857143
South America,2020-09-19,505738.4285714286,20300.0
South America,2021-05-06,1789338.4285714286,56432.78571428572
South America,2021-11-12,2756280.1428571427,83800.71428571429
South America,2023-06-21,4897222.071428572,96589.35714285714
South America,2023-12-16,4900907.428571428,96631.78571428571
Asia,2020-06-23,39472.1914893617,1005.7872340425532
Asia,2020-07-22,70147.8085106383,1651.0425531914893
Asia,2021-03-05,517217.3541666667,8264.5625
Asia,2021-08-25,1407136.1666666667,20774.895833333332
Asia,2021-11-05,1653585.9583333333,24436.541666666668
Asia,2022-02-19,2255731.7708333335,27528.791666666668
Asia,2022-03-10,2524523.0,28384.166666666668
Asia,2022-07-07,3248411.0416666665,30048.104166666668
Asia,2022-09-02,3676756.8333333335,30582.854166666668
Asia,2023-07-01,6207450.854166667,33991.479166666664
Asia,2023-12-21,6403939.531914894,34802.765957446805
Europe,2021-08-14,1009570.75,22662.71153846154
Europe,2022-03-07,3155881.294117647,34642.94117647059
Europe,2022-06-20,3934799.098039216,36893.1568627451
Europe,2022-12-07,4684286.882352941,39072.94117647059
Europe,2023-11-13,4908306.607843137,40894.98039215686
Europe,2024-03-23,4948946.725490196,41172.78431372549
Africa,2020-12-13,41747.56140350877,991.140350877193
Africa,2021-06-16,89197.36842105263,2364.754385964912
Africa,2021-06-28,95547.38596491228,2479.7368421052633
Africa,2021-09-25,144980.75438596492,3635.0526315789475
Africa,2021-12-20,163743.87719298244,3971.245614035088
Africa,2021-12-23,163743.87719298244,3971.245614035088
Africa,2023-07-07,229870.91228070174,4543.666666666667
Africa,2023-08-16,229965.64912280702,4544.070175438596
Africa,2023-11-11,230111.1403508772,4544.543859649123
Africa,2024-03-12,230542.08771929826,4545.508771929824
Oceania,2020-04-03,183.16666666666666,0.75
Oceania,2020-07-18,466.8333333333333,5.916666666666667
Oceania,2021-05-23,3137.6666666666665,57.333333333333336
Oceania,2022-01-24,94052.0,268.2916666666667
Oceania,2022-06-19,384363.875,614.9583333333334
Oceania,2023-04-23,581828.625,1135.0
North America,2020-04-05,7925.390243902439,227.02439024390245
North America,2020-12-02,381614.0975609756,10416.09756097561
North America,2020-12-29,534535.731707317,12738.292682926829
North America,2021-03-28,847466.6341463415,20192.29268292683
North America,2021-09-21,1234290.3170731708,25489.219512195123
North America,2022-10-29,2815336.6829268294,37045.12195121951
North America,2022-11-22,2845577.6829268294,37335.19512195122
North America,2023-05-22,3031847.56097561,39084.0
North America,2024-01-13,3034961.1951219514,40090.41463414634
North America,2024-03-25,3035755.536585366,40533.09756097561
South America,2020-02-18,0.0,0.0
South America,2020-07-14,201726.2857142857,9870.857142857143
South America,2021-05-21,1909891.5,60446.0
South America,2021-11-15,2766535.714285714,83973.71428571429
South America,2021-12-17,2804648.3571428573,84762.78571428571
South America,2022-01-12,2934622.5714285714,85425.07142857143
South America,2022-03-14,3940112.214285714,90589.0
South America,2022-12-28,4751654.642857143,95737.57142857143
South America,2023-02-06,4835195.428571428,96288.64285714286
South America,2023-10-10,4898455.214285715,96600.28571428571
South America,2024-02-27,4910487.857142857,96695.64285714286
Asia,2020-06-10,28165.91489361702,732.0
Asia,2021-08-11,1330391.7291666667,19425.0625
Asia,2021-10-29,1638056.6875,24187.6875
Asia,2022-02-17,2255731.7708333335,27528.791666666668
Asia,2022-12-02,4003783.3333333335,31243.104166666668
Asia,2023-01-27,6079999.0625,32379.458333333332
Asia,2023-12-28,6406071.361702127,34804.744680851065
Asia,2024-03-19,6412432.744680851,34823.87234042553
Europe,2020-01-21,0.0784313725490196,0.058823529411764705
Europe,2020-02-15,1.6470588235294117,0.21568627450980393
Europe,2021-12-04,1407537.5,27917.903846153848
Europe,2022-05-31,3865737.862745098,36715.294117647056
Europe,2022-12-19,4727507.490196078,39263.21568627451
Europe,2023-12-28,4934053.333333333,41041.80392156863
Europe,2024-05-19,4952825.666666667,41190.25490196078
Africa,2020-06-12,3296.9122807017543,106.9298245614035
Africa,2021-01-02,46709.68421052631,1098.842105263158
Africa,2021-02-04,62767.0,1590.017543859649
Africa,2021-04-10,75464.80701754386,1999.578947368421
Africa,2022-01-22,185139.91228070174,4111.298245614035
Africa,2022-01-31,194178.24561403508,4196.350877192983
Africa,2023-02-22,228947.0350877193,4538.982456140351
Africa,2023-08-04,229926.71929824562,4543.929824561404
Africa,2023-09-10,230007.68421052632,4544.175438596491
Africa,2023-11-25,230146.94736842104,4544.736842105263
Africa,2024-02-01,230508.15789473685,4545.333333333333
Africa,2024-06-20,230594.19298245615,4545.684210526316
Africa,2024-07-27,230617.71929824562,4545.912280701755
Oceania,2020-06-18,365.4166666666667,5.666666666666667
Oceania,2020-08-29,1145.9166666666667,27.625
Oceania,2020-10-06,1417.2916666666667,41.708333333333336
Oceania,2020-10-26,1659.5,43.375
Oceania,2020-10-27,1659.5,43.375
Oceania,2021-03-28,2653.9166666666665,51.625
Oceania,2021-06-23,3322.3333333333335,59.333333333333336
Oceania,2021-12-30,22790.416666666668,204.91666666666666
Oceania,2022-09-30,502252.2916666667,873.9583333333334
Oceania,2023-01-25,564382.875,1023.2083333333334
Oceania,2023-02-17,568084.3333333334,1083.625
Oceania,2023-03-11,571315.875,1095.875
Oceania,2023-08-27,601858.9583333334,1235.1666666666667
Oceania,2024-06-02,623476.8333333334,1361.1666666666667
North America,2020-06-05,49887.39024390244,3254.9756097560976
North America,2020-08-05,134837.29268292684,5878.804878048781
North America,2021-03-14,823650.1951219512,19726.829268292684
North America,2021-04-20,889398.1951219512,20772.634146341465
North America,2022-09-13,2762239.7804878047,36582.26829268293
North America,2023-12-01,3034111.5853658537,39781.58536585366
North America,2024-01-14,3035085.7560975607,40156.31707317073
North America,2024-07-14,3036315.024390244,40715.365853658535
South America,2020-10-04,591044.1428571428,22751.35714285714
South America,2020-12-11,820182.1428571428,27856.928571428572
South America,2021-01-24,1086361.5,33177.78571428572
South America,2021-10-30,2737633.0714285714,83409.85714285714
South America,2022-12-25,4751654.642857143,95737.57142857143
South America,2022-12-30,4751654.642857143,95737.57142857143
South America,2023-06-24,4897222.071428572,96589.35714285714
South America,2023-11-04,4899140.785714285,96609.21428571429
South America,2024-04-03,4913761.5,96713.21428571429
South America,2024-05-21,4914220.357142857,96724.14285714286
Asia,2020-08-06,92738.44680851063,2056.404255319149
Asia,2021-01-31,487811.3191489362,7906.340425531915
Asia,2021-06-13,1109862.9791666667,15448.520833333334
Asia,2022-12-05,4032193.8541666665,31297.479166666668
Asia,2023-05-08,6182861.5,33938.1875
Asia,2023-08-30,6253978.020833333,34025.25
Asia,2023-11-10,6266106.5,34073.1875
Europe,2022-01-16,2030916.0961538462,31069.865384615383
Europe,2022-06-22,3934799.098039216,36893.1568627451
Europe,2022-08-19,4291636.333333333,37725.03921568627
Europe,2023-02-03,4788052.549019608,39815.117647058825
Europe,2023-04-21,4860482.549019608,40387.82352941176
Europe,2023-08-19,4884462.490196078,40705.78431372549
Europe,2024-02-08,4944551.549019608,41148.03921568627
Africa,2021-02-28,68835.43859649122,1819.1754385964912
Africa,2022-11-25,227010.73684210525,4529.7192982456145
Africa,2023-08-25,229974.1754385965,4544.122807017544
Africa,2024-01-30,230508.15789473685,4545.333333333333
Oceania,2020-02-02,0.5,0.0
Oceania,2020-06-12,363.0,5.666666666666667
Oceania,2021-01-06,2309.2916666666665,49.875
Oceania,2021-04-19,2864.5,51.833333333333336
Oceania,2021-08-26,6579.625,86.58333333333333
Oceania,2021-11-21,15496.958333333334,189.91666666666666
Oceania,2021-12-09,16563.583333333332,195.91666666666666
Oceania,2022-04-08,233212.45833333334,424.5833333333333
Oceania,2023-09-11,602547.0833333334,1238.9166666666667
Oceania,2023-10-19,604354.2916666666,1253.9166666666667
Oceania,2024-01-26,613098.0416666666,1321.75
North America,2020-09-08,184255.9512195122,7317.048780487805
North America,2020-10-15,229026.75609756098,8338.80487804878
North America,2021-02-25,785952.7073170731,18590.19512195122
North America,2021-07-21,987729.0487804879,22408.414634146342
North America,2021-08-09,1045749.9756097561,22978.51219512195
North America,2021-12-05,1431864.536585366,28899.829268292684
North America,2022-01-24,2028444.219512195,31187.048780487807
North America,2022-04-25,2341918.0975609757,34908.78048780488
North America,2023-04-09,3017661.6097560977,38874.14634146341
North America,2023-05-20,3031618.0,39063.9756097561
North America,2023-07-11,3032411.5853658537,39194.60975609756
South America,2021-02-18,1206864.7142857143,36625.92857142857
South America,2021-10-28,2737633.0714285714,83409.85714285714
South America,2023-01-24,4820602.642857143,96134.0
South America,2023-10-15,4898630.142857143,96602.78571428571
South America,2023-10-16,4898630.142857143,96602.78571428571
Asia,2020-01-30,42.787234042553195,1.1914893617021276
Asia,2020-06-16,33501.46808510638,840.4042553191489
Asia,2021-03-14,540956.3541666666,8497.458333333334
Asia,2022-05-02,3074882.75,29724.041666666668
Asia,2023-02-21,6126599.083333333,33741.208333333336
Asia,2023-12-22,6403939.531914894,34802.765957446805
Asia,2024-03-28,6412549.744680851,34825.65957446808
Europe,2020-08-17,59546.07843137255,4116.588235294118
Europe,2021-03-23,718036.0961538461,17700.69230769231
Europe,2023-03-21,4838520.647058823,40185.490196078434
Europe,2023-03-23,4838520.647058823,40185.490196078434
Europe,2023-05-04,4868231.901960785,40474.509803921566
Europe,2023-06-05,4878653.392156863,40613.56862745098
Europe,2024-01-12,4939501.803921568,41092.549019607846
Europe,2024-04-27,4951424.62745098,41184.27450980392
Africa,2020-03-13,1.4035087719298245,0.08771929824561403
Africa,2020-07-24,12477.245614035088,311.29824561403507
Africa,2021-04-28,79811.22807017544,2110.2982456140353
Africa,2022-12-16,227616.0701754386,4533.578947368421
Africa,2023-08-09,229932.31578947368,4543.9473684210525
Africa,2023-10-06,230059.9649122807,4544.298245614035
Africa,2023-10-24,230091.87719298244,4544.491228070176
Africa,2024-02-03,230508.15789473685,4545.333333333333
Africa,2024-04-16,230562.54385964913,4545.631578947368
Oceania,2020-03-14,3.125,0.16666666666666666
Oceania,2021-02-06,2388.6666666666665,50.875
Oceania,2021-04-06,2732.3333333333335,51.75
Oceania,2021-07-12,3746.0,61.833333333333336
Oceania,2021-08-30,7232.375,94.5
Oceania,2021-10-04,10953.958333333334,137.33333333333334
Oceania,2022-02-11,115021.33333333333,324.5833333333333
Oceania,2022-08-24,485230.9583333333,826.4166666666666
Oceania,2023-01-30,565843.9583333334,1023.2083333333334
Oceania,2023-07-14,599045.8333333334,1218.875
Oceania,2023-10-11,604036.1666666666,1251.4166666666667
Oceania,2024-04-16,621356.4583333334,1353.0416666666667
North America,2020-03-10,14.024390243902438,0.4634146341463415
North America,2020-11-14,291327.7804878049,9297.536585365853
North America,2022-06-18,2469159.2195121953,35408.829268292684
North America,2023-06-16,3032246.8536585364,39137.41463414634
North America,2023-09-19,3032883.7073170734,39421.87804878049
South America,2020-03-31,740.4285714285714,21.357142857142858
South America,2020-05-01,8762.92857142857,575.5
South America,2021-04-26,1728981.5714285714,54160.71428571428
South America,2021-06-30,2321538.8571428573,71539.07142857143
South America,2022-02-28,3856423.8571428573,89763.92857142857
South America,2022-11-22,4622947.5,95314.07142857143
South America,2022-12-18,4721601.071428572,95633.92857142857
South America,2023-04-01,4870471.928571428,96578.85714285714
South America,2023-06-22,4897222.071428572,96589.35714285714
South America,2023-11-22,4900044.642857143,96620.64285714286
Asia,2020-12-28,429593.8510638298,7030.893617021276
Asia,2021-01-03,441180.3404255319,7227.148936170212
Asia,2021-05-10,903867.8333333334,11778.0625
Asia,2021-06-24,1129754.1666666667,15965.479166666666
Asia,2023-12-20,6403939.531914894,34802.765957446805
Asia,2024-02-06,6411342.191489362,34818.425531914894
Asia,2024-02-20,6411751.787234043,34819.936170212764
Asia,2024-05-29,6413497.70212766,34831.44680851064
Europe,2020-11-21,271621.0588235294,6721.666666666667
Europe,2022-06-11,3884341.0,36775.96078431373
Europe,2023-02-26,4816519.196078432,40020.25490196078
Africa,2020-04-20,382.96491228070175,25.894736842105264
Africa,2020-08-30,21816.491228070176,561.1754385964912
Africa,2020-09-29,25644.78947368421,664.5087719298245
Africa,2020-11-10,33036.82456140351,813.8947368421053
Africa,2020-12-06,39748.82456140351,948.8070175438596
Africa,2021-02-19,66179.87719298246,1726.438596491228
Africa,2022-02-05,194178.24561403508,4196.350877192983
Africa,2023-01-05,228094.43859649124,4535.2807017543855
Africa,2023-04-23,229461.54385964913,4541.789473684211
Africa,2024-02-24,230531.91228070174,4545.403508771929
Oceania,2020-04-28,336.5,4.583333333333333
Oceania,2020-09-27,1378.625,40.5
Oceania,2022-03-16,172340.16666666666,390.9583333333333
Oceania,2022-08-25,485230.9583333333,826.4166666666666
Oceania,2022-12-12,538942.7083333334,947.875
Oceania,2023-02-19,569150.75,1088.2083333333333
Oceania,2023-05-18,586981.5,1159.0833333333333
North America,2020-05-24,45236.34146341463,2964.6585365853657
North America,2020-08-12,145966.19512195123,6213.8536585365855
North America,2020-08-30,175217.58536585365,7071.463414634146
North America,2021-05-07,913684.3170731707,21123.658536585364
North America,2021-11-11,1362859.4146341463,27964.536585365855
North America,2022-03-11,2285924.3414634145,34044.95121951219
North America,2022-04-05,2315714.3902439023,34643.92682926829
North America,2023-11-28,3034111.5853658537,39781.58536585366
North America,2024-06-10,3036152.4146341463,40661.21951219512
South America,2020-03-04,0.14285714285714285,0.0
South America,2021-03-24,1423515.2142857143,43174.0
South America,2022-04-11,4025987.714285714,92179.92857142857
South America,2022-08-26,4519190.5,94469.35714285714
South America,2022-09-29,4570573.571428572,94927.71428571429
Asia,2020-02-05,308.82978723404256,7.702127659574468
Asia,2020-03-24,2570.2127659574467,108.74468085106383
Asia,2021-02-18,497222.7708333333,8016.416666666667
Asia,2021-06-02,1056840.375,14158.6875
Asia,2023-05-12,6182861.5,33938.1875
Europe,2021-06-01,895366.5576923077,21333.153846153848
Europe,2021-07-11,941873.9807692308,22090.076923076922
Europe,2021-10-30,1211959.2692307692,25353.71153846154
Europe,2022-02-01,2434854.8846153845,31883.115384615383
Europe,2022-11-14,4628064.68627451,38847.666666666664
Europe,2023-04-23,4864668.156862745,40433.96078431373
Europe,2023-06-22,4880810.019607843,40647.78431372549
Europe,2023-11-08,4905807.156862745,40875.13725490196
Europe,2024-02-23,4946322.05882353,41159.117647058825
Europe,2024-03-25,4949541.196078432,41175.82352941176
Africa,2021-03-12,70078.12280701754,1856.9298245614036
Africa,2022-05-07,212274.68421052632,4453.245614035088
Africa,2023-02-06,228798.57894736843,4538.263157894737
Africa,2023-03-17,229189.2105263158,4539.982456140351
Africa,2023-05-10,229564.57894736843,4542.421052631579
Africa,2024-04-24,230566.1052631579,4545.666666666667
Oceania,2020-03-17,10.833333333333334,0.2916666666666667
Oceania,2020-05-26,356.125,5.625
Oceania,2021-02-26,2422.0,51.25
Oceania,2021-05-14,3009.25,56.666666666666664
Oceania,2021-06-04,3179.0416666666665,58.75
Oceania,2022-01-27,94052.0,268.2916666666667
Oceania,2023-07-16,599567.6666666666,1219.75
North America,2020-04-30,24555.634146341465,1445.1463414634147
North America,2020-08-26,166175.07317073172,6805.804878048781
North America,2021-04-02,847466.6341463415,20192.29268292683
North America,2021-05-08,913684.3170731707,21123.658536585364
North America,2021-05-31,945000.4390243902,21715.70731707317
North America,2022-03-02,2274865.2682926827,33766.46341463415
North America,2022-04-27,2341918.0975609757,34908.78048780488
North America,2022-07-30,2623334.1951219514,35890.19512195122
North America,2023-04-22,3020793.6585365855,38912.0
North America,2024-05-27,3036086.8292682925,40644.73170731707
South America,2020-06-23,122601.21428571429,6788.857142857143
South America,2020-11-13,713231.7857142857,25793.85714285714
South America,2020-12-30,919734.9285714285,29667.428571428572
South America,2021-03-11,1323145.5,40131.28571428572
South America,2021-07-12,2426770.0714285714,74422.28571428571
South America,2021-09-08,2650600.1428571427,81250.35714285714
South America,2022-05-26,4096469.4285714286,92670.14285714286
South America,2022-06-12,4171369.714285714,92912.35714285714
South America,2023-03-08,4855322.071428572,96494.85714285714
South America,2023-05-01,4891778.928571428,96504.07142857143
South America,2023-09-16,4898053.071428572,96594.85714285714
South America,2023-10-24,4898869.571428572,96606.5
Asia,2024-08-09,2.5175579E7,285487.0
Asia,2020-02-29,1658.9148936170213,52.255319148936174
Asia,2020-08-28,134978.55319148937,2719.6170212765956
Asia,2020-10-25,289540.5106382979,4944.510638297872
Asia,2021-02-20,497222.7708333333,8016.416666666667
Asia,2022-08-26,3624351.6666666665,30485.0625
Asia,2023-06-24,6204598.333333333,33986.083333333336
Asia,2023-12-03,6400968.085106383,34799.53191489362
Asia,2024-06-26,6414035.361702127,34833.14893617021
Europe,2020-06-25,41222.901960784315,3742.4313725490197
Europe,2020-09-28,93592.37254901961,4480.921568627451
Europe,2021-03-07,671342.1538461539,16885.71153846154
Europe,2021-03-31,745776.0,18144.5
Europe,2021-07-02,918809.8846153846,21832.76923076923
Europe,2022-02-15,2787789.2884615385,32783.75
Europe,2022-04-09,3552965.3921568627,35679.01960784314
Europe,2022-06-21,3934799.098039216,36893.1568627451
Europe,2023-01-24,4782634.196078432,39759.098039215685
Europe,2023-02-20,4808260.94117647,39969.19607843137
Africa,2020-12-25,44018.45614035088,1039.298245614035
Africa,2021-03-16,71251.77192982456,1891.298245614035
Africa,2021-08-22,133422.26315789475,3332.4561403508774
Africa,2021-10-06,147807.22807017545,3726.4561403508774
Africa,2022-06-14,217426.2105263158,4481.035087719299
Africa,2023-02-17,228878.19298245615,4538.6140350877195
Africa,2023-11-13,230125.0701754386,4544.631578947368
Africa,2024-03-31,230554.87719298244,4545.561403508772
Oceania,2020-08-15,944.8333333333334,17.0
Oceania,2021-05-11,3009.25,56.666666666666664
Oceania,2021-09-15,8640.0,109.45833333333333
Oceania,2022-05-30,354829.0,560.1666666666666
Oceania,2023-06-13,594749.2083333334,1204.4583333333333
Oceania,2024-03-31,620616.4166666666,1348.0416666666667
North America,2020-01-15,0.0,0.0
North America,2021-05-21,932182.6341463415,21445.48780487805
North America,2021-05-23,939152.6829268293,21584.219512195123
North America,2021-06-27,962482.5853658536,22112.585365853658
North America,2022-01-29,2028444.219512195,31187.048780487807
North America,2022-04-26,2341918.0975609757,34908.78048780488
North America,2023-01-12,2928273.7317073173,37875.46341463415
North America,2023-03-19,3005037.536585366,38718.85365853659
North America,2024-06-06,3036126.926829268,40653.19512195122
South America,2021-01-27,1086361.5,33177.78571428572
South America,2022-01-27,3244677.5714285714,86256.5
South America,2023-08-06,4897758.714285715,96592.5
South America,2024-03-03,4911456.785714285,96699.85714285714
South America,2024-06-09,4914349.142857143,96725.92857142857
Asia,2020-10-21,274880.6595744681,4720.510638297872
Asia,2021-02-12,487752.9375,7884.708333333333
Asia,2021-03-31,577647.5416666666,8832.979166666666
Asia,2021-08-09,1330391.7291666667,19425.0625
Asia,2021-11-01,1653585.9583333333,24436.541666666668
Asia,2022-03-21,2758874.7291666665,28892.6875
Asia,2022-05-03,3074882.75,29724.041666666668
Asia,2023-01-30,6096325.25,32382.625
Asia,2023-01-31,6096325.25,32382.625
Asia,2023-10-23,6265161.166666667,34069.125
Asia,2023-10-26,6265161.166666667,34069.125
Asia,2024-05-06,6413143.70212766,34829.574468085106
Asia,2024-06-25,6414035.361702127,34833.14893617021
Europe,2021-04-08,772346.9230769231,18616.30769230769
Europe,2021-04-26,838180.1923076923,20008.75
Europe,2021-05-07,854903.7307692308,20388.634615384617
Europe,2021-09-28,1125188.0,24095.51923076923
Europe,2023-06-18,4880810.019607843,40647.78431372549
Europe,2023-10-21,4899622.647058823,40826.94117647059
Europe,2024-01-26,4942453.039215687,41128.21568627451
Africa,2020-01-07,0.0,0.0
Africa,2020-02-06,0.0,0.0
Africa,2020-08-11,18281.859649122805,449.89473684210526
Africa,2020-11-26,36360.73684210526,876.2631578947369
Africa,2021-05-16,83064.50877192983,2220.2982456140353
Africa,2022-06-24,218273.1052631579,4485.3859649122805
Africa,2024-03-06,230540.15789473685,4545.508771929824
Africa,2024-04-06,230554.87719298244,4545.561403508772
Oceania,2020-06-09,363.0,5.666666666666667
Oceania,2021-01-22,2359.3333333333335,50.541666666666664
Oceania,2021-02-11,2400.125,50.958333333333336
Oceania,2021-03-18,2502.5416666666665,51.583333333333336
Oceania,2021-04-18,2864.5,51.833333333333336
Oceania,2021-05-05,2949.125,55.833333333333336
Oceania,2023-08-25,601505.125,1231.5416666666667
Oceania,2024-05-04,621835.875,1356.2083333333333
Oceania,2024-05-12,622504.375,1358.875
Oceania,2024-07-26,624974.2916666666,1370.0
North America,2020-06-04,49887.39024390244,3254.9756097560976
North America,2020-08-20,156701.48780487804,6524.780487804878
North America,2021-10-18,1319509.780487805,27106.80487804878
North America,2023-04-25,3023756.8536585364,38946.80487804878
North America,2023-07-28,3032474.8048780486,39221.68292682927
North America,2023-11-20,3033960.3414634145,39744.19512195122
North America,2024-05-07,3035952.1219512196,40617.41463414634
South America,2020-05-18,29093.428571428572,2229.1428571428573
South America,2020-08-07,297140.5714285714,13377.214285714286
South America,2021-01-02,919734.9285714285,29667.428571428572
South America,2021-05-24,1977754.5714285714,62447.357142857145
South America,2022-03-13,3940112.214285714,90589.0
South America,2022-04-07,4011756.285714286,92055.28571428571
South America,2022-05-30,4116574.5714285714,92748.92857142857
South America,2023-11-21,4900044.642857143,96620.64285714286
Asia,2020-07-06,53518.936170212764,1300.723404255319
Asia,2020-12-15,401865.5106382979,6606.744680851064
Asia,2021-03-19,540956.3541666666,8497.458333333334
Asia,2021-10-25,1638056.6875,24187.6875
Asia,2022-05-27,3139494.4791666665,29831.916666666668
Asia,2022-05-29,3160820.6041666665,29867.625
Asia,2023-05-23,6192896.125,33959.0625
Asia,2023-10-21,6264691.0,34041.0
Asia,2024-01-21,6410558.595744681,34815.70212765958
Europe,2020-05-08,24558.803921568626,2865.725490196078
Europe,2022-03-04,3065743.843137255,34289.43137254902
Europe,2022-04-14,3622907.8235294116,35880.92156862745
Europe,2022-04-23,3679592.274509804,36060.56862745098
Europe,2022-06-13,3906286.68627451,36834.117647058825
Europe,2022-08-24,4315006.156862745,37817.94117647059
Europe,2023-01-28,4782634.196078432,39759.098039215685
Europe,2023-02-23,4808260.94117647,39969.19607843137
Europe,2023-07-13,4882306.68627451,40675.450980392154
Europe,2023-07-22,4882629.705882353,40681.1568627451
Europe,2024-03-19,4948946.725490196,41172.78431372549
Europe,2024-05-14,4952472.039215687,41189.56862745098
Europe,2024-06-09,4954051.431372549,41196.705882352944
Africa,2020-05-02,549.5087719298245,30.964912280701753
Africa,2020-08-08,16690.280701754386,398.35087719298247
Africa,2021-03-15,71251.77192982456,1891.298245614035
Africa,2021-12-30,169024.8245614035,3995.7017543859647
Africa,2022-03-19,207516.0350877193,4417.0
Africa,2022-11-20,227010.73684210525,4529.7192982456145
Africa,2022-12-17,227616.0701754386,4533.578947368421
Africa,2023-02-15,228878.19298245615,4538.6140350877195
Africa,2023-06-14,229763.66666666666,4543.228070175439
Africa,2024-05-29,230583.9649122807,4545.666666666667
Oceania,2021-12-12,17206.333333333332,199.16666666666666
Oceania,2022-04-03,233212.45833333334,424.5833333333333
Oceania,2022-05-17,327527.8333333333,524.7083333333334
Oceania,2023-07-07,598100.875,1216.25
Oceania,2023-09-22,602874.2083333334,1241.125
Oceania,2024-04-18,621356.4583333334,1353.0416666666667
Oceania,2024-06-30,624387.4166666666,1365.7916666666667
North America,2021-05-02,913684.3170731707,21123.658536585364
North America,2021-10-04,1282670.243902439,26380.024390243903
North America,2021-10-13,1302649.0731707318,26763.60975609756
North America,2021-10-15,1302649.0731707318,26763.60975609756
North America,2023-01-02,2915000.2926829266,37792.243902439026
South America,2021-09-18,2663283.5714285714,81583.71428571429
South America,2022-01-17,3069141.0,85754.92857142857
South America,2022-11-24,4622947.5,95314.07142857143
South America,2022-12-13,4685056.142857143,95519.78571428571
South America,2023-08-22,4897867.428571428,96593.35714285714
South America,2024-01-19,4903907.714285715,96656.21428571429
Asia,2021-01-28,476816.21276595746,7735.829787234043
Asia,2021-04-24,693491.8125,9691.458333333334
Asia,2021-06-18,1109862.9791666667,15448.520833333334
Asia,2021-11-21,1694972.2083333333,25063.520833333332
Asia,2022-02-09,2169936.0,27210.041666666668
Asia,2022-06-15,3196403.1666666665,29944.666666666668
Asia,2022-08-25,3624351.6666666665,30485.0625
Asia,2022-09-15,3753637.5,30743.166666666668
Asia,2022-12-23,4347785.833333333,31458.3125
Asia,2023-06-19,6204598.333333333,33986.083333333336
Europe,2021-01-28,566577.1176470588,14061.725490196079
Europe,2021-06-15,906883.4038461539,21599.096153846152
Europe,2022-09-08,4359168.588235294,37976.666666666664
Europe,2023-11-15,4908306.607843137,40894.98039215686
Europe,2024-01-01,4937236.176470588,41067.60784313725
Europe,2024-03-11,4948342.470588235,41169.56862745098
Europe,2024-03-13,4948342.470588235,41169.56862745098
Africa,2020-09-22,24706.543859649122,638.1754385964912
Africa,2020-12-21,44018.45614035088,1039.298245614035
Africa,2021-01-26,60393.98245614035,1489.2456140350878
Africa,2021-02-11,64655.54385964912,1665.1929824561403
Africa,2021-03-04,68835.43859649122,1819.1754385964912
Africa,2022-05-25,215505.19298245615,4468.105263157895
Africa,2022-06-07,216811.1403508772,4477.0
Africa,2022-07-12,220867.61403508772,4497.228070175439
Africa,2023-02-05,228798.57894736843,4538.263157894737
Africa,2023-02-25,228947.0350877193,4538.982456140351
Africa,2023-08-06,229932.31578947368,4543.9473684210525
Africa,2024-04-23,230566.1052631579,4545.666666666667
Oceania,2022-09-12,497808.4166666667,859.7916666666666
Oceania,2023-09-27,603196.0416666666,1243.5
Oceania,2024-02-18,615297.1666666666,1335.0833333333333
Oceania,2024-02-25,615831.375,1337.3333333333333
Oceania,2024-03-10,616797.9583333334,1342.2083333333333
North America,2020-05-16,35285.85365853659,2280.048780487805
North America,2020-07-10,83458.12195121951,4574.951219512195
North America,2020-08-18,156701.48780487804,6524.780487804878
North America,2021-09-01,1139556.5853658537,24089.463414634145
North America,2022-05-16,2386009.3658536584,35130.439024390245
North America,2022-11-15,2837874.3170731706,37270.829268292684
North America,2022-12-08,2862897.463414634,37463.39024390244
North America,2023-01-01,2915000.2926829266,37792.243902439026
North America,2023-07-26,3032474.8048780486,39221.68292682927
North America,2023-10-26,3033445.2195121953,39603.31707317073
North America,2024-07-15,3036315.024390244,40715.365853658535
South America,2020-03-03,0.14285714285714285,0.0
South America,2020-05-02,8762.92857142857,575.5
South America,2022-01-18,3069141.0,85754.92857142857
South America,2022-05-04,4057282.5,92459.71428571429
South America,2023-02-14,4840970.5,96336.14285714286
South America,2023-05-10,4894853.428571428,96538.0
Asia,2020-04-20,7823.31914893617,305.3829787234043
Asia,2021-01-18,465725.25531914894,7569.893617021276
Asia,2021-02-05,487811.3191489362,7906.340425531915
Asia,2021-02-16,497222.7708333333,8016.416666666667
Asia,2021-04-02,577647.5416666666,8832.979166666666
Asia,2021-04-07,604429.125,9039.666666666666
Asia,2021-05-03,831544.4583333334,10983.0
Asia,2021-08-04,1291387.4791666667,18755.666666666668
Asia,2022-10-15,3848465.1458333335,30931.291666666668
Asia,2023-01-16,6045762.583333333,32374.895833333332
Asia,2023-05-17,6188234.875,33949.333333333336
Asia,2023-09-08,6259617.354166667,34028.020833333336
Asia,2024-06-28,6414035.361702127,34833.14893617021
Europe,2021-03-13,671342.1538461539,16885.71153846154
Europe,2021-08-10,1009570.75,22662.71153846154
Europe,2021-09-14,1093512.7115384615,23637.80769230769
Europe,2021-11-11,1275739.4038461538,26285.78846153846
Europe,2023-05-24,4875152.62745098,40567.01960784314
Europe,2024-06-12,4954051.431372549,41196.705882352944
Africa,2020-04-05,162.26315789473685,10.157894736842104
Africa,2020-04-12,255.96491228070175,16.385964912280702
Africa,2020-06-25,5307.964912280701,171.2280701754386
Africa,2020-09-13,23767.122807017542,615.1052631578947
Africa,2021-02-06,62767.0,1590.017543859649
Africa,2021-09-05,140411.28070175438,3512.7368421052633
Africa,2022-06-27,219086.45614035087,4489.771929824561
Africa,2022-09-24,225633.28070175438,4522.140350877193
Africa,2022-11-14,226777.80701754385,4528.771929824561
Africa,2023-08-14,229965.64912280702,4544.070175438596
Oceania,2020-04-18,315.375,3.0
Oceania,2021-08-19,5823.75,79.95833333333333
Oceania,2022-10-26,511082.5833333333,891.5
Oceania,2023-06-28,597532.8333333334,1216.25
Oceania,2023-10-21,604354.2916666666,1253.9166666666667
Oceania,2024-06-24,624043.9583333334,1364.75
North America,2020-05-10,35285.85365853659,2280.048780487805
North America,2020-12-26,497569.1219512195,12113.024390243903
North America,2021-04-23,889398.1951219512,20772.634146341465
North America,2021-05-19,932182.6341463415,21445.48780487805
North America,2023-10-24,3033445.2195121953,39603.31707317073
South America,2020-04-11,1605.5714285714287,67.64285714285714
South America,2021-03-18,1372020.0,41533.21428571428
South America,2021-09-23,2674668.0,81961.14285714286
South America,2022-04-18,4037633.5,92276.78571428571
South America,2022-05-29,4116574.5714285714,92748.92857142857
South America,2022-09-21,4564571.857142857,94865.78571428571
South America,2024-01-03,4901718.071428572,96638.85714285714
South America,2024-05-23,4914220.357142857,96724.14285714286
Asia,2020-01-16,0.9574468085106383,0.02127659574468085
Asia,2020-07-12,61415.48936170213,1464.7659574468084
Asia,2021-04-23,693491.8125,9691.458333333334
Asia,2021-09-14,1511449.1875,22458.1875
Asia,2021-10-01,1564189.2708333333,23235.458333333332
Asia,2021-12-22,1744034.6458333333,25890.625
Asia,2022-02-24,2337782.3333333335,27813.791666666668
Asia,2022-04-13,2986409.9375,29453.541666666668
Asia,2022-07-29,3361010.9166666665,30165.4375
Europe,2020-09-01,67696.11764705883,4210.333333333333
Europe,2021-04-18,818223.5576923077,19571.134615384617
Europe,2021-11-03,1242554.4807692308,25793.846153846152
Europe,2022-03-08,3155881.294117647,34642.94117647059
Europe,2022-05-13,3796729.843137255,36464.03921568627
Europe,2024-07-09,4956042.117647059,41210.07843137255
Africa,2020-01-21,0.0,0.0
Africa,2021-01-07,49602.9649122807,1174.0526315789473
Africa,2021-06-13,89197.36842105263,2364.754385964912
Africa,2024-01-22,230497.19298245615,4545.298245614035
Oceania,2020-06-28,383.2916666666667,5.708333333333333
Oceania,2020-10-25,1659.5,43.375
Oceania,2023-11-30,607573.75,1279.5
Oceania,2024-02-29,615831.375,1337.3333333333333
North America,2020-12-15,456379.60975609755,11488.414634146342
North America,2021-02-20,772024.1219512195,18081.414634146342
North America,2021-07-17,977953.756097561,22294.756097560974
North America,2021-07-22,987729.0487804879,22408.414634146342
North America,2022-07-29,2623334.1951219514,35890.19512195122
North America,2022-08-24,2715912.463414634,36311.365853658535
North America,2022-10-07,2792501.463414634,36823.365853658535
North America,2022-11-05,2822557.3170731706,37131.78048780488
North America,2023-01-03,2915000.2926829266,37792.243902439026
North America,2023-04-18,3020793.6585365855,38912.0
North America,2023-05-02,3026404.048780488,38978.439024390245
North America,2023-10-14,3033218.8048780486,39532.68292682927
North America,2023-10-30,3033567.1707317075,39637.46341463415
North America,2024-03-10,3035676.463414634,40485.0243902439
North America,2024-04-29,3035915.4146341463,40606.34146341463
South America,2020-01-30,0.0,0.0
South America,2020-03-10,5.0,0.14285714285714285
South America,2020-09-04,441993.5,17981.35714285714
South America,2021-03-31,1480967.5,44957.5
South America,2021-11-30,2785874.785714286,84371.42857142857
South America,2024-02-06,4907622.357142857,96679.78571428571
South America,2024-03-26,4913515.071428572,96710.78571428571
Asia,2020-02-16,1464.936170212766,37.638297872340424
Asia,2020-11-10,318149.89361702127,5388.063829787234
Asia,2022-01-04,1768821.9375,26225.458333333332
Asia,2022-01-22,1876834.9375,26524.854166666668
Asia,2022-12-25,5225753.0625,31643.020833333332
Asia,2023-03-16,6142655.333333333,33814.041666666664
Asia,2023-04-01,6150930.854166667,33848.6875
Asia,2023-10-07,6263730.229166667,34036.270833333336
Asia,2024-02-13,6411572.255319149,34818.936170212764
Asia,2024-04-28,6413017.489361702,34828.78723404255
Europe,2020-04-03,7438.254901960784,570.6078431372549
Europe,2020-11-12,236609.0,6079.137254901961
Europe,2021-03-12,671342.1538461539,16885.71153846154
Europe,2022-05-16,3825245.725490196,36562.17647058824
Europe,2022-10-29,4573408.431372549,38585.23529411765
Africa,2020-03-09,1.4035087719298245,0.08771929824561403
Africa,2020-05-06,771.9824561403509,37.73684210526316
Africa,2020-11-22,36360.73684210526,876.2631578947369
Africa,2023-12-21,230354.24561403508,4544.929824561404
Africa,2024-02-23,230531.91228070174,4545.403508771929
Oceania,2020-05-22,352.4583333333333,5.458333333333333
Oceania,2020-09-30,1378.625,40.5
Oceania,2021-03-21,2570.8333333333335,51.625
Oceania,2021-09-04,7232.375,94.5
Oceania,2021-10-11,11781.416666666666,146.45833333333334
Oceania,2022-03-24,191290.20833333334,399.7916666666667
Oceania,2022-05-14,310299.2083333333,505.0833333333333
Oceania,2022-11-18,518661.4583333333,908.3333333333334
Oceania,2024-03-29,617363.4166666666,1346.0416666666667
North America,2020-05-14,35285.85365853659,2280.048780487805
North America,2020-11-09,291327.7804878049,9297.536585365853
North America,2021-07-16,977953.756097561,22294.756097560974
North America,2022-02-24,2259992.975609756,33380.65853658537
North America,2022-08-15,2697305.7073170734,36211.9756097561
North America,2023-07-06,3032384.3170731706,39182.170731707316
North America,2023-11-29,3034111.5853658537,39781.58536585366
North America,2024-04-25,3035880.5853658537,40595.170731707316
North America,2024-06-25,3036206.024390244,40681.26829268293
North America,2024-06-26,3036206.024390244,40681.26829268293
North America,2024-07-03,3036239.073170732,40691.58536585366
South America,2020-02-15,0.0,0.0
South America,2020-12-12,820182.1428571428,27856.928571428572
South America,2021-03-06,1281299.2857142857,38869.92857142857
South America,2021-09-15,2663283.5714285714,81583.71428571429
South America,2021-11-01,2747384.6428571427,83632.0
South America,2022-01-24,3244677.5714285714,86256.5
South America,2022-02-01,3428291.785714286,86919.78571428571
South America,2022-09-13,4556877.214285715,94793.28571428571
South America,2023-01-27,4820602.642857143,96134.0
South America,2023-06-06,4897085.0,96587.42857142857
South America,2023-12-08,4900672.285714285,96628.28571428571
South America,2024-01-12,4902841.142857143,96646.14285714286
South America,2024-01-22,4905041.857142857,96664.21428571429
Asia,2020-01-05,0.02127659574468085,0.0
Asia,2020-02-21,1464.936170212766,37.638297872340424
Asia,2020-11-29,366363.40425531915,6129.893617021276
Asia,2020-12-21,416868.57446808513,6822.978723404255
Asia,2022-05-24,3139494.4791666665,29831.916666666668
Asia,2022-08-09,3500760.5,30302.5625
Asia,2022-08-14,3562814.125,30390.458333333332
Asia,2022-09-21,3784630.3541666665,30801.208333333332
Asia,2022-11-02,3903453.625,31040.145833333332
Asia,2022-12-18,4347785.833333333,31458.3125
Asia,2024-07-05,6414235.744680851,34833.617021276594
Europe,2020-04-08,11354.666666666666,1096.862745098039
Europe,2020-04-09,11354.666666666666,1096.862745098039
Europe,2020-06-05,34867.333333333336,3510.3137254901962
Europe,2021-01-22,539167.9607843137,13270.70588235294
Europe,2021-04-12,795786.8076923077,19103.75
Europe,2022-04-24,3726808.294117647,36215.686274509804
Europe,2023-02-13,4800621.31372549,39917.03921568627
Europe,2023-03-19,4838520.647058823,40185.490196078434
Europe,2023-11-24,4911401.862745098,40915.0
Europe,2024-04-03,4950066.803921568,41178.13725490196
Europe,2024-07-06,4955485.0784313725,41206.705882352944
Africa,2020-11-20,34689.80701754386,843.438596491228
Africa,2021-09-19,144980.75438596492,3635.0526315789475
Africa,2023-05-26,229656.8947368421,4542.824561403509
Oceania,2021-04-02,2653.9166666666665,51.625
Oceania,2021-08-28,6579.625,86.58333333333333
Oceania,2022-01-06,34992.166666666664,209.66666666666666
Oceania,2022-02-06,115021.33333333333,324.5833333333333
Oceania,2023-01-29,565843.9583333334,1023.2083333333334
Oceania,2023-07-02,598100.875,1216.25
Oceania,2023-12-11,608876.5416666666,1294.9583333333333
North America,2020-02-10,0.6585365853658537,0.0
North America,2020-10-11,229026.75609756098,8338.80487804878
North America,2021-08-16,1074407.1219512196,23278.756097560974
North America,2022-04-04,2315714.3902439023,34643.92682926829
North America,2023-04-11,3017661.6097560977,38874.14634146341
South America,2020-07-21,229009.57142857142,11052.142857142857
South America,2020-12-25,886131.8571428572,29038.64285714286
South America,2021-01-12,991754.4285714285,31165.785714285714
South America,2021-02-14,1206864.7142857143,36625.92857142857
South America,2021-11-18,2766535.714285714,83973.71428571429
South America,2022-04-05,4011756.285714286,92055.28571428571
South America,2023-07-22,4897574.142857143,96591.28571428571
South America,2024-03-28,4913515.071428572,96710.78571428571
Asia,2020-11-30,366363.40425531915,6129.893617021276
Asia,2021-07-17,1195145.6666666667,17100.1875
Asia,2022-10-17,3866508.2083333335,30965.625
Asia,2023-02-13,6119179.291666667,33702.645833333336
Asia,2023-03-13,6142655.333333333,33814.041666666664
Asia,2023-05-10,6182861.5,33938.1875
Asia,2023-09-16,6262659.625,34032.479166666664
Asia,2024-01-17,6409891.808510638,34813.78723404255
Asia,2024-01-19,6409891.808510638,34813.78723404255
Asia,2024-06-17,6413901.29787234,34832.70212765958
Europe,2020-08-20,59546.07843137255,4116.588235294118
Europe,2021-04-27,838180.1923076923,20008.75
Europe,2021-11-18,1314159.1538461538,26810.923076923078
Europe,2022-04-18,3679592.274509804,36060.56862745098
Europe,2022-05-12,3796729.843137255,36464.03921568627
Europe,2022-11-10,4612586.019607843,38771.333333333336
Europe,2023-05-09,4871116.549019608,40511.41176470588
Europe,2023-09-20,4890498.843137255,40760.41176470588
Europe,2024-01-27,4942453.039215687,41128.21568627451
Africa,2020-02-23,0.017543859649122806,0.0
Africa,2020-02-24,0.017543859649122806,0.0
Africa,2020-07-12,10269.105263157895,277.0
Africa,2021-06-10,87115.40350877192,2325.40350877193
Africa,2021-09-08,140411.28070175438,3512.7368421052633
Africa,2022-07-24,222751.15789473685,4505.7192982456145
Africa,2022-08-28,224976.70175438595,4518.491228070176
Africa,2023-03-15,229189.2105263158,4539.982456140351
Africa,2023-08-03,229926.71929824562,4543.929824561404
Africa,2023-08-30,229980.98245614034,4544.1578947368425
Africa,2024-05-20,230579.94736842104,4545.666666666667
Oceania,2020-06-17,365.4166666666667,5.666666666666667
Oceania,2020-07-05,415.3333333333333,5.75
Oceania,2022-01-16,79223.20833333333,239.0
Oceania,2022-03-02,141745.5,374.5416666666667
Oceania,2022-04-30,281477.9583333333,471.75
Oceania,2023-01-23,564382.875,1023.2083333333334
Oceania,2023-08-10,600718.0,1225.5416666666667
North America,2020-03-19,108.09756097560975,1.7560975609756098
North America,2021-10-26,1334089.0,27450.414634146342
North America,2022-05-17,2386009.3658536584,35130.439024390245
North America,2022-12-05,2862897.463414634,37463.39024390244
South America,2020-10-12,617972.3571428572,23502.571428571428
South America,2021-02-26,1241859.5714285714,37737.71428571428
South America,2021-04-09,1539719.2857142857,47165.142857142855
South America,2021-08-13,2569713.8571428573,78996.0
South America,2022-03-01,3856423.8571428573,89763.92857142857
South America,2023-08-01,4897701.714285715,96592.21428571429
South America,2023-09-13,4898053.071428572,96594.85714285714
South America,2023-09-19,4898125.0,96595.42857142857
South America,2024-04-07,4913918.071428572,96715.35714285714
Asia,2020-11-02,303331.3829787234,5155.234042553191
Asia,2021-05-22,965919.6875,12584.979166666666
Asia,2021-08-26,1407136.1666666667,20774.895833333332
Asia,2021-11-14,1682023.0,24859.916666666668
Asia,2023-05-02,6177075.291666667,33922.708333333336
Asia,2023-10-29,6265642.479166667,34070.666666666664
Europe,2020-12-07,358719.70588235295,8928.35294117647
Europe,2021-05-27,888344.2692307692,21161.30769230769
Europe,2021-06-23,912314.6538461539,21708.903846153848
Europe,2022-10-30,4595959.666666667,38687.60784313725
Europe,2023-06-06,4878653.392156863,40613.56862745098
Europe,2023-08-27,4886094.098039215,40724.901960784315
Europe,2023-09-10,4888671.31372549,40746.901960784315
Africa,2020-05-04,771.9824561403509,37.73684210526316
Africa,2020-05-25,1935.3859649122808,63.29824561403509
Africa,2020-09-12,22796.526315789473,589.7017543859649
Africa,2020-11-15,34689.80701754386,843.438596491228
Africa,2021-07-11,104929.40350877192,2665.157894736842
Africa,2021-12-12,158826.19298245615,3953.6666666666665
Africa,2022-09-26,225766.38596491228,4522.894736842105
Africa,2022-10-02,225891.22807017545,4523.6140350877195
Africa,2022-11-18,226777.80701754385,4528.771929824561
Africa,2023-03-06,229114.54385964913,4539.6140350877195
Oceania,2020-04-30,336.5,4.583333333333333
Oceania,2020-08-18,1056.5,22.75
Oceania,2021-02-10,2400.125,50.958333333333336
Oceania,2021-12-22,18573.791666666668,201.83333333333334
Oceania,2022-07-05,396534.0,650.7916666666666
Oceania,2023-02-27,570212.3333333334,1092.2916666666667
Oceania,2023-07-30,600359.6666666666,1221.3333333333333
Oceania,2023-08-12,600718.0,1225.5416666666667
Oceania,2023-12-13,608876.5416666666,1294.9583333333333
Oceania,2024-02-19,615297.1666666666,1335.0833333333333
Oceania,2024-03-13,616797.9583333334,1342.2083333333333
North America,2021-09-29,1260151.731707317,25944.90243902439
North America,2022-11-21,2845577.6829268294,37335.19512195122
North America,2023-09-28,3032984.1707317075,39458.12195121951
North America,2024-04-15,3035849.0975609757,40582.34146341463
South America,2021-01-20,1039460.5,32116.5
South America,2021-06-28,2321538.8571428573,71539.07142857143
South America,2021-10-15,2718931.0714285714,82951.5
South America,2022-06-22,4199945.214285715,93004.85714285714
South America,2022-12-17,4685056.142857143,95519.78571428571
South America,2022-12-23,4721601.071428572,95633.92857142857
South America,2023-11-06,4899413.714285715,96613.21428571429
Asia,2020-01-14,0.9574468085106383,0.02127659574468085
Asia,2021-02-24,506764.1041666667,8139.708333333333
Asia,2021-05-28,1016686.9166666666,13411.520833333334
Asia,2021-05-30,1056840.375,14158.6875
Asia,2022-09-23,3784630.3541666665,30801.208333333332
Asia,2023-04-15,6159385.854166667,33875.291666666664
Asia,2023-06-10,6199834.25,33973.6875
Asia,2023-07-24,6221301.041666667,34001.1875
Asia,2023-09-09,6259617.354166667,34028.020833333336
Europe,2020-03-20,1109.4901960784314,44.03921568627451
Europe,2020-08-27,63349.490196078434,4161.294117647059
Europe,2021-10-13,1162021.4423076923,24642.98076923077
Europe,2021-10-27,1211959.2692307692,25353.71153846154
Europe,2022-01-31,2434854.8846153845,31883.115384615383
Europe,2023-07-01,4881548.039215687,40659.76470588235
Europe,2024-05-25,4952825.666666667,41190.25490196078
Africa,2020-01-15,0.0,0.0
Africa,2020-11-07,31536.280701754386,780.9298245614035
Africa,2022-02-06,197809.28070175438,4242.122807017544
Africa,2022-03-04,205105.52631578947,4373.0526315789475
Africa,2022-06-13,217426.2105263158,4481.035087719299
Africa,2022-12-04,227464.35087719298,4531.6140350877195
Africa,2023-03-01,228998.8596491228,4539.298245614035
Africa,2023-03-27,229324.94736842104,4540.7192982456145
Africa,2024-01-28,230508.15789473685,4545.333333333333
Africa,2024-03-10,230542.08771929826,4545.508771929824
Africa,2024-07-26,230617.71929824562,4545.912280701755
Africa,2024-07-29,230620.0701754386,4545.912280701755
Oceania,2020-08-22,1056.5,22.75
Oceania,2021-08-27,6579.625,86.58333333333333
Oceania,2021-11-05,13926.333333333334,170.29166666666666
Oceania,2022-01-15,59726.583333333336,219.5
Oceania,2022-10-10,506719.7916666667,883.9583333333334
Oceania,2023-04-20,580039.6666666666,1128.6666666666667
Oceania,2024-06-28,624043.9583333334,1364.75
North America,2020-03-07,2.292682926829268,0.024390243902439025
North America,2020-04-03,3312.5365853658536,54.51219512195122
North America,2020-11-18,318591.26829268294,9619.585365853658
North America,2021-06-03,945000.4390243902,21715.70731707317
North America,2022-03-16,2294238.6341463416,34286.31707317073
North America,2023-01-14,2928273.7317073173,37875.46341463415
North America,2023-02-26,2989315.7073170734,38553.12195121951
North America,2023-07-24,3032474.8048780486,39221.68292682927
North America,2023-10-11,3033218.8048780486,39532.68292682927
South America,2020-03-27,227.85714285714286,4.714285714285714
South America,2020-09-26,535413.0714285715,21163.714285714286
South America,2021-11-10,2756280.1428571427,83800.71428571429
South America,2021-11-24,2776017.285714286,84177.64285714286
South America,2021-11-26,2776017.285714286,84177.64285714286
South America,2022-03-24,3970685.214285714,90846.57142857143
South America,2022-04-02,3994310.8571428573,91860.07142857143
South America,2023-02-08,4835195.428571428,96288.64285714286
South America,2023-08-15,4897815.142857143,96592.92857142857
South America,2023-12-26,4901428.0,96637.14285714286
South America,2024-07-20,4914668.785714285,96727.21428571429
Asia,2020-05-19,16466.31914893617,517.531914893617
Asia,2021-06-20,1129754.1666666667,15965.479166666666
Asia,2023-11-13,6266568.541666667,34074.666666666664
Asia,2024-01-02,6407689.617021277,34807.04255319149
Europe,2020-07-19,48744.294117647056,3939.1960784313724
Europe,2021-02-27,632798.8653846154,16097.846153846154
Europe,2021-03-01,651477.5576923077,16499.46153846154
Europe,2022-10-16,4542166.607843137,38469.58823529412
Europe,2023-06-07,4878653.392156863,40613.56862745098
Europe,2024-05-23,4952825.666666667,41190.25490196078
Africa,2020-03-03,0.05263157894736842,0.0
Africa,2020-10-02,25644.78947368421,664.5087719298245
Africa,2021-03-26,72677.26315789473,1932.5087719298247
Africa,2022-05-22,215505.19298245615,4468.105263157895
Africa,2024-01-23,230497.19298245615,4545.298245614035
Africa,2024-05-16,230577.1052631579,4545.666666666667
Africa,2024-06-19,230594.19298245615,4545.684210526316
Oceania,2021-06-16,3267.375,58.875
Oceania,2021-11-14,14969.041666666666,182.0
Oceania,2021-12-15,17206.333333333332,199.16666666666666
Oceania,2023-05-09,585181.5416666666,1151.8333333333333
Oceania,2023-11-05,605591.6666666666,1264.0833333333333
Oceania,2024-02-07,614260.5416666666,1328.0833333333333
Oceania,2024-03-26,617363.4166666666,1346.0416666666667
Oceania,2024-05-31,623212.0,1360.875
North America,2020-05-21,40226.60975609756,2638.121951219512
North America,2020-08-23,166175.07317073172,6805.804878048781
North America,2021-01-25,698449.6585365854,15842.292682926829
North America,2021-06-15,953986.8780487805,21929.09756097561
North America,2021-12-24,1477734.6585365853,29397.585365853658
North America,2023-12-11,3034385.3414634145,39872.95121951219
South America,2020-01-11,0.0,0.0
South America,2020-10-21,642102.3571428572,24146.35714285714
South America,2021-07-11,2426770.0714285714,74422.28571428571
South America,2021-12-13,2804648.3571428573,84762.78571428571
South America,2022-10-04,4576625.071428572,94973.14285714286
South America,2023-02-01,4828263.857142857,96205.07142857143
South America,2023-06-26,4897318.428571428,96590.07142857143
South America,2023-07-24,4897641.5,96592.07142857143
South America,2023-08-05,4897701.714285715,96592.21428571429
South America,2023-08-10,4897758.714285715,96592.5
South America,2023-08-23,4897867.428571428,96593.35714285714
South America,2023-11-11,4899413.714285715,96613.21428571429
South America,2023-12-28,4901428.0,96637.14285714286
South America,2024-07-09,4914592.285714285,96727.07142857143
Asia,2020-01-20,2.8297872340425534,0.06382978723404255
Asia,2020-07-11,53518.936170212764,1300.723404255319
Asia,2020-08-16,120403.85106382979,2493.531914893617
Asia,2020-08-27,134978.55319148937,2719.6170212765956
Asia,2021-07-18,1224422.1875,17559.5625
Asia,2021-11-16,1682023.0,24859.916666666668
Asia,2022-04-04,2931073.3333333335,29325.3125
Asia,2022-04-23,3025937.75,29545.354166666668
Asia,2022-09-06,3723463.625,30673.791666666668
Asia,2022-09-28,3810460.125,30852.479166666668
Asia,2022-12-03,4003783.3333333335,31243.104166666668
Asia,2023-03-25,6147262.916666667,33833.1875
Asia,2023-04-13,6159385.854166667,33875.291666666664
Europe,2020-01-27,0.17647058823529413,0.11764705882352941
Europe,2020-04-25,18404.666666666668,2164.372549019608
Europe,2020-05-18,30259.901960784315,3264.3529411764707
Europe,2020-12-08,358719.70588235295,8928.35294117647
Europe,2021-05-02,854903.7307692308,20388.634615384617
Europe,2023-01-05,4759594.470588235,39492.76470588235
Europe,2023-06-29,4881548.039215687,40659.76470588235
Europe,2023-12-27,4934053.333333333,41041.80392156863
Africa,2020-01-22,0.0,0.0
Africa,2020-09-07,22796.526315789473,589.7017543859649
Africa,2021-05-17,83064.50877192983,2220.2982456140353
Africa,2021-09-06,140411.28070175438,3512.7368421052633
Africa,2022-01-21,185139.91228070174,4111.298245614035
Africa,2023-01-16,228396.57894736843,4536.087719298245
Africa,2023-02-13,228878.19298245615,4538.6140350877195
Africa,2023-06-20,229803.61403508772,4543.456140350877
Africa,2023-10-28,230091.87719298244,4544.491228070176
Oceania,2020-01-17,0.0,0.0
Oceania,2022-01-13,59726.583333333336,219.5
Oceania,2022-01-18,79223.20833333333,239.0
Oceania,2023-05-03,583519.0833333334,1142.2916666666667
Oceania,2024-01-08,611662.3333333334,1309.4166666666667
Oceania,2024-02-04,614260.5416666666,1328.0833333333333
Oceania,2024-06-29,624043.9583333334,1364.75
North America,2020-07-18,94938.26829268293,4861.8536585365855
North America,2020-09-12,184255.9512195122,7317.048780487805
North America,2020-12-18,456379.60975609755,11488.414634146342
North America,2021-03-16,823650.1951219512,19726.829268292684
North America,2021-03-18,823650.1951219512,19726.829268292684
North America,2022-04-22,2331814.975609756,34832.58536585366
North America,2022-11-04,2822557.3170731706,37131.78048780488
North America,2022-12-01,2854033.951219512,37409.39024390244
North America,2023-01-28,2950088.463414634,38107.365853658535
South America,2020-05-29,42037.78571428572,3026.714285714286
South America,2020-09-20,535413.0714285715,21163.714285714286
South America,2021-07-04,2377626.6428571427,73074.57142857143
South America,2023-03-27,4870471.928571428,96578.85714285714
Asia,2020-05-11,13735.787234042553,464.1276595744681
Asia,2020-07-30,80458.97872340426,1858.8297872340424
Asia,2021-01-06,441180.3404255319,7227.148936170212
Asia,2021-10-04,1585439.625,23526.125
Asia,2021-12-12,1732713.375,25717.229166666668
Asia,2022-03-01,2424726.625,28094.625
Asia,2022-04-16,2986409.9375,29453.541666666668
Asia,2022-10-10,3848465.1458333335,30931.291666666668
Asia,2023-02-20,6126599.083333333,33741.208333333336
Asia,2023-09-10,6262659.625,34032.479166666664
Asia,2023-12-06,6400968.085106383,34799.53191489362
Europe,2021-02-17,615920.5,15649.75
Europe,2022-03-05,3065743.843137255,34289.43137254902
Europe,2022-05-10,3796729.843137255,36464.03921568627
Europe,2022-11-19,4628064.68627451,38847.666666666664
Europe,2023-09-12,4888671.31372549,40746.901960784315
Africa,2020-04-21,382.96491228070175,25.894736842105264
Africa,2020-06-21,5307.964912280701,171.2280701754386
Africa,2020-07-01,6648.228070175439,209.71929824561403
Africa,2021-09-27,146594.73684210525,3684.1403508771928
Africa,2023-01-20,228396.57894736843,4536.087719298245
Africa,2023-04-05,229356.22807017545,4540.964912280701
Africa,2023-10-23,230091.87719298244,4544.491228070176
Oceania,2020-03-15,10.833333333333334,0.2916666666666667
Oceania,2020-09-06,1275.9166666666667,34.625
Oceania,2020-10-02,1378.625,40.5
Oceania,2020-10-13,1468.7083333333333,42.333333333333336
Oceania,2020-11-17,1987.5833333333333,45.791666666666664
Oceania,2021-03-25,2570.8333333333335,51.625
Oceania,2021-04-14,2805.5,51.75
Oceania,2021-05-30,3179.0416666666665,58.75
Oceania,2022-07-28,439523.4583333333,733.25
Oceania,2022-08-09,467999.3333333333,787.5833333333334
Oceania,2023-03-25,573957.0,1104.4583333333333
Oceania,2024-02-03,613723.625,1325.0416666666667
Oceania,2024-02-27,615831.375,1337.3333333333333
Oceania,2024-05-02,621835.875,1356.2083333333333
Oceania,2024-06-22,623890.1666666666,1363.2083333333333
North America,2023-01-07,2915000.2926829266,37792.243902439026
North America,2023-01-22,2950088.463414634,38107.365853658535
North America,2023-11-08,3033689.048780488,39670.09756097561
North America,2024-03-04,3035633.3658536584,40456.58536585366
North America,2024-06-08,3036126.926829268,40653.19512195122
North America,2024-08-04,3036406.487804878,40760.439024390245
South America,2020-04-13,3313.785714285714,173.42857142857142
South America,2021-06-10,2115216.214285714,66133.42857142857
South America,2021-12-06,2795455.0714285714,84581.78571428571
South America,2022-08-04,4442886.214285715,93970.14285714286
South America,2023-04-29,4888354.071428572,96475.71428571429
South America,2023-06-11,4897149.428571428,96588.5
South America,2023-11-05,4899413.714285715,96613.21428571429
South America,2024-07-13,4914592.285714285,96727.07142857143
Asia,2020-02-28,1658.9148936170213,52.255319148936174
Asia,2020-04-27,9731.212765957447,360.0425531914894
Asia,2020-06-30,46053.87234042553,1146.2978723404256
Asia,2020-11-26,348651.89361702127,5871.553191489362
Asia,2021-02-10,498128.9574468085,8052.468085106383
Asia,2021-04-10,604429.125,9039.666666666666
Asia,2021-08-05,1291387.4791666667,18755.666666666668
Asia,2022-09-19,3784630.3541666665,30801.208333333332
Asia,2022-10-07,3830812.7916666665,30892.958333333332
Asia,2023-06-21,6204598.333333333,33986.083333333336
Asia,2024-08-04,6414874.44680851,34835.085106382976
Europe,2020-08-07,53424.58823529412,4023.274509803922
Europe,2021-01-14,508132.03921568627,12500.686274509804
Europe,2022-01-11,1876969.2115384615,30673.923076923078
Europe,2022-08-06,4235465.392156863,37500.62745098039
Europe,2022-08-14,4291636.333333333,37725.03921568627
Europe,2023-01-07,4759594.470588235,39492.76470588235
Europe,2023-03-29,4845309.352941177,40242.470588235294
Europe,2023-08-01,4883367.843137255,40691.96078431373
Europe,2023-10-18,4899622.647058823,40826.94117647059
Africa,2021-11-05,150910.1754385965,3836.5263157894738
Africa,2022-03-16,207516.0350877193,4417.0
Africa,2022-10-03,225891.22807017545,4523.6140350877195
Africa,2022-10-07,225891.22807017545,4523.6140350877195
Africa,2022-12-21,227790.66666666666,4534.2807017543855
Africa,2023-07-16,229912.0701754386,4543.859649122807
Africa,2023-11-02,230101.9649122807,4544.508771929824
Africa,2024-06-30,230607.9649122807,4545.701754385965
Oceania,2021-11-01,13926.333333333334,170.29166666666666
Oceania,2022-04-19,266622.4583333333,454.5416666666667
Oceania,2022-09-26,502252.2916666667,873.9583333333334
Oceania,2023-11-21,606870.125,1274.9583333333333
Oceania,2024-04-20,621356.4583333334,1353.0416666666667
North America,2020-08-13,145966.19512195123,6213.8536585365855
North America,2021-07-20,987729.0487804879,22408.414634146342
North America,2021-08-31,1139556.5853658537,24089.463414634145
North America,2021-10-25,1334089.0,27450.414634146342
North America,2021-12-03,1412132.1219512196,28661.219512195123
North America,2021-12-18,1453720.8780487804,29143.463414634145
North America,2022-10-11,2800359.926829268,36895.60975609756
North America,2022-11-06,2830026.7317073173,37203.31707317073
North America,2023-11-21,3033960.3414634145,39744.19512195122
North America,2023-12-10,3034385.3414634145,39872.95121951219
North America,2024-02-09,3035371.5853658537,40313.87804878049
South America,2020-01-12,0.0,0.0
South America,2021-01-28,1086361.5,33177.78571428572
South America,2021-08-11,2569713.8571428573,78996.0
South America,2022-07-14,4318741.071428572,93430.21428571429
South America,2023-09-07,4897987.0,96594.14285714286
South America,2023-09-17,4898125.0,96595.42857142857
South America,2023-11-12,4899732.642857143,96616.57142857143
South America,2024-01-27,4905041.857142857,96664.21428571429
South America,2024-03-05,4911456.785714285,96699.85714285714
South America,2024-04-10,4913918.071428572,96715.35714285714
Asia,2020-09-03,150374.55319148937,2948.0851063829787
Asia,2021-09-07,1480145.1041666667,21961.6875
Asia,2022-08-02,3424595.25,30227.270833333332
Asia,2022-11-10,3925604.8541666665,31107.4375
Asia,2023-01-21,6045762.583333333,32374.895833333332
Asia,2023-06-03,6196609.4375,33966.854166666664
Europe,2020-07-18,46786.82352941176,3895.8039215686276
Europe,2020-08-06,53424.58823529412,4023.274509803922
Europe,2021-07-19,959605.9807692308,22218.673076923078
Europe,2023-01-29,4788052.549019608,39815.117647058825
Europe,2023-03-01,4816519.196078432,40020.25490196078
Europe,2023-03-04,4816519.196078432,40020.25490196078
Europe,2023-04-06,4851157.666666667,40296.37254901961
Europe,2023-04-15,4855989.725490196,40343.450980392154
Africa,2020-01-31,0.0,0.0
Africa,2020-08-07,16690.280701754386,398.35087719298247
Africa,2021-04-01,74047.47368421052,1967.8070175438597
Africa,2022-01-30,194178.24561403508,4196.350877192983
Africa,2024-05-02,230570.1754385965,4545.666666666667
Africa,2024-07-23,230617.71929824562,4545.912280701755
Oceania,2020-06-20,365.4166666666667,5.666666666666667
Oceania,2020-11-20,1987.5833333333333,45.791666666666664
Oceania,2020-12-28,2280.9166666666665,49.458333333333336
Oceania,2021-08-16,5823.75,79.95833333333333
Oceania,2022-02-01,105826.41666666667,298.2916666666667
Oceania,2022-04-10,251427.375,438.0833333333333
Oceania,2022-11-15,518661.4583333333,908.3333333333334
Oceania,2023-04-07,576844.0,1116.8333333333333
Oceania,2023-08-29,601858.9583333334,1235.1666666666667
Oceania,2024-04-02,620616.4166666666,1348.0416666666667
Oceania,2024-04-14,621356.4583333334,1353.0416666666667
North America,2020-03-04,2.292682926829268,0.024390243902439025
North America,2020-06-27,65476.65853658537,4049.2926829268295
North America,2020-11-01,269779.1951219512,9017.536585365853
North America,2021-02-15,772024.1219512195,18081.414634146342
North America,2021-07-09,967527.243902439,22206.243902439026
North America,2024-03-30,3035755.536585366,40533.09756097561
South America,2020-05-04,13892.42857142857,1005.8571428571429
South America,2020-06-15,98139.42857142857,5782.785714285715
South America,2021-06-23,2252553.1428571427,69828.42857142857
South America,2022-03-25,3970685.214285714,90846.57142857143
South America,2023-07-19,4897574.142857143,96591.28571428571
Asia,2020-07-18,61415.48936170213,1464.7659574468084
Asia,2021-11-12,1668211.5,24650.083333333332
Asia,2022-08-31,3676756.8333333335,30582.854166666668
Asia,2023-03-06,6137363.666666667,33791.583333333336
Asia,2023-04-18,6164507.75,33890.833333333336
Asia,2024-07-11,6414397.680851064,34834.063829787236
Europe,2020-08-16,59546.07843137255,4116.588235294118
Europe,2021-01-08,473551.0588235294,11785.666666666666
Europe,2021-01-24,566577.1176470588,14061.725490196079
Europe,2021-03-09,671342.1538461539,16885.71153846154
Europe,2021-12-11,1457992.5192307692,28458.98076923077
Europe,2022-05-22,3848340.1764705884,36646.58823529412
Europe,2022-09-10,4359168.588235294,37976.666666666664
Europe,2023-11-27,4915116.529411765,40934.8431372549
Europe,2024-07-22,4957493.450980392,41217.549019607846
Africa,2020-03-18,5.508771929824562,0.15789473684210525
Africa,2020-05-23,1462.7719298245613,53.78947368421053
Africa,2020-07-13,10269.105263157895,277.0
Africa,2020-09-03,21816.491228070176,561.1754385964912
Africa,2021-07-07,99944.26315789473,2567.2105263157896
Africa,2021-08-12,124267.8947368421,3124.964912280702
Africa,2022-01-11,180091.75438596492,4067.7368421052633
Africa,2022-10-10,225997.56140350876,4524.210526315789
Africa,2023-03-31,229324.94736842104,4540.7192982456145
Africa,2024-06-04,230587.19298245615,4545.684210526316
Africa,2024-07-25,230617.71929824562,4545.912280701755
Oceania,2020-05-14,347.5,5.375
Oceania,2022-09-02,490621.875,840.5
North America,2020-08-11,145966.19512195123,6213.8536585365855
North America,2020-12-31,534535.731707317,12738.292682926829
North America,2021-02-26,785952.7073170731,18590.19512195122
North America,2022-02-25,2259992.975609756,33380.65853658537
North America,2023-02-01,2958600.1219512196,38213.78048780488
North America,2023-08-16,3032571.926829268,39272.07317073171
North America,2023-08-17,3032571.926829268,39272.07317073171
South America,2020-07-15,201726.2857142857,9870.857142857143
South America,2022-03-03,3856423.8571428573,89763.92857142857
South America,2022-03-15,3940112.214285714,90589.0
South America,2022-03-23,3970685.214285714,90846.57142857143
South America,2022-06-14,4171369.714285714,92912.35714285714
South America,2023-09-14,4898053.071428572,96594.85714285714
Asia,2020-07-09,53518.936170212764,1300.723404255319
Asia,2020-09-04,150374.55319148937,2948.0851063829787
Asia,2020-12-05,366363.40425531915,6129.893617021276
Asia,2021-09-29,1564189.2708333333,23235.458333333332
Asia,2022-02-01,2073663.4583333333,26905.9375
Asia,2022-07-14,3272990.2083333335,30083.354166666668
Asia,2022-10-19,3866508.2083333335,30965.625
Asia,2023-03-02,6132082.083333333,33767.354166666664
Asia,2023-09-24,6263241.229166667,34034.916666666664
Asia,2024-01-31,6411034.680851064,34817.02127659575
Asia,2024-05-18,6413268.638297873,34830.17021276596
Asia,2024-06-07,6413611.021276596,34832.085106382976
Asia,2024-07-29,6414778.382978723,34834.72340425532
Europe,2020-07-11,44960.39215686275,3845.901960784314
Europe,2020-12-05,332062.29411764705,8184.509803921569
Europe,2021-05-05,854903.7307692308,20388.634615384617
Europe,2022-04-27,3726808.294117647,36215.686274509804
Europe,2023-02-02,4788052.549019608,39815.117647058825
Europe,2023-08-13,4884462.490196078,40705.78431372549
Europe,2023-08-22,4885163.470588235,40714.56862745098
Europe,2023-09-21,4890498.843137255,40760.41176470588
Europe,2023-12-10,4924368.137254902,40984.03921568627
Africa,2020-02-29,0.017543859649122806,0.0
Africa,2021-05-30,85537.19298245614,2290.0175438596493
Africa,2021-08-10,124267.8947368421,3124.964912280702
Africa,2022-01-18,185139.91228070174,4111.298245614035
Africa,2022-12-25,227972.36842105264,4534.859649122807
Africa,2023-03-16,229189.2105263158,4539.982456140351
Africa,2023-04-03,229356.22807017545,4540.964912280701
Africa,2023-08-08,229932.31578947368,4543.9473684210525
Oceania,2020-01-05,0.0,0.0
Oceania,2020-10-16,1468.7083333333333,42.333333333333336
Oceania,2021-05-18,3087.4166666666665,56.708333333333336
Oceania,2021-05-24,3137.6666666666665,57.333333333333336
Oceania,2021-06-13,3267.375,58.875
Oceania,2021-06-22,3322.3333333333335,59.333333333333336
Oceania,2021-09-13,8640.0,109.45833333333333
Oceania,2022-01-02,34992.166666666664,209.66666666666666
Oceania,2023-11-06,605591.6666666666,1264.0833333333333
Oceania,2024-07-23,624974.2916666666,1370.0
North America,2020-06-30,73315.46341463414,4326.0
North America,2021-01-08,572470.512195122,13417.390243902439
North America,2021-03-06,799655.9268292683,19048.170731707316
North America,2021-12-17,1453720.8780487804,29143.463414634145
North America,2022-02-12,2200369.56097561,32365.853658536584
North America,2022-10-14,2800359.926829268,36895.60975609756
North America,2023-03-05,2995870.975609756,38615.0243902439
North America,2023-04-02,3014707.6097560977,38826.14634146341
North America,2024-06-22,3036178.43902439,40670.51219512195
North America,2024-07-29,3036395.4146341463,40745.34146341463
South America,2020-01-31,0.0,0.0
South America,2021-02-19,1206864.7142857143,36625.92857142857
South America,2021-05-14,1848031.2142857143,58501.71428571428
South America,2021-08-17,2593833.4285714286,79684.57142857143
South America,2021-11-07,2756280.1428571427,83800.71428571429
South America,2022-01-05,2856312.1428571427,85224.92857142857
South America,2022-01-22,3069141.0,85754.92857142857
South America,2022-01-29,3244677.5714285714,86256.5
South America,2023-03-03,4849829.214285715,96456.21428571429
South America,2023-05-16,4896890.071428572,96583.28571428571
South America,2023-09-21,4898125.0,96595.42857142857
South America,2023-10-08,4898455.214285715,96600.28571428571
South America,2024-07-19,4914668.785714285,96727.21428571429
Asia,2020-03-09,2021.8085106382978,70.34042553191489
Asia,2020-05-03,11531.553191489362,410.40425531914894
Asia,2020-07-31,80458.97872340426,1858.8297872340424
Asia,2020-09-01,150374.55319148937,2948.0851063829787
Asia,2021-06-15,1109862.9791666667,15448.520833333334
Asia,2022-07-12,3272990.2083333335,30083.354166666668
Asia,2023-01-25,6079999.0625,32379.458333333332
Asia,2023-04-17,6164507.75,33890.833333333336
Asia,2023-10-12,6264206.145833333,34039.166666666664
Europe,2021-04-10,772346.9230769231,18616.30769230769
Europe,2022-03-23,3359421.901960784,35211.686274509804
Europe,2022-09-20,4405652.274509804,38107.35294117647
Europe,2023-02-14,4800621.31372549,39917.03921568627
Europe,2023-10-13,4897413.215686275,40807.62745098039
Africa,2021-01-19,57158.350877192985,1379.3508771929824
Africa,2021-05-06,81010.15789473684,2148.9473684210525
Africa,2021-10-27,150246.49122807017,3813.1754385964914
Africa,2022-10-26,226302.1403508772,4525.912280701755
Africa,2023-03-11,229114.54385964913,4539.6140350877195
Africa,2023-05-03,229509.1403508772,4542.087719298245
Africa,2024-01-06,230411.08771929826,4545.017543859649
Africa,2024-01-11,230451.28070175438,4545.140350877193
Oceania,2021-04-10,2732.3333333333335,51.75
Oceania,2021-09-19,9391.333333333334,117.58333333333333
Oceania,2022-02-21,131559.66666666666,362.3333333333333
Oceania,2022-07-26,439523.4583333333,733.25
Oceania,2023-11-28,607573.75,1279.5
Oceania,2024-07-09,624743.7083333334,1367.4583333333333
North America,2021-02-08,752889.1463414634,17397.853658536584
North America,2022-01-07,1592682.536585366,29949.70731707317
North America,2022-01-17,1884226.4146341463,30688.19512195122
North America,2022-12-12,2875985.951219512,37549.60975609756
North America,2022-12-29,2903555.7073170734,37716.0
North America,2023-01-23,2950088.463414634,38107.365853658535
North America,2023-03-25,3005037.536585366,38718.85365853659
North America,2023-03-30,3009601.7317073173,38777.170731707316
North America,2024-05-20,3036044.2195121953,40635.41463414634
North America,2024-06-23,3036206.024390244,40681.26829268293
South America,2020-09-06,477877.0714285714,19022.571428571428
South America,2020-10-01,563782.7857142857,21958.571428571428
South America,2020-11-01,692497.7142857143,25302.35714285714
South America,2020-12-29,919734.9285714285,29667.428571428572
South America,2021-03-12,1323145.5,40131.28571428572
South America,2021-08-15,2593833.4285714286,79684.57142857143
South America,2022-03-11,3902521.714285714,90225.64285714286
South America,2022-05-12,4068517.6428571427,92531.42857142857
South America,2022-11-28,4639187.928571428,95377.14285714286
South America,2023-06-09,4897085.0,96587.42857142857
South America,2023-10-03,4898314.428571428,96598.35714285714
South America,2024-06-28,4914464.5,96726.78571428571
Asia,2020-12-03,366363.40425531915,6129.893617021276
Asia,2023-09-20,6262962.4375,34033.541666666664
Asia,2023-09-21,6262962.4375,34033.541666666664
Asia,2024-03-09,6412145.234042553,34822.72340425532
Europe,2020-03-16,1109.4901960784314,44.03921568627451
Europe,2020-03-19,1109.4901960784314,44.03921568627451
Europe,2020-11-23,303857.3137254902,7441.588235294118
Europe,2020-12-22,416387.862745098,10420.70588235294
Europe,2021-05-31,895366.5576923077,21333.153846153848
Europe,2021-08-04,993647.6538461539,22504.46153846154
Europe,2021-09-21,1109007.826923077,23862.903846153848
Europe,2021-11-23,1358804.9807692308,27365.53846153846
Europe,2022-05-21,3825245.725490196,36562.17647058824
Europe,2022-08-13,4265883.882352941,37617.39215686275
Europe,2022-10-13,4505196.882352941,38355.96078431373
Europe,2023-01-13,4769752.803921568,39598.549019607846
Europe,2023-06-23,4880810.019607843,40647.78431372549
Europe,2023-09-17,4890498.843137255,40760.41176470588
Europe,2023-11-07,4905807.156862745,40875.13725490196
Africa,2020-09-19,23767.122807017542,615.1052631578947
Africa,2020-12-26,44018.45614035088,1039.298245614035
Africa,2021-07-26,114241.21052631579,2886.7368421052633
Africa,2021-09-21,144980.75438596492,3635.0526315789475
Africa,2022-03-02,205105.52631578947,4373.0526315789475
Africa,2023-04-18,229423.40350877194,4541.526315789473
Africa,2023-09-23,230018.42105263157,4544.210526315789
Africa,2023-12-26,230363.75438596492,4544.9473684210525
Oceania,2020-03-19,10.833333333333334,0.2916666666666667
Oceania,2020-06-03,359.6666666666667,5.666666666666667
Oceania,2020-12-12,2188.1666666666665,47.791666666666664
Oceania,2021-03-13,2461.125,51.5
Oceania,2021-05-13,3009.25,56.666666666666664
Oceania,2021-12-11,16563.583333333332,195.91666666666666
Oceania,2023-08-09,600718.0,1225.5416666666667
North America,2020-02-01,0.1951219512195122,0.0
North America,2021-10-03,1282670.243902439,26380.024390243903
North America,2022-05-14,2368182.6341463416,35062.92682926829
North America,2022-07-18,2593740.9024390243,35785.39024390244
North America,2022-11-12,2830026.7317073173,37203.31707317073
South America,2020-02-12,0.0,0.0
South America,2020-11-17,737538.0,26277.714285714286
South America,2021-01-18,1039460.5,32116.5
South America,2021-12-10,2795455.0714285714,84581.78571428571
South America,2024-05-18,4914186.285714285,96723.78571428571
Asia,2021-05-09,903867.8333333334,11778.0625
Asia,2022-07-20,3308604.1666666665,30119.583333333332
Asia,2022-10-24,3884290.2291666665,31002.979166666668
Asia,2023-02-17,6119179.291666667,33702.645833333336
Asia,2023-10-31,6265642.479166667,34070.666666666664
Asia,2024-06-06,6413611.021276596,34832.085106382976
Asia,2024-07-03,6414235.744680851,34833.617021276594
Europe,2021-01-11,508132.03921568627,12500.686274509804
Europe,2021-07-17,941873.9807692308,22090.076923076922
Europe,2022-02-06,2629029.9615384615,32329.615384615383
Europe,2022-03-17,3254113.7843137253,34941.21568627451
Europe,2022-07-15,4089572.901960784,37123.8431372549
Europe,2022-10-22,4542166.607843137,38469.58823529412
Europe,2022-12-15,4706127.549019608,39161.098039215685
Europe,2023-10-02,4894968.529411765,40790.13725490196
Europe,2023-11-17,4908306.607843137,40894.98039215686
Europe,2024-07-20,4956705.666666667,41213.8431372549
Africa,2021-06-03,85537.19298245614,2290.0175438596493
Africa,2021-08-02,119052.77192982456,3000.3508771929824
Africa,2021-08-27,133422.26315789475,3332.4561403508774
Africa,2022-07-23,221761.52631578947,4501.298245614035
Africa,2022-08-21,224683.50877192983,4516.964912280701
Africa,2022-09-13,225462.84210526315,4520.9473684210525
Africa,2023-04-12,229385.24561403508,4541.122807017544
Oceania,2021-06-18,3267.375,58.875
Oceania,2021-07-26,4391.541666666667,68.375
Oceania,2021-11-06,13926.333333333334,170.29166666666666
Oceania,2022-10-09,506719.7916666667,883.9583333333334
North America,2020-04-10,7925.390243902439,227.02439024390245
North America,2020-12-24,497569.1219512195,12113.024390243903
North America,2021-05-30,945000.4390243902,21715.70731707317
North America,2022-01-01,1516658.731707317,29695.975609756097
North America,2022-05-20,2386009.3658536584,35130.439024390245
North America,2024-07-23,3036361.7804878047,40729.73170731707
South America,2020-06-17,98139.42857142857,5782.785714285715
South America,2020-08-27,406361.0,16879.285714285714
South America,2021-07-24,2468703.4285714286,75615.85714285714
South America,2021-12-11,2795455.0714285714,84581.78571428571
South America,2022-07-25,4403292.857142857,93769.85714285714
South America,2022-08-22,4519190.5,94469.35714285714
South America,2022-09-12,4556877.214285715,94793.28571428571
South America,2023-01-19,4808898.142857143,96030.0
South America,2023-10-25,4898869.571428572,96606.5
Asia,2020-03-29,3307.6382978723404,137.80851063829786
Asia,2020-08-01,80458.97872340426,1858.8297872340424
Asia,2021-07-15,1195145.6666666667,17100.1875
Asia,2021-12-09,1720885.1458333333,25526.833333333332
Asia,2022-03-13,2638504.9583333335,28650.75
Asia,2023-11-25,6399859.468085106,34797.617021276594
Asia,2024-04-20,6412813.44680851,34827.744680851065
Europe,2020-08-29,63349.490196078434,4161.294117647059
Europe,2020-08-30,67696.11764705883,4210.333333333333
Europe,2021-04-07,772346.9230769231,18616.30769230769
Europe,2021-09-01,1060447.1153846155,23212.365384615383
Europe,2021-09-12,1093512.7115384615,23637.80769230769
Europe,2021-09-15,1093512.7115384615,23637.80769230769
Europe,2021-09-22,1109007.826923077,23862.903846153848
Europe,2021-12-07,1457992.5192307692,28458.98076923077
Europe,2023-07-14,4882306.68627451,40675.450980392154
Europe,2023-12-06,4919429.05882353,40958.21568627451
Europe,2023-12-13,4924368.137254902,40984.03921568627
Africa,2020-07-23,12477.245614035088,311.29824561403507
Africa,2021-08-20,128715.45614035087,3232.7894736842104
Africa,2022-03-07,206284.84210526315,4406.649122807017
Africa,2022-10-11,225997.56140350876,4524.210526315789
Africa,2023-01-17,228396.57894736843,4536.087719298245
Africa,2023-10-07,230059.9649122807,4544.298245614035
Africa,2023-11-19,230146.94736842104,4544.736842105263
Africa,2024-01-08,230451.28070175438,4545.140350877193
Africa,2024-05-19,230579.94736842104,4545.666666666667
Oceania,2020-02-16,0.625,0.0
Oceania,2020-12-02,2132.4166666666665,47.458333333333336
Oceania,2021-01-25,2374.9166666666665,50.708333333333336
Oceania,2021-02-14,2409.4166666666665,51.083333333333336
Oceania,2021-04-08,2732.3333333333335,51.75
Oceania,2022-03-08,156207.66666666666,382.7916666666667
Oceania,2022-05-18,327527.8333333333,524.7083333333334
Oceania,2022-06-24,384363.875,614.9583333333334
Oceania,2022-06-30,394865.7916666667,632.2916666666666
Oceania,2023-05-07,585181.5416666666,1151.8333333333333
Oceania,2023-05-20,586981.5,1159.0833333333333
Oceania,2023-10-25,604712.75,1257.75
Oceania,2024-02-23,615297.1666666666,1335.0833333333333
North America,2020-02-19,0.7560975609756098,0.0
North America,2020-06-08,54673.58536585366,3536.0
North America,2020-06-22,65476.65853658537,4049.2926829268295
North America,2021-05-04,913684.3170731707,21123.658536585364
North America,2021-11-22,1396150.0731707318,28486.048780487807
North America,2021-12-04,1412132.1219512196,28661.219512195123
North America,2023-08-15,3032571.926829268,39272.07317073171
South America,2020-02-21,0.0,0.0
South America,2020-10-02,563782.7857142857,21958.571428571428
South America,2021-06-01,2044955.142857143,64340.28571428572
South America,2021-07-27,2509079.5,77267.35714285714
South America,2022-04-28,4047862.3571428573,92364.42857142857
South America,2022-09-18,4564571.857142857,94865.78571428571
South America,2022-11-26,4622947.5,95314.07142857143
South America,2023-07-30,4897701.714285715,96592.21428571429
South America,2023-08-20,4897867.428571428,96593.35714285714
South America,2024-02-19,4909509.285714285,96691.21428571429
South America,2024-04-23,4914066.785714285,96720.42857142857
Asia,2020-04-07,4548.489361702128,176.59574468085106
Asia,2020-07-17,61415.48936170213,1464.7659574468084
Asia,2020-11-13,318149.89361702127,5388.063829787234
Asia,2021-01-11,453476.93617021275,7395.36170212766
Asia,2021-03-08,528375.2291666666,8377.291666666666
Asia,2022-01-30,2073663.4583333333,26905.9375
Asia,2022-02-14,2255731.7708333335,27528.791666666668
Asia,2022-06-23,3213240.1666666665,29979.9375
Asia,2022-07-17,3308604.1666666665,30119.583333333332
Asia,2022-08-05,3424595.25,30227.270833333332
Asia,2023-02-06,6109108.145833333,33641.229166666664
Asia,2023-07-12,6213193.041666667,33996.6875
Asia,2023-11-28,6400252.382978723,34798.425531914894
Europe,2021-04-23,818223.5576923077,19571.134615384617
Europe,2021-05-06,854903.7307692308,20388.634615384617
Europe,2022-02-27,3065743.843137255,34289.43137254902
Europe,2022-06-06,3884341.0,36775.96078431373
Europe,2023-08-23,4885163.470588235,40714.56862745098
Europe,2023-09-26,4892633.411764706,40774.58823529412
Europe,2024-07-27,4957493.450980392,41217.549019607846
Africa,2020-06-23,5307.964912280701,171.2280701754386
Africa,2021-09-02,137319.43859649124,3431.1929824561403
Africa,2022-02-04,194178.24561403508,4196.350877192983
Africa,2022-05-01,212274.68421052632,4453.245614035088
Africa,2023-09-20,230018.42105263157,4544.210526315789
Africa,2023-10-04,230059.9649122807,4544.298245614035
Africa,2023-12-13,230292.22807017545,4544.912280701755
Oceania,2020-02-23,0.9166666666666666,0.0
Oceania,2020-03-10,3.125,0.16666666666666666
Oceania,2020-11-24,2067.125,46.666666666666664
Oceania,2020-12-11,2188.1666666666665,47.791666666666664
Oceania,2021-02-22,2422.0,51.25
Oceania,2021-12-31,22790.416666666668,204.91666666666666
Oceania,2023-08-05,600359.6666666666,1221.3333333333333
Oceania,2024-05-08,622123.9166666666,1357.3333333333333
North America,2021-01-09,572470.512195122,13417.390243902439
North America,2021-06-28,962482.5853658536,22112.585365853658
North America,2021-07-30,1001604.4634146341,22541.536585365855
North America,2021-10-29,1334089.0,27450.414634146342
North America,2022-01-02,1592682.536585366,29949.70731707317
North America,2022-01-04,1592682.536585366,29949.70731707317
North America,2022-01-06,1592682.536585366,29949.70731707317
North America,2022-06-19,2489605.4146341463,35461.90243902439
North America,2023-04-27,3023756.8536585364,38946.80487804878
North America,2023-06-15,3032246.8536585364,39137.41463414634
North America,2023-08-30,3032672.2195121953,39321.9756097561
South America,2020-01-22,0.0,0.0
South America,2022-01-16,3069141.0,85754.92857142857
South America,2023-01-15,4808898.142857143,96030.0
South America,2023-01-22,4820602.642857143,96134.0
South America,2023-04-24,4888354.071428572,96475.71428571429
South America,2024-02-17,4908610.214285715,96686.07142857143
Asia,2020-03-25,2570.2127659574467,108.74468085106383
Asia,2021-06-21,1129754.1666666667,15965.479166666666
Asia,2021-07-21,1224422.1875,17559.5625
Asia,2021-11-28,1708480.0625,25279.083333333332
Asia,2022-04-12,2986409.9375,29453.541666666668
Asia,2022-11-08,3925604.8541666665,31107.4375
Asia,2023-03-08,6137363.666666667,33791.583333333336
Europe,2020-12-31,443444.82352941175,11090.843137254902
Europe,2021-07-04,928418.4807692308,21962.69230769231
Europe,2021-09-18,1093512.7115384615,23637.80769230769
Europe,2022-02-23,2911084.5384615385,33233.92307692308
Europe,2022-05-11,3796729.843137255,36464.03921568627
Europe,2022-06-01,3865737.862745098,36715.294117647056
Europe,2022-08-27,4315006.156862745,37817.94117647059
Europe,2022-11-09,4612586.019607843,38771.333333333336
Europe,2023-08-21,4885163.470588235,40714.56862745098
Europe,2023-12-30,4934053.333333333,41041.80392156863
Africa,2021-06-05,85537.19298245614,2290.0175438596493
Africa,2022-07-10,220867.61403508772,4497.228070175439
Africa,2022-09-05,225244.75438596492,4519.666666666667
Africa,2022-09-28,225766.38596491228,4522.894736842105
Africa,2022-12-08,227464.35087719298,4531.6140350877195
Oceania,2020-07-01,383.2916666666667,5.708333333333333
Oceania,2020-08-23,1145.9166666666667,27.625
Oceania,2020-10-04,1417.2916666666667,41.708333333333336
Oceania,2021-07-25,4391.541666666667,68.375
Oceania,2022-02-13,123494.625,345.5
Oceania,2022-09-29,502252.2916666667,873.9583333333334
Oceania,2022-10-18,509228.875,887.2083333333334
Oceania,2022-12-16,538942.7083333334,947.875
Oceania,2023-04-09,578459.2083333334,1121.9583333333333
Oceania,2023-07-08,598100.875,1216.25
Oceania,2023-12-12,608876.5416666666,1294.9583333333333
Oceania,2024-04-08,620928.2916666666,1350.4583333333333
Oceania,2024-05-25,622995.2083333334,1360.0833333333333
North America,2020-11-07,269779.1951219512,9017.536585365853
North America,2021-07-11,977953.756097561,22294.756097560974
North America,2021-08-06,1021063.3658536585,22724.024390243903
North America,2022-04-09,2315714.3902439023,34643.92682926829
North America,2022-08-04,2652795.073170732,35995.87804878049
North America,2022-10-01,2783528.073170732,36741.0
North America,2023-10-08,3033218.8048780486,39532.68292682927
South America,2020-05-31,57767.0,3873.0714285714284
South America,2021-06-07,2115216.214285714,66133.42857142857
South America,2021-07-28,2509079.5,77267.35714285714
South America,2023-02-10,4835195.428571428,96288.64285714286
South America,2023-09-20,4898125.0,96595.42857142857
South America,2023-12-19,4901125.714285715,96634.85714285714
South America,2024-06-21,4914401.142857143,96726.64285714286
South America,2024-07-01,4914523.357142857,96726.85714285714
Asia,2020-11-21,333228.6382978723,5621.468085106383
Asia,2021-04-18,693491.8125,9691.458333333334
Asia,2023-01-20,6045762.583333333,32374.895833333332
Asia,2023-11-26,6400252.382978723,34798.425531914894
Europe,2020-02-07,0.5882352941176471,0.19607843137254902
Europe,2020-02-09,1.6470588235294117,0.21568627450980393
Europe,2020-03-30,7438.254901960784,570.6078431372549
Europe,2021-10-16,1162021.4423076923,24642.98076923077
Europe,2022-06-03,3865737.862745098,36715.294117647056
Europe,2022-12-13,4706127.549019608,39161.098039215685
Europe,2023-11-14,4908306.607843137,40894.98039215686
Africa,2020-05-09,771.9824561403509,37.73684210526316
Africa,2021-01-25,60393.98245614035,1489.2456140350878
Africa,2021-05-08,81010.15789473684,2148.9473684210525
Africa,2021-12-15,158826.19298245615,3953.6666666666665
Africa,2021-12-24,163743.87719298244,3971.245614035088
Africa,2021-12-25,163743.87719298244,3971.245614035088
Africa,2022-10-14,225997.56140350876,4524.210526315789
Africa,2022-12-20,227790.66666666666,4534.2807017543855
Africa,2023-08-01,229926.71929824562,4543.929824561404
Africa,2024-01-15,230480.8245614035,4545.298245614035
Africa,2024-04-05,230554.87719298244,4545.561403508772
Africa,2024-07-11,230611.33333333334,4545.701754385965
Africa,2024-07-18,230615.22807017545,4545.701754385965
Oceania,2020-01-30,0.16666666666666666,0.0
Oceania,2022-03-23,191290.20833333334,399.7916666666667
Oceania,2022-03-31,212489.16666666666,409.5
Oceania,2022-11-08,515580.2916666667,900.7916666666666
Oceania,2023-11-18,606209.4583333334,1269.5833333333333
Oceania,2024-03-09,616362.0833333334,1339.9583333333333
Oceania,2024-06-11,623686.6666666666,1362.375
North America,2020-03-21,108.09756097560975,1.7560975609756098
North America,2020-07-04,73315.46341463414,4326.0
North America,2022-09-08,2749606.975609756,36503.365853658535
North America,2022-12-24,2888974.8292682925,37626.170731707316
North America,2023-03-18,3001010.1219512196,38668.85365853659
South America,2020-06-14,98139.42857142857,5782.785714285715
South America,2021-02-06,1130846.4285714286,34331.5
South America,2022-03-22,3970685.214285714,90846.57142857143
South America,2023-10-11,4898455.214285715,96600.28571428571
South America,2023-12-02,4900361.285714285,96624.78571428571
Asia,2020-05-02,9731.212765957447,360.0425531914894
Asia,2020-05-23,16466.31914893617,517.531914893617
Asia,2022-10-27,3884290.2291666665,31002.979166666668
Asia,2023-07-05,6210283.395833333,33993.708333333336
Asia,2023-08-06,6241091.333333333,34012.979166666664
Asia,2024-01-16,6409891.808510638,34813.78723404255
Europe,2020-05-04,24558.803921568626,2865.725490196078
Europe,2020-06-03,34867.333333333336,3510.3137254901962
Europe,2021-04-03,745776.0,18144.5
Europe,2021-09-16,1093512.7115384615,23637.80769230769
Europe,2022-06-16,3906286.68627451,36834.117647058825
Europe,2022-07-27,4196893.901960785,37369.19607843137
Europe,2023-01-25,4782634.196078432,39759.098039215685
Europe,2023-02-15,4800621.31372549,39917.03921568627
Europe,2023-09-29,4892633.411764706,40774.58823529412
Europe,2023-11-09,4905807.156862745,40875.13725490196
Europe,2024-02-24,4946322.05882353,41159.117647058825
Europe,2024-04-16,4951007.862745098,41182.549019607846
Europe,2024-04-29,4951819.176470588,41186.1568627451
Europe,2024-07-29,4958388.647058823,41221.98039215686
Africa,2020-01-26,0.0,0.0
Africa,2022-09-04,225244.75438596492,4519.666666666667
Africa,2022-11-24,227010.73684210525,4529.7192982456145
Africa,2023-02-12,228878.19298245615,4538.6140350877195
Africa,2023-03-13,229189.2105263158,4539.982456140351
Africa,2023-05-22,229656.8947368421,4542.824561403509
Africa,2024-01-04,230411.08771929826,4545.017543859649
Oceania,2020-02-12,0.625,0.0
Oceania,2020-11-23,2067.125,46.666666666666664
Oceania,2021-10-29,13347.75,163.29166666666666
Oceania,2021-12-23,18573.791666666668,201.83333333333334
Oceania,2022-02-05,105826.41666666667,298.2916666666667
Oceania,2022-11-29,527276.8333333334,923.6666666666666
Oceania,2023-04-18,580039.6666666666,1128.6666666666667
North America,2021-01-30,698449.6585365854,15842.292682926829
North America,2021-06-10,949510.1707317074,21823.024390243903
North America,2022-04-18,2331814.975609756,34832.58536585366
North America,2022-05-09,2368182.6341463416,35062.92682926829
North America,2023-12-04,3034249.975609756,39826.92682926829
South America,2020-08-06,297140.5714285714,13377.214285714286
South America,2021-09-06,2650600.1428571427,81250.35714285714
South America,2021-12-09,2795455.0714285714,84581.78571428571
South America,2022-02-16,3702612.1428571427,88497.35714285714
South America,2022-04-29,4047862.3571428573,92364.42857142857
South America,2022-06-21,4199945.214285715,93004.85714285714
South America,2023-01-16,4808898.142857143,96030.0
South America,2023-09-23,4898125.0,96595.42857142857
South America,2024-03-30,4913515.071428572,96710.78571428571
Asia,2020-04-17,6084.148936170212,225.25531914893617
Asia,2020-10-27,289540.5106382979,4944.510638297872
Asia,2020-12-18,401865.5106382979,6606.744680851064
Asia,2020-12-27,429593.8510638298,7030.893617021276
Asia,2021-01-07,441180.3404255319,7227.148936170212
Asia,2021-06-14,1109862.9791666667,15448.520833333334
Asia,2021-07-20,1224422.1875,17559.5625
Asia,2021-09-04,1444978.25,21399.270833333332
Asia,2022-01-12,1805215.7916666667,26373.395833333332
Asia,2022-03-25,2758874.7291666665,28892.6875
Asia,2022-03-29,2852412.5833333335,29173.791666666668
Asia,2022-04-18,3025937.75,29545.354166666668
Asia,2022-05-26,3139494.4791666665,29831.916666666668
Asia,2022-11-04,3903453.625,31040.145833333332
Asia,2022-12-11,4083604.3958333335,31367.0
Asia,2023-05-03,6177075.291666667,33922.708333333336
Asia,2023-05-30,6196609.4375,33966.854166666664
Asia,2023-12-11,6402081.574468086,34801.12765957447
Asia,2024-02-26,6411953.55319149,34821.0
Europe,2021-01-23,539167.9607843137,13270.70588235294
Europe,2021-06-10,901439.6346153846,21468.596153846152
Europe,2021-07-13,941873.9807692308,22090.076923076922
Europe,2021-10-26,1211959.2692307692,25353.71153846154
Europe,2022-01-27,2222437.980769231,31471.23076923077
Europe,2022-02-20,2911084.5384615385,33233.92307692308
Europe,2022-08-03,4235465.392156863,37500.62745098039
Europe,2022-09-03,4337686.333333333,37901.01960784314
Europe,2022-11-22,4645012.549019608,38921.450980392154
Europe,2022-12-26,4746228.960784313,39379.80392156863
Europe,2023-08-06,4883878.68627451,40698.37254901961
Europe,2024-04-06,4950066.803921568,41178.13725490196
Africa,2020-06-24,5307.964912280701,171.2280701754386
Africa,2021-03-03,68835.43859649122,1819.1754385964912
Africa,2021-04-15,76889.36842105263,2033.2105263157894
Africa,2021-09-01,137319.43859649124,3431.1929824561403
Africa,2021-11-26,152875.19298245615,3898.1403508771928
Africa,2022-07-22,221761.52631578947,4501.298245614035
Africa,2022-08-13,223986.1052631579,4512.122807017544
Africa,2023-03-03,228998.8596491228,4539.298245614035
Africa,2023-09-11,230007.68421052632,4544.175438596491
Africa,2023-09-13,230007.68421052632,4544.175438596491
Oceania,2020-03-26,49.458333333333336,0.375
Oceania,2022-05-22,342699.2083333333,541.625
Oceania,2022-06-07,365335.5416666667,579.5416666666666
Oceania,2023-01-24,564382.875,1023.2083333333334
North America,2020-06-24,65476.65853658537,4049.2926829268295
North America,2021-03-26,834997.512195122,19967.0
North America,2021-10-16,1302649.0731707318,26763.60975609756
North America,2022-01-26,2028444.219512195,31187.048780487807
North America,2022-05-26,2407056.951219512,35200.560975609755
North America,2022-09-09,2749606.975609756,36503.365853658535
North America,2023-06-11,3032246.8536585364,39137.41463414634
North America,2024-07-16,3036315.024390244,40715.365853658535
South America,2021-06-13,2182968.714285714,67974.42857142857
South America,2021-10-03,2707990.4285714286,82658.71428571429
South America,2021-12-21,2813053.285714286,84931.28571428571
South America,2022-03-27,3994310.8571428573,91860.07142857143
South America,2022-04-13,4025987.714285714,92179.92857142857
South America,2022-07-22,4365336.357142857,93604.92857142857
South America,2022-10-14,4581966.714285715,95051.42857142857
South America,2022-12-06,4660777.928571428,95446.21428571429
South America,2023-07-25,4897641.5,96592.07142857143
Asia,2020-05-08,11531.553191489362,410.40425531914894
Asia,2020-05-17,16466.31914893617,517.531914893617
Asia,2021-01-26,476816.21276595746,7735.829787234043
Asia,2021-11-02,1653585.9583333333,24436.541666666668
Asia,2022-01-17,1876834.9375,26524.854166666668
Asia,2022-01-31,2073663.4583333333,26905.9375
Asia,2022-04-08,2931073.3333333335,29325.3125
Asia,2022-04-09,2931073.3333333335,29325.3125
Asia,2022-04-27,3053885.9166666665,29626.541666666668
Asia,2022-05-01,3074882.75,29724.041666666668
Asia,2022-06-14,3196403.1666666665,29944.666666666668
Asia,2022-11-30,4003783.3333333335,31243.104166666668
Asia,2023-07-10,6213193.041666667,33996.6875
Asia,2023-11-14,6266568.541666667,34074.666666666664
Asia,2024-01-20,6409891.808510638,34813.78723404255
Europe,2020-02-25,4.0,0.29411764705882354
Europe,2020-12-30,443444.82352941175,11090.843137254902
Europe,2021-03-02,651477.5576923077,16499.46153846154
Europe,2021-09-10,1077314.4807692308,23420.30769230769
Europe,2021-12-10,1457992.5192307692,28458.98076923077
Europe,2022-05-04,3765606.6666666665,36348.92156862745
Europe,2022-05-29,3865737.862745098,36715.294117647056
Europe,2022-10-26,4573408.431372549,38585.23529411765
Europe,2023-04-11,4855989.725490196,40343.450980392154
Europe,2024-04-15,4951007.862745098,41182.549019607846
Africa,2020-01-19,0.0,0.0
Africa,2020-08-31,21816.491228070176,561.1754385964912
Africa,2020-10-26,30203.614035087718,755.7894736842105
Africa,2022-04-30,211354.35087719298,4450.596491228071
Africa,2024-08-04,230620.70175438595,4545.912280701755
Oceania,2020-02-28,0.9166666666666666,0.0
Oceania,2020-03-06,1.0833333333333333,0.0
Oceania,2021-03-11,2461.125,51.5
Oceania,2022-03-06,156207.66666666666,382.7916666666667
Oceania,2022-03-29,212489.16666666666,409.5
Oceania,2022-04-21,266622.4583333333,454.5416666666667
Oceania,2022-05-09,310299.2083333333,505.0833333333333
Oceania,2024-04-26,621542.7916666666,1354.4583333333333
North America,2020-05-19,40226.60975609756,2638.121951219512
North America,2020-06-19,59666.65853658537,3802.6585365853657
North America,2020-10-16,229026.75609756098,8338.80487804878
North America,2021-12-10,1431864.536585366,28899.829268292684
North America,2022-05-02,2354042.0975609757,34980.19512195122
North America,2022-10-19,2807451.43902439,36961.09756097561
North America,2023-07-12,3032411.5853658537,39194.60975609756
North America,2024-05-29,3036086.8292682925,40644.73170731707
South America,2020-01-08,0.0,0.0
South America,2020-11-16,737538.0,26277.714285714286
South America,2020-12-16,851024.7142857143,28409.0
South America,2021-04-18,1667285.142857143,51857.642857142855
South America,2021-06-29,2321538.8571428573,71539.07142857143
South America,2023-02-18,4840970.5,96336.14285714286
South America,2023-10-12,4898455.214285715,96600.28571428571
South America,2024-01-02,4901718.071428572,96638.85714285714
South America,2024-02-14,4908610.214285715,96686.07142857143
South America,2024-06-20,4914401.142857143,96726.64285714286
Asia,2020-03-31,3307.6382978723404,137.80851063829786
Asia,2020-10-26,289540.5106382979,4944.510638297872
Asia,2021-03-06,517217.3541666667,8264.5625
Asia,2021-03-22,556928.0,8629.020833333334
Asia,2021-04-03,577647.5416666666,8832.979166666666
Asia,2021-04-05,604429.125,9039.666666666666
Europe,2020-03-02,33.27450980392157,0.8627450980392157
Europe,2020-03-10,213.62745098039215,5.862745098039215
Europe,2020-04-28,21600.392156862745,2569.627450980392
Europe,2020-11-01,199381.9019607843,5533.098039215686
Europe,2022-08-18,4291636.333333333,37725.03921568627
Europe,2022-10-02,4467488.137254902,38255.25490196078
Europe,2023-10-14,4897413.215686275,40807.62745098039
Europe,2024-04-22,4951424.62745098,41184.27450980392
Europe,2024-05-04,4951819.176470588,41186.1568627451
Europe,2024-05-08,4952139.05882353,41187.705882352944
Europe,2024-06-23,4954966.333333333,41203.07843137255
Africa,2020-05-08,771.9824561403509,37.73684210526316
Africa,2020-09-30,25644.78947368421,664.5087719298245
Africa,2021-07-05,99944.26315789473,2567.2105263157896
Africa,2021-07-14,104929.40350877192,2665.157894736842
Africa,2022-02-17,200490.54385964913,4292.789473684211
Africa,2022-08-09,223986.1052631579,4512.122807017544
Africa,2023-04-06,229356.22807017545,4540.964912280701
Africa,2023-07-26,229922.61403508772,4543.894736842105
Africa,2023-11-08,230111.1403508772,4544.543859649123
Africa,2024-01-09,230451.28070175438,4545.140350877193
Africa,2024-05-06,230573.54385964913,4545.666666666667
Africa,2024-06-02,230587.19298245615,4545.684210526316
Africa,2024-06-12,230590.77192982455,4545.684210526316
Oceania,2020-07-03,383.2916666666667,5.708333333333333
Oceania,2021-05-21,3087.4166666666665,56.708333333333336
Oceania,2021-05-27,3137.6666666666665,57.333333333333336
Oceania,2021-06-14,3267.375,58.875
Oceania,2021-08-09,5281.708333333333,74.54166666666667
Oceania,2021-12-28,22790.416666666668,204.91666666666666
Oceania,2022-07-30,439523.4583333333,733.25
Oceania,2023-05-04,583519.0833333334,1142.2916666666667
Oceania,2024-05-14,622504.375,1358.875
North America,2020-12-20,497569.1219512195,12113.024390243903
North America,2021-05-26,939152.6829268293,21584.219512195123
North America,2021-08-08,1045749.9756097561,22978.51219512195
North America,2021-09-30,1260151.731707317,25944.90243902439
North America,2023-08-06,3032540.512195122,39253.0243902439
North America,2023-10-17,3033324.9024390243,39566.756097560974
South America,2020-05-26,42037.78571428572,3026.714285714286
South America,2020-11-11,713231.7857142857,25793.85714285714
South America,2021-05-30,2044955.142857143,64340.28571428572
South America,2022-01-14,2934622.5714285714,85425.07142857143
South America,2022-07-15,4318741.071428572,93430.21428571429
South America,2022-10-23,4591891.857142857,95135.14285714286
South America,2022-10-25,4591891.857142857,95135.14285714286
South America,2023-10-28,4898869.571428572,96606.5
Asia,2020-01-08,0.02127659574468085,0.0
Asia,2020-02-08,308.82978723404256,7.702127659574468
Asia,2020-10-17,259195.40425531915,4484.31914893617
Asia,2020-12-07,384864.27659574465,6378.021276595745
Asia,2021-11-09,1668211.5,24650.083333333332
Asia,2022-12-07,4032193.8541666665,31297.479166666668
Asia,2023-02-25,6126599.083333333,33741.208333333336
Asia,2023-11-02,6265642.479166667,34070.666666666664
Asia,2024-05-26,6413497.70212766,34831.44680851064
Europe,2020-03-01,33.27450980392157,0.8627450980392157
Europe,2020-07-03,43157.509803921566,3793.921568627451
Europe,2021-03-15,693175.5769230769,17283.384615384617
Europe,2021-07-03,918809.8846153846,21832.76923076923
Europe,2021-12-25,1559329.9807692308,29464.28846153846
Europe,2022-10-12,4505196.882352941,38355.96078431373
Europe,2023-01-30,4788052.549019608,39815.117647058825
Europe,2024-01-16,4941130.196078432,41112.86274509804
Africa,2020-04-14,255.96491228070175,16.385964912280702
Africa,2021-04-19,78365.14035087719,2071.8947368421054
Africa,2022-06-17,217426.2105263158,4481.035087719299
Africa,2023-12-06,230232.49122807017,4544.877192982456
Africa,2024-02-13,230527.1403508772,4545.3859649122805
Africa,2024-03-22,230546.57894736843,4545.543859649123
Oceania,2021-01-08,2309.2916666666665,49.875
Oceania,2021-04-12,2805.5,51.75
Oceania,2022-10-28,511082.5833333333,891.5
Oceania,2023-11-10,605591.6666666666,1264.0833333333333
Oceania,2023-12-26,610303.7083333334,1303.7916666666667
Oceania,2024-06-03,623476.8333333334,1361.1666666666667
North America,2020-05-27,45236.34146341463,2964.6585365853657
North America,2021-01-06,572470.512195122,13417.390243902439
North America,2021-07-01,962482.5853658536,22112.585365853658
North America,2021-11-18,1378090.8292682928,28194.51219512195
North America,2022-08-30,2733247.5853658537,36409.80487804878
North America,2023-03-26,3009601.7317073173,38777.170731707316
North America,2023-11-10,3033689.048780488,39670.09756097561
South America,2020-01-26,0.0,0.0
South America,2020-04-01,740.4285714285714,21.357142857142858
South America,2020-06-27,122601.21428571429,6788.857142857143
South America,2022-07-11,4318741.071428572,93430.21428571429
South America,2022-12-12,4685056.142857143,95519.78571428571
South America,2024-07-07,4914592.285714285,96727.07142857143
Asia,2020-06-05,23526.23404255319,643.2765957446809
Asia,2020-06-22,39472.1914893617,1005.7872340425532
Asia,2021-09-11,1480145.1041666667,21961.6875
Asia,2022-02-13,2255731.7708333335,27528.791666666668
Asia,2022-07-30,3361010.9166666665,30165.4375
Asia,2023-11-19,6267017.8125,34075.541666666664
Asia,2024-04-27,6412904.361702127,34828.34042553192
Asia,2024-07-31,6414778.382978723,34834.72340425532
Europe,2020-10-03,93592.37254901961,4480.921568627451
Europe,2020-10-13,116976.76470588235,4704.901960784314
Europe,2021-01-04,473551.0588235294,11785.666666666666
Europe,2021-04-24,818223.5576923077,19571.134615384617
Europe,2022-01-08,1733222.4615384615,30296.826923076922
Europe,2022-03-28,3464246.470588235,35457.35294117647
Europe,2022-08-30,4337686.333333333,37901.01960784314
Europe,2022-09-06,4359168.588235294,37976.666666666664
Europe,2022-11-11,4612586.019607843,38771.333333333336
Europe,2023-04-07,4851157.666666667,40296.37254901961
Europe,2023-06-01,4877183.37254902,40592.294117647056
Europe,2023-06-02,4877183.37254902,40592.294117647056
Europe,2023-08-29,4886094.098039215,40724.901960784315
Europe,2023-11-30,4915116.529411765,40934.8431372549
Europe,2024-04-25,4951424.62745098,41184.27450980392
Europe,2024-06-18,4954484.94117647,41199.21568627451
Africa,2020-04-22,382.96491228070175,25.894736842105264
Africa,2020-08-13,18281.859649122805,449.89473684210526
Africa,2021-01-21,57158.350877192985,1379.3508771929824
Africa,2021-02-22,67536.1052631579,1775.3508771929824
Africa,2021-05-04,81010.15789473684,2148.9473684210525
Africa,2021-08-13,124267.8947368421,3124.964912280702
Africa,2021-12-04,153921.33333333334,3918.1754385964914
Africa,2022-02-01,194178.24561403508,4196.350877192983
Africa,2022-03-27,208943.73684210525,4430.684210526316
Africa,2023-08-23,229974.1754385965,4544.122807017544
Africa,2023-11-06,230111.1403508772,4544.543859649123
Africa,2024-03-20,230546.57894736843,4545.543859649123
Oceania,2021-06-08,3229.0833333333335,58.833333333333336
Oceania,2021-07-18,4086.0416666666665,64.20833333333333
Oceania,2022-01-25,94052.0,268.2916666666667
Oceania,2022-04-24,281477.9583333333,471.75
Oceania,2023-09-23,602874.2083333334,1241.125
Oceania,2024-03-18,617110.4166666666,1343.25
Oceania,2024-03-19,617110.4166666666,1343.25
Oceania,2024-05-11,622123.9166666666,1357.3333333333333
North America,2020-07-23,108454.51219512195,5180.926829268293
North America,2021-02-17,772024.1219512195,18081.414634146342
North America,2021-06-30,962482.5853658536,22112.585365853658
North America,2022-01-12,1723688.780487805,30275.634146341465
North America,2023-02-12,2974521.048780488,38406.41463414634
South America,2020-01-10,0.0,0.0
South America,2020-01-17,0.0,0.0
South America,2020-03-06,0.14285714285714285,0.0
South America,2020-04-23,5358.214285714285,336.35714285714283
South America,2021-02-10,1170147.7142857143,35467.642857142855
South America,2022-07-10,4318741.071428572,93430.21428571429
South America,2023-10-21,4898630.142857143,96602.78571428571
Asia,2024-08-12,2.5175579E7,285487.0
Asia,2020-08-19,120403.85106382979,2493.531914893617
Asia,2021-09-21,1539192.0,22892.479166666668
Asia,2021-11-18,1682023.0,24859.916666666668
Asia,2022-07-01,3230474.5,30014.375
Asia,2023-12-10,6402081.574468086,34801.12765957447
Asia,2024-01-30,6411034.680851064,34817.02127659575
Asia,2024-05-30,6413497.70212766,34831.44680851064
Europe,2020-05-26,32668.254901960783,3399.372549019608
Europe,2020-12-17,386451.29411764705,9668.862745098038
Europe,2022-03-18,3254113.7843137253,34941.21568627451
Europe,2022-04-16,3622907.8235294116,35880.92156862745
Europe,2022-05-06,3765606.6666666665,36348.92156862745
Europe,2022-09-27,4433523.0784313725,38174.94117647059
Europe,2022-12-22,4727507.490196078,39263.21568627451
Europe,2023-05-01,4868231.901960785,40474.509803921566
Africa,2020-10-04,26599.21052631579,689.3859649122807
Africa,2020-10-19,28917.64912280702,732.5438596491229
Africa,2021-01-05,49602.9649122807,1174.0526315789473
Africa,2021-06-20,91964.71929824562,2416.6491228070176
Africa,2021-07-30,114241.21052631579,2886.7368421052633
Africa,2021-11-27,152875.19298245615,3898.1403508771928
Africa,2022-08-01,223494.0350877193,4509.7192982456145
Africa,2023-08-18,229965.64912280702,4544.070175438596
Oceania,2020-01-22,0.0,0.0
Oceania,2020-06-22,372.7916666666667,5.666666666666667
Oceania,2021-06-11,3229.0833333333335,58.833333333333336
Oceania,2021-07-05,3534.9583333333335,60.375
Oceania,2022-04-12,251427.375,438.0833333333333
Oceania,2023-07-31,600359.6666666666,1221.3333333333333
Oceania,2023-11-16,606209.4583333334,1269.5833333333333
North America,2021-03-09,812139.1463414634,19418.243902439026
North America,2021-04-22,889398.1951219512,20772.634146341465
North America,2022-01-19,1884226.4146341463,30688.19512195122
North America,2022-05-19,2386009.3658536584,35130.439024390245
North America,2022-06-16,2469159.2195121953,35408.829268292684
North America,2022-10-25,2815336.6829268294,37045.12195121951
North America,2023-06-22,3032290.7804878047,39153.12195121951
North America,2023-06-28,3032349.024390244,39168.243902439026
North America,2023-12-24,3034654.975609756,39969.21951219512
South America,2020-04-27,8762.92857142857,575.5
South America,2021-02-09,1170147.7142857143,35467.642857142855
South America,2021-09-04,2634729.214285714,80794.21428571429
South America,2022-11-08,4603460.714285715,95229.5
South America,2022-11-15,4612050.785714285,95276.64285714286
South America,2024-06-02,4914302.642857143,96725.14285714286
Asia,2020-04-12,6084.148936170212,225.25531914893617
Asia,2020-12-17,401865.5106382979,6606.744680851064
Asia,2021-07-01,1149361.1666666667,16341.020833333334
Asia,2021-09-01,1444978.25,21399.270833333332
Asia,2021-09-19,1539192.0,22892.479166666668
Asia,2022-06-18,3196403.1666666665,29944.666666666668
Asia,2023-08-15,6242988.1875,34014.916666666664
Europe,2020-07-08,44960.39215686275,3845.901960784314
Europe,2020-07-12,46786.82352941176,3895.8039215686276
Europe,2023-08-10,4883878.68627451,40698.37254901961
Europe,2023-11-23,4911401.862745098,40915.0
Europe,2024-03-18,4948946.725490196,41172.78431372549
Europe,2024-05-03,4951819.176470588,41186.1568627451
Africa,2020-06-07,3296.9122807017543,106.9298245614035
Africa,2020-12-10,39748.82456140351,948.8070175438596
Africa,2022-11-26,227010.73684210525,4529.7192982456145
Africa,2023-02-02,228692.26315789475,4537.7192982456145
Africa,2024-06-05,230587.19298245615,4545.684210526316
Oceania,2020-06-25,372.7916666666667,5.666666666666667
Oceania,2020-08-20,1056.5,22.75
Oceania,2020-10-10,1417.2916666666667,41.708333333333336
Oceania,2021-01-19,2359.3333333333335,50.541666666666664
Oceania,2021-07-19,4086.0416666666665,64.20833333333333
Oceania,2021-08-18,5823.75,79.95833333333333
Oceania,2022-02-15,123494.625,345.5
Oceania,2022-12-09,532758.2083333334,935.4583333333334
Oceania,2024-02-11,614796.1666666666,1332.0416666666667
Oceania,2024-06-12,623686.6666666666,1362.375
North America,2020-04-21,18938.365853658535,1017.9268292682926
North America,2021-04-27,902414.3902439025,20953.243902439026
North America,2021-08-01,1021063.3658536585,22724.024390243903
North America,2021-10-02,1260151.731707317,25944.90243902439
North America,2023-04-24,3023756.8536585364,38946.80487804878
North America,2023-12-18,3034521.9024390243,39919.90243902439
North America,2024-03-19,3035719.6829268294,40511.365853658535
South America,2020-11-19,737538.0,26277.714285714286
South America,2021-01-17,1039460.5,32116.5
South America,2021-04-22,1667285.142857143,51857.642857142855
South America,2021-05-07,1789338.4285714286,56432.78571428572
South America,2021-10-08,2707990.4285714286,82658.71428571429
South America,2022-06-07,4141454.785714286,92819.28571428571
South America,2022-10-07,4576625.071428572,94973.14285714286
South America,2022-10-15,4581966.714285715,95051.42857142857
South America,2023-03-28,4870471.928571428,96578.85714285714
South America,2023-06-16,4897149.428571428,96588.5
South America,2023-09-01,4897922.571428572,96593.64285714286
South America,2024-02-07,4907622.357142857,96679.78571428571
Asia,2020-03-28,2570.2127659574467,108.74468085106383
Asia,2020-06-13,28165.91489361702,732.0
Asia,2020-09-13,186244.74468085106,3438.425531914894
Asia,2021-01-12,453476.93617021275,7395.36170212766
Asia,2021-09-03,1444978.25,21399.270833333332
Asia,2021-09-25,1539192.0,22892.479166666668
Asia,2022-02-08,2169936.0,27210.041666666668
Asia,2022-09-08,3723463.625,30673.791666666668
Asia,2022-10-18,3866508.2083333335,30965.625
Asia,2023-06-02,6196609.4375,33966.854166666664
Asia,2023-09-19,6262962.4375,34033.541666666664
Asia,2023-10-18,6264691.0,34041.0
Asia,2024-06-24,6414035.361702127,34833.14893617021
Europe,2020-04-26,21600.392156862745,2569.627450980392
Europe,2020-09-25,85803.19607843137,4396.0
Europe,2020-11-19,271621.0588235294,6721.666666666667
Europe,2021-02-20,615920.5,15649.75
Europe,2021-06-21,912314.6538461539,21708.903846153848
Europe,2022-03-15,3254113.7843137253,34941.21568627451
Europe,2022-07-16,4089572.901960784,37123.8431372549
Europe,2023-03-13,4831356.94117647,40126.07843137255
Europe,2023-07-28,4882966.352941177,40686.470588235294
Europe,2024-01-07,4939501.803921568,41092.549019607846
Europe,2024-01-20,4941130.196078432,41112.86274509804
Africa,2020-06-13,3296.9122807017543,106.9298245614035
Africa,2022-02-20,202772.1403508772,4345.0
Africa,2023-05-16,229614.9298245614,4542.701754385965
Africa,2024-02-04,230518.56140350876,4545.368421052632
Oceania,2020-03-23,49.458333333333336,0.375
Oceania,2021-02-03,2388.6666666666665,50.875
Oceania,2021-03-07,2461.125,51.5
Oceania,2021-05-25,3137.6666666666665,57.333333333333336
Oceania,2022-01-19,79223.20833333333,239.0
Oceania,2022-07-02,394865.7916666667,632.2916666666666
Oceania,2022-08-21,485230.9583333333,826.4166666666666
Oceania,2022-12-26,549876.2083333334,975.7083333333334
Oceania,2023-05-06,583519.0833333334,1142.2916666666667
Oceania,2023-06-23,596512.5,1213.7916666666667
Oceania,2023-12-06,608208.5416666666,1286.9583333333333
Oceania,2024-04-27,621542.7916666666,1354.4583333333333
North America,2020-03-09,14.024390243902438,0.4634146341463415
North America,2021-01-01,534535.731707317,12738.292682926829
North America,2021-11-02,1348816.3658536586,27729.634146341465
North America,2021-12-25,1477734.6585365853,29397.585365853658
North America,2022-04-15,2323239.8780487804,34743.09756097561
North America,2022-06-20,2489605.4146341463,35461.90243902439
North America,2022-06-26,2512033.048780488,35536.26829268293
North America,2022-12-10,2862897.463414634,37463.39024390244
North America,2023-04-28,3023756.8536585364,38946.80487804878
North America,2024-07-11,3036271.8536585364,40703.14634146341
South America,2020-05-21,29093.428571428572,2229.1428571428573
South America,2020-10-14,617972.3571428572,23502.571428571428
South America,2021-04-02,1480967.5,44957.5
South America,2021-08-10,2569713.8571428573,78996.0
South America,2022-07-09,4276782.857142857,93269.14285714286
South America,2022-07-21,4365336.357142857,93604.92857142857
South America,2022-08-14,4498997.357142857,94322.14285714286
South America,2023-02-20,4846196.428571428,96377.64285714286
Asia,2020-07-28,80458.97872340426,1858.8297872340424
Asia,2021-05-04,831544.4583333334,10983.0
Asia,2022-01-03,1768821.9375,26225.458333333332
Asia,2022-02-10,2169936.0,27210.041666666668
Asia,2023-03-15,6142655.333333333,33814.041666666664
Asia,2024-07-12,6414397.680851064,34834.063829787236
Europe,2020-10-29,164223.25490196078,5134.686274509804
Europe,2021-05-16,879173.5769230769,20955.48076923077
Europe,2021-07-26,977400.5961538461,22357.076923076922
Europe,2022-01-12,1876969.2115384615,30673.923076923078
Europe,2022-02-19,2787789.2884615385,32783.75
Europe,2022-12-31,4746228.960784313,39379.80392156863
Europe,2023-02-24,4808260.94117647,39969.19607843137
Europe,2024-03-24,4949541.196078432,41175.82352941176
Africa,2020-06-10,3296.9122807017543,106.9298245614035
Africa,2020-10-08,26599.21052631579,689.3859649122807
Africa,2022-11-02,226419.8947368421,4527.070175438596
Oceania,2021-05-15,3009.25,56.666666666666664
Oceania,2021-11-23,15496.958333333334,189.91666666666666
Oceania,2022-10-11,506719.7916666667,883.9583333333334
Oceania,2023-05-21,589007.2083333334,1170.375
Oceania,2023-10-13,604036.1666666666,1251.4166666666667
Oceania,2023-11-04,605122.9166666666,1260.75
Oceania,2024-07-02,624387.4166666666,1365.7916666666667
North America,2021-08-14,1045749.9756097561,22978.51219512195
North America,2022-05-03,2354042.0975609757,34980.19512195122
North America,2022-07-02,2512033.048780488,35536.26829268293
North America,2023-01-09,2928273.7317073173,37875.46341463415
North America,2023-01-26,2950088.463414634,38107.365853658535
North America,2023-08-25,3032617.7804878047,39295.19512195122
North America,2024-03-05,3035633.3658536584,40456.58536585366
North America,2024-05-05,3035952.1219512196,40617.41463414634
South America,2020-02-26,0.0,0.0
South America,2020-03-24,227.85714285714286,4.714285714285714
South America,2020-06-08,77691.0,4795.0
South America,2020-07-09,174546.14285714287,8815.92857142857
South America,2021-05-23,1977754.5714285714,62447.357142857145
South America,2021-09-11,2650600.1428571427,81250.35714285714
South America,2022-02-12,3583052.1428571427,87666.21428571429
South America,2022-05-22,4096469.4285714286,92670.14285714286
South America,2022-08-13,4473748.571428572,94144.92857142857
South America,2023-12-01,4900361.285714285,96624.78571428571
South America,2024-03-21,4913002.357142857,96707.42857142857
South America,2024-05-07,4914152.285714285,96723.28571428571
South America,2024-06-19,4914401.142857143,96726.64285714286
Asia,2020-06-25,39472.1914893617,1005.7872340425532
Asia,2021-03-23,556928.0,8629.020833333334
Asia,2021-03-24,556928.0,8629.020833333334
Asia,2022-05-28,3139494.4791666665,29831.916666666668
Asia,2023-11-21,6267017.8125,34075.541666666664
Asia,2024-02-29,6411953.55319149,34821.0
Asia,2024-06-03,6413611.021276596,34832.085106382976
Europe,2020-10-30,164223.25490196078,5134.686274509804
Europe,2021-04-20,818223.5576923077,19571.134615384617
Europe,2021-06-02,895366.5576923077,21333.153846153848
Europe,2021-08-30,1060447.1153846155,23212.365384615383
Europe,2022-04-25,3726808.294117647,36215.686274509804
Europe,2022-05-05,3765606.6666666665,36348.92156862745
Europe,2022-07-28,4196893.901960785,37369.19607843137
Europe,2023-01-17,4777124.549019608,39687.98039215686
Europe,2023-06-28,4881548.039215687,40659.76470588235
Europe,2024-01-02,4937236.176470588,41067.60784313725
Africa,2020-01-11,0.0,0.0
Africa,2020-02-07,0.0,0.0
Africa,2020-08-17,19561.36842105263,491.1929824561403
Africa,2020-08-25,20789.64912280702,529.578947368421
Africa,2021-03-11,70078.12280701754,1856.9298245614036
Africa,2021-05-23,84226.33333333333,2257.0175438596493
Africa,2021-06-22,91964.71929824562,2416.6491228070176
Africa,2021-08-09,124267.8947368421,3124.964912280702
Africa,2021-11-10,151600.8596491228,3858.2631578947367
Africa,2022-08-10,223986.1052631579,4512.122807017544
Africa,2023-12-15,230292.22807017545,4544.912280701755
Africa,2024-05-04,230570.1754385965,4545.666666666667
Oceania,2022-05-25,342699.2083333333,541.625
Oceania,2022-11-05,514072.0,896.125
Oceania,2023-02-04,565843.9583333334,1023.2083333333334
Oceania,2023-03-02,570212.3333333334,1092.2916666666667
Oceania,2023-07-27,599996.5833333334,1217.125
Oceania,2024-03-24,617363.4166666666,1346.0416666666667
North America,2021-04-04,860678.8048780488,20393.731707317074
North America,2021-12-28,1516658.731707317,29695.975609756097
North America,2022-03-22,2301674.7317073173,34388.243902439026
North America,2022-08-19,2697305.7073170734,36211.9756097561
North America,2023-03-31,3009601.7317073173,38777.170731707316
South America,2021-01-01,919734.9285714285,29667.428571428572
South America,2021-01-31,1130846.4285714286,34331.5
South America,2022-09-01,4536108.857142857,94598.0
South America,2023-03-19,4864320.714285715,96544.78571428571
South America,2023-11-27,4900361.285714285,96624.78571428571
South America,2023-11-29,4900361.285714285,96624.78571428571
Asia,2020-05-15,13735.787234042553,464.1276595744681
Asia,2020-06-12,28165.91489361702,732.0
Asia,2020-06-14,33501.46808510638,840.4042553191489
Asia,2021-03-18,540956.3541666666,8497.458333333334
Asia,2021-11-15,1682023.0,24859.916666666668
Asia,2021-12-04,1708480.0625,25279.083333333332
Asia,2022-07-22,3308604.1666666665,30119.583333333332
Asia,2022-07-27,3361010.9166666665,30165.4375
Asia,2022-08-11,3500760.5,30302.5625
Asia,2023-07-02,6210283.395833333,33993.708333333336
Asia,2024-03-01,6411953.55319149,34821.0
Europe,2020-02-18,2.0588235294117645,0.23529411764705882
Europe,2020-06-04,34867.333333333336,3510.3137254901962
Europe,2020-06-30,43157.509803921566,3793.921568627451
Europe,2021-10-22,1184312.6923076923,24966.05769230769
Europe,2023-05-18,4873452.490196078,40542.27450980392
Europe,2023-10-29,4903557.0,40859.17647058824
Africa,2020-08-26,20789.64912280702,529.578947368421
Africa,2020-12-30,46709.68421052631,1098.842105263158
Africa,2021-08-05,119052.77192982456,3000.3508771929824
Africa,2022-01-28,189816.12280701756,4154.070175438596
Africa,2022-07-11,220867.61403508772,4497.228070175439
Africa,2022-09-09,225244.75438596492,4519.666666666667
Africa,2023-04-02,229356.22807017545,4540.964912280701
Africa,2023-05-20,229614.9298245614,4542.701754385965
Africa,2023-10-16,230082.1403508772,4544.473684210527
Africa,2023-11-01,230101.9649122807,4544.508771929824
Africa,2023-11-12,230125.0701754386,4544.631578947368
Africa,2024-03-15,230542.08771929826,4545.508771929824
Oceania,2020-01-08,0.0,0.0
Oceania,2020-01-10,0.0,0.0
Oceania,2020-01-12,0.0,0.0
Oceania,2020-08-09,944.8333333333334,17.0
Oceania,2020-12-25,2253.6666666666665,49.083333333333336
Oceania,2021-04-26,2918.0833333333335,51.833333333333336
Oceania,2022-06-12,375126.75,597.7083333333334
Oceania,2022-10-19,509228.875,887.2083333333334
Oceania,2023-03-24,573957.0,1104.4583333333333
Oceania,2023-10-26,604712.75,1257.75
North America,2020-04-08,7925.390243902439,227.02439024390245
North America,2021-01-05,572470.512195122,13417.390243902439
North America,2021-01-21,662679.8292682926,15002.0
North America,2021-03-24,834997.512195122,19967.0
North America,2022-02-13,2237302.6097560977,32915.07317073171
North America,2022-04-23,2331814.975609756,34832.58536585366
North America,2022-11-28,2854033.951219512,37409.39024390244
North America,2023-05-07,3028806.3658536584,39012.0
North America,2023-05-28,3032067.1219512196,39103.04878048781
North America,2023-12-08,3034249.975609756,39826.92682926829
North America,2024-04-06,3035783.7073170734,40551.68292682927
South America,2020-03-18,29.428571428571427,0.9285714285714286
South America,2020-03-25,227.85714285714286,4.714285714285714
South America,2020-05-22,29093.428571428572,2229.1428571428573
South America,2021-03-22,1423515.2142857143,43174.0
South America,2021-07-15,2426770.0714285714,74422.28571428571
South America,2022-03-05,3856423.8571428573,89763.92857142857
South America,2022-10-01,4570573.571428572,94927.71428571429
South America,2023-04-08,4875602.0,96363.14285714286
South America,2023-06-18,4897222.071428572,96589.35714285714
South America,2023-07-27,4897641.5,96592.07142857143
South America,2024-02-04,4907622.357142857,96679.78571428571
South America,2024-04-27,4914066.785714285,96720.42857142857
Asia,2021-04-28,759694.0833333334,10250.604166666666
Asia,2022-06-08,3178998.4791666665,29906.666666666668
Asia,2023-05-04,6177075.291666667,33922.708333333336
Asia,2023-12-12,6402081.574468086,34801.12765957447
Asia,2024-06-20,6413901.29787234,34832.70212765958
Europe,2020-08-18,59546.07843137255,4116.588235294118
Europe,2021-07-05,928418.4807692308,21962.69230769231
Europe,2021-07-10,928418.4807692308,21962.69230769231
Europe,2021-09-05,1077314.4807692308,23420.30769230769
Europe,2022-02-04,2434854.8846153845,31883.115384615383
Europe,2022-02-12,2629029.9615384615,32329.615384615383
Europe,2022-07-07,4028203.862745098,37034.07843137255
Europe,2023-03-24,4838520.647058823,40185.490196078434
Europe,2023-05-27,4875152.62745098,40567.01960784314
Europe,2023-10-22,4901596.431372549,40847.686274509804
Europe,2024-02-27,4947062.2549019605,41163.35294117647
Europe,2024-05-26,4953204.294117647,41192.1568627451
Africa,2020-01-13,0.0,0.0
Africa,2020-05-28,1935.3859649122808,63.29824561403509
Africa,2020-07-31,14681.157894736842,355.7894736842105
Africa,2021-04-20,78365.14035087719,2071.8947368421054
Africa,2021-10-18,149555.84210526315,3786.964912280702
Africa,2022-06-10,216811.1403508772,4477.0
Africa,2022-07-03,219932.35087719298,4492.877192982456
Africa,2024-04-19,230562.54385964913,4545.631578947368
Oceania,2020-11-30,2132.4166666666665,47.458333333333336
Oceania,2021-06-28,3410.7083333333335,59.708333333333336
Oceania,2021-07-06,3534.9583333333335,60.375
Oceania,2021-08-04,4804.208333333333,71.125
Oceania,2021-08-22,6579.625,86.58333333333333
Oceania,2021-09-10,7910.916666666667,102.125
Oceania,2022-06-06,365335.5416666667,579.5416666666666
Oceania,2022-10-30,514072.0,896.125
Oceania,2023-08-15,601098.625,1227.9583333333333
North America,2020-02-21,0.7560975609756098,0.0
North America,2020-08-15,145966.19512195123,6213.8536585365855
North America,2020-10-08,218906.19512195123,8147.463414634146
North America,2021-01-14,618445.5365853659,14172.731707317073
North America,2021-08-11,1045749.9756097561,22978.51219512195
North America,2021-08-22,1106336.1219512196,23655.048780487807
North America,2022-08-05,2652795.073170732,35995.87804878049
North America,2022-09-22,2773414.2682926827,36664.243902439026
South America,2020-10-20,642102.3571428572,24146.35714285714
South America,2020-11-28,762923.2142857143,26817.35714285714
South America,2022-04-15,4025987.714285714,92179.92857142857
South America,2022-05-03,4057282.5,92459.71428571429
South America,2022-10-06,4576625.071428572,94973.14285714286
South America,2023-01-25,4820602.642857143,96134.0
South America,2023-11-24,4900044.642857143,96620.64285714286
South America,2024-03-22,4913002.357142857,96707.42857142857
South America,2024-05-26,4914262.428571428,96724.78571428571
Asia,2020-03-21,2237.276595744681,83.87234042553192
Asia,2020-05-07,11531.553191489362,410.40425531914894
Asia,2020-09-27,224332.085106383,3976.7021276595747
Asia,2021-05-16,965919.6875,12584.979166666666
Asia,2021-09-12,1511449.1875,22458.1875
Asia,2022-06-02,3160820.6041666665,29867.625
Asia,2023-02-03,6096325.25,32382.625
Asia,2023-09-05,6259617.354166667,34028.020833333336
Asia,2023-09-22,6262962.4375,34033.541666666664
Asia,2023-12-27,6406071.361702127,34804.744680851065
Asia,2024-04-15,6412813.44680851,34827.744680851065
Europe,2020-04-06,11354.666666666666,1096.862745098039
Europe,2020-07-30,50939.509803921566,3981.2549019607845
Europe,2020-09-03,67696.11764705883,4210.333333333333
Europe,2020-11-22,303857.3137254902,7441.588235294118
Europe,2021-06-06,901439.6346153846,21468.596153846152
Europe,2021-11-17,1314159.1538461538,26810.923076923078
Europe,2021-11-21,1358804.9807692308,27365.53846153846
Europe,2022-03-22,3359421.901960784,35211.686274509804
Europe,2023-02-16,4800621.31372549,39917.03921568627
Europe,2024-01-21,4942453.039215687,41128.21568627451
Europe,2024-03-30,4949541.196078432,41175.82352941176
Africa,2021-12-13,158826.19298245615,3953.6666666666665
Africa,2022-05-08,213356.28070175438,4457.877192982456
Africa,2022-06-16,217426.2105263158,4481.035087719299
Africa,2022-07-28,222751.15789473685,4505.7192982456145
Africa,2023-03-18,229189.2105263158,4539.982456140351
Africa,2023-05-02,229509.1403508772,4542.087719298245
Africa,2023-05-28,229685.1754385965,4542.964912280701
Africa,2024-07-02,230607.9649122807,4545.701754385965
Oceania,2020-01-25,0.0,0.0
Oceania,2020-02-11,0.625,0.0
Oceania,2021-11-17,14969.041666666666,182.0
Oceania,2022-04-27,281477.9583333333,471.75
Oceania,2023-10-29,605122.9166666666,1260.75
Oceania,2024-03-21,617110.4166666666,1343.25
Oceania,2024-04-09,620928.2916666666,1350.4583333333333
Oceania,2024-05-05,622123.9166666666,1357.3333333333333
North America,2020-02-11,0.6585365853658537,0.0
North America,2021-02-21,785952.7073170731,18590.19512195122
North America,2021-03-11,812139.1463414634,19418.243902439026
North America,2021-08-12,1045749.9756097561,22978.51219512195
North America,2022-09-14,2762239.7804878047,36582.26829268293
North America,2022-09-18,2773414.2682926827,36664.243902439026
North America,2022-09-19,2773414.2682926827,36664.243902439026
North America,2023-02-22,2981773.2926829266,38487.34146341463
North America,2023-08-31,3032672.2195121953,39321.9756097561
North America,2023-10-03,3033102.6585365855,39495.80487804878
North America,2024-03-06,3035633.3658536584,40456.58536585366
South America,2020-04-09,1605.5714285714287,67.64285714285714
South America,2021-06-08,2115216.214285714,66133.42857142857
South America,2022-03-09,3902521.714285714,90225.64285714286
South America,2022-04-03,4011756.285714286,92055.28571428571
South America,2022-09-23,4564571.857142857,94865.78571428571
South America,2022-10-17,4586457.785714285,95095.21428571429
South America,2023-03-06,4855322.071428572,96494.85714285714
South America,2023-08-26,4897867.428571428,96593.35714285714
South America,2024-07-18,4914668.785714285,96727.21428571429
Asia,2020-08-03,92738.44680851063,2056.404255319149
Asia,2021-05-26,1016686.9166666666,13411.520833333334
Asia,2021-08-31,1444978.25,21399.270833333332
Asia,2021-10-21,1621884.875,23976.541666666668
Asia,2023-12-13,6402081.574468086,34801.12765957447
Asia,2024-02-04,6411342.191489362,34818.425531914894
Europe,2020-04-21,18404.666666666668,2164.372549019608
Europe,2020-07-21,48744.294117647056,3939.1960784313724
Europe,2020-12-14,386451.29411764705,9668.862745098038
Europe,2021-01-03,473551.0588235294,11785.666666666666
Europe,2022-10-21,4542166.607843137,38469.58823529412
Europe,2023-07-31,4883367.843137255,40691.96078431373
Europe,2023-08-15,4884462.490196078,40705.78431372549
Africa,2020-04-04,80.10526315789474,2.456140350877193
Africa,2020-04-28,549.5087719298245,30.964912280701753
Africa,2020-10-22,28917.64912280702,732.5438596491229
Africa,2021-01-15,53427.0350877193,1270.9473684210527
Africa,2021-04-22,78365.14035087719,2071.8947368421054
Africa,2021-04-29,79811.22807017544,2110.2982456140353
Africa,2022-03-17,207516.0350877193,4417.0
Africa,2022-04-03,209563.70175438595,4437.175438596491
Africa,2022-05-14,213356.28070175438,4457.877192982456
Africa,2023-05-30,229685.1754385965,4542.964912280701
Africa,2024-03-07,230540.15789473685,4545.508771929824
Oceania,2020-11-19,1987.5833333333333,45.791666666666664
Oceania,2021-01-02,2280.9166666666665,49.458333333333336
Oceania,2021-03-05,2438.1666666666665,51.375
Oceania,2021-04-01,2653.9166666666665,51.625
Oceania,2022-08-23,485230.9583333333,826.4166666666666
Oceania,2022-09-10,494662.3333333333,850.625
Oceania,2023-04-26,581828.625,1135.0
North America,2020-01-21,0.0,0.0
North America,2021-06-20,958063.1707317074,22013.682926829268
North America,2021-11-30,1412132.1219512196,28661.219512195123
North America,2022-03-28,2308595.4146341463,34526.46341463415
North America,2022-04-11,2323239.8780487804,34743.09756097561
North America,2023-05-17,3031618.0,39063.9756097561
North America,2023-08-04,3032509.0,39235.92682926829
North America,2023-09-13,3032801.56097561,39386.0
North America,2024-02-01,3035287.7073170734,40269.829268292684
North America,2024-05-18,3035994.1951219514,40626.34146341463
North America,2024-05-30,3036086.8292682925,40644.73170731707
South America,2021-04-23,1667285.142857143,51857.642857142855
South America,2021-05-25,1977754.5714285714,62447.357142857145
South America,2021-10-05,2707990.4285714286,82658.71428571429
South America,2021-12-20,2813053.285714286,84931.28571428571
South America,2023-02-27,4849829.214285715,96456.21428571429
South America,2023-04-30,4891778.928571428,96504.07142857143
South America,2023-06-20,4897222.071428572,96589.35714285714
South America,2023-09-29,4898198.142857143,96596.57142857143
South America,2024-07-06,4914523.357142857,96726.85714285714
Asia,2020-04-02,3307.6382978723404,137.80851063829786
Asia,2020-04-10,4548.489361702128,176.59574468085106
Asia,2022-06-12,3196403.1666666665,29944.666666666668
Asia,2022-09-25,3810460.125,30852.479166666668
Asia,2022-10-12,3848465.1458333335,30931.291666666668
Asia,2023-06-20,6204598.333333333,33986.083333333336
Asia,2023-07-08,6210283.395833333,33993.708333333336
Europe,2020-08-26,63349.490196078434,4161.294117647059
Europe,2021-01-17,539167.9607843137,13270.70588235294
Europe,2021-04-09,772346.9230769231,18616.30769230769
Europe,2021-06-05,895366.5576923077,21333.153846153848
Europe,2021-10-18,1184312.6923076923,24966.05769230769
Europe,2021-11-04,1242554.4807692308,25793.846153846152
Europe,2022-12-12,4706127.549019608,39161.098039215685
Europe,2023-02-06,4794103.215686275,39869.21568627451
Europe,2024-06-25,4954966.333333333,41203.07843137255
Africa,2020-04-06,162.26315789473685,10.157894736842104
Africa,2020-04-23,382.96491228070175,25.894736842105264
Africa,2020-07-21,12477.245614035088,311.29824561403507
Africa,2020-12-27,46709.68421052631,1098.842105263158
Africa,2021-01-13,53427.0350877193,1270.9473684210527
Africa,2021-03-13,70078.12280701754,1856.9298245614036
Africa,2021-08-28,133422.26315789475,3332.4561403508774
Africa,2023-06-26,229843.19298245615,4543.6140350877195
Africa,2023-11-27,230184.80701754385,4544.824561403509
Oceania,2022-10-02,504834.6666666667,878.9166666666666
Oceania,2023-05-08,585181.5416666666,1151.8333333333333
Oceania,2023-07-24,599996.5833333334,1217.125
Oceania,2023-08-24,601505.125,1231.5416666666667
Oceania,2024-03-06,616362.0833333334,1339.9583333333333
Oceania,2024-06-10,623686.6666666666,1362.375
Oceania,2024-06-26,624043.9583333334,1364.75
North America,2020-03-12,14.024390243902438,0.4634146341463415
North America,2020-12-13,456379.60975609755,11488.414634146342
North America,2022-12-14,2875985.951219512,37549.60975609756
North America,2023-09-01,3032672.2195121953,39321.9756097561
South America,2020-12-04,788723.0714285715,27314.071428571428
South America,2021-02-20,1206864.7142857143,36625.92857142857
South America,2021-04-10,1539719.2857142857,47165.142857142855
South America,2021-06-03,2044955.142857143,64340.28571428572
South America,2021-08-25,2616121.5714285714,80285.28571428571
South America,2021-10-14,2718931.0714285714,82951.5
South America,2021-11-25,2776017.285714286,84177.64285714286
South America,2022-01-08,2856312.1428571427,85224.92857142857
South America,2022-08-02,4442886.214285715,93970.14285714286
South America,2022-10-11,4581966.714285715,95051.42857142857
South America,2023-08-11,4897758.714285715,96592.5
South America,2023-11-02,4899140.785714285,96609.21428571429
South America,2024-02-08,4907622.357142857,96679.78571428571
South America,2024-07-17,4914668.785714285,96727.21428571429
Asia,2020-01-31,42.787234042553195,1.1914893617021276
Asia,2020-11-07,303331.3829787234,5155.234042553191
Asia,2021-02-08,498128.9574468085,8052.468085106383
Asia,2023-02-18,6119179.291666667,33702.645833333336
Asia,2023-12-01,6400252.382978723,34798.425531914894
Asia,2024-04-06,6412642.510638298,34826.44680851064
Europe,2020-09-15,78707.62745098039,4320.294117647059
Europe,2020-10-14,116976.76470588235,4704.901960784314
Europe,2022-01-18,2030916.0961538462,31069.865384615383
Europe,2022-06-24,3934799.098039216,36893.1568627451
Europe,2022-08-12,4265883.882352941,37617.39215686275
Europe,2023-02-21,4808260.94117647,39969.19607843137
Europe,2023-04-05,4851157.666666667,40296.37254901961
Europe,2023-07-23,4882966.352941177,40686.470588235294
Europe,2023-09-30,4892633.411764706,40774.58823529412
Europe,2023-12-18,4929572.843137255,41013.76470588235
Europe,2024-02-03,4943559.68627451,41139.41176470588
Europe,2024-05-01,4951819.176470588,41186.1568627451
Africa,2020-07-19,12477.245614035088,311.29824561403507
Africa,2021-11-22,152875.19298245615,3898.1403508771928
Africa,2022-07-09,219932.35087719298,4492.877192982456
Africa,2023-08-31,229980.98245614034,4544.1578947368425
Africa,2024-01-29,230508.15789473685,4545.333333333333
Africa,2024-05-24,230579.94736842104,4545.666666666667
Oceania,2020-01-11,0.0,0.0
Oceania,2020-03-05,1.0833333333333333,0.0
Oceania,2020-09-10,1275.9166666666667,34.625
Oceania,2020-10-05,1417.2916666666667,41.708333333333336
Oceania,2020-11-06,1743.5416666666667,44.083333333333336
Oceania,2021-03-04,2438.1666666666665,51.375
Oceania,2022-09-19,500131.4583333333,867.8333333333334
Oceania,2023-01-22,564382.875,1023.2083333333334
Oceania,2024-03-22,617110.4166666666,1343.25
Oceania,2024-08-02,625064.2916666666,1370.9166666666667
North America,2020-07-06,83458.12195121951,4574.951219512195
North America,2020-10-31,253825.82926829267,8770.048780487805
North America,2021-11-25,1396150.0731707318,28486.048780487807
North America,2022-05-31,2428136.2439024393,35281.26829268293
North America,2022-12-20,2888974.8292682925,37626.170731707316
North America,2022-12-28,2903555.7073170734,37716.0
North America,2023-04-29,3023756.8536585364,38946.80487804878
North America,2023-06-07,3032199.3902439023,39121.12195121951
North America,2023-08-21,3032617.7804878047,39295.19512195122
North America,2024-01-08,3034961.1951219514,40090.41463414634
South America,2020-03-23,227.85714285714286,4.714285714285714
South America,2020-05-16,20461.428571428572,1529.2857142857142
South America,2020-09-07,477877.0714285714,19022.571428571428
South America,2021-03-02,1281299.2857142857,38869.92857142857
South America,2021-04-29,1728981.5714285714,54160.71428571428
South America,2021-05-12,1848031.2142857143,58501.71428571428
South America,2021-11-02,2747384.6428571427,83632.0
South America,2022-12-27,4751654.642857143,95737.57142857143
South America,2024-07-22,4914762.142857143,96727.28571428571
Asia,2020-01-10,0.02127659574468085,0.0
Asia,2021-03-26,556928.0,8629.020833333334
Asia,2021-06-08,1086660.75,14781.291666666666
Asia,2021-09-23,1539192.0,22892.479166666668
Asia,2023-07-30,6227245.375,34003.958333333336
Asia,2024-01-15,6409891.808510638,34813.78723404255
Europe,2020-01-08,0.0196078431372549,0.058823529411764705
Europe,2020-05-13,27565.29411764706,3093.529411764706
Europe,2020-10-15,116976.76470588235,4704.901960784314
Europe,2021-03-20,693175.5769230769,17283.384615384617
Europe,2021-06-09,901439.6346153846,21468.596153846152
Europe,2021-06-19,906883.4038461539,21599.096153846152
Europe,2021-08-31,1060447.1153846155,23212.365384615383
Europe,2022-01-28,2222437.980769231,31471.23076923077
Europe,2022-06-02,3865737.862745098,36715.294117647056
Europe,2022-10-03,4467488.137254902,38255.25490196078
Europe,2023-05-13,4871116.549019608,40511.41176470588
Europe,2023-11-18,4908306.607843137,40894.98039215686
Europe,2024-06-04,4953611.274509804,41194.13725490196
Africa,2021-05-21,83064.50877192983,2220.2982456140353
Africa,2021-10-13,148747.73684210525,3760.122807017544
Africa,2022-08-11,223986.1052631579,4512.122807017544
Africa,2023-02-26,228998.8596491228,4539.298245614035
Africa,2023-04-15,229385.24561403508,4541.122807017544
Africa,2023-12-09,230232.49122807017,4544.877192982456
Africa,2024-01-27,230497.19298245615,4545.298245614035
Oceania,2020-03-04,1.0833333333333333,0.0
Oceania,2020-05-03,340.7916666666667,5.25
Oceania,2020-05-09,340.7916666666667,5.25
Oceania,2020-05-17,352.4583333333333,5.458333333333333
Oceania,2021-04-07,2732.3333333333335,51.75
Oceania,2021-05-22,3087.4166666666665,56.708333333333336
Oceania,2021-06-25,3322.3333333333335,59.333333333333336
Oceania,2021-11-22,15496.958333333334,189.91666666666666
Oceania,2022-07-19,424175.375,697.9583333333334
Oceania,2022-12-11,538942.7083333334,947.875
Oceania,2023-02-08,567033.5833333334,1078.0833333333333
Oceania,2023-07-15,599045.8333333334,1218.875
Oceania,2023-12-28,610303.7083333334,1303.7916666666667
Oceania,2024-01-18,612364.7916666666,1312.8333333333333
Oceania,2024-04-19,621356.4583333334,1353.0416666666667
North America,2020-01-23,0.0,0.0
North America,2020-03-17,108.09756097560975,1.7560975609756098
North America,2020-05-01,24555.634146341465,1445.1463414634147
North America,2020-05-29,45236.34146341463,2964.6585365853657
North America,2020-10-19,240579.07317073172,8538.853658536585
North America,2021-02-18,772024.1219512195,18081.414634146342
North America,2021-05-14,923692.0487804879,21290.39024390244
North America,2022-05-13,2368182.6341463416,35062.92682926829
North America,2022-09-06,2749606.975609756,36503.365853658535
North America,2023-05-01,3026404.048780488,38978.439024390245
North America,2023-07-05,3032384.3170731706,39182.170731707316
South America,2020-01-06,0.0,0.0
South America,2020-07-12,201726.2857142857,9870.857142857143
South America,2020-10-23,642102.3571428572,24146.35714285714
South America,2020-11-29,788723.0714285715,27314.071428571428
South America,2021-07-22,2468703.4285714286,75615.85714285714
South America,2022-12-16,4685056.142857143,95519.78571428571
South America,2023-03-07,4855322.071428572,96494.85714285714
South America,2023-05-14,4896890.071428572,96583.28571428571
South America,2024-02-13,4908610.214285715,96686.07142857143
South America,2024-03-02,4910487.857142857,96695.64285714286
South America,2024-05-01,4914111.928571428,96721.85714285714
South America,2024-05-06,4914152.285714285,96723.28571428571
South America,2024-06-04,4914302.642857143,96725.14285714286
Asia,2020-01-13,0.9574468085106383,0.02127659574468085
Asia,2020-09-10,167370.21276595743,3181.744680851064
Asia,2021-07-02,1149361.1666666667,16341.020833333334
Asia,2022-03-06,2524523.0,28384.166666666668
Asia,2022-05-06,3074882.75,29724.041666666668
Asia,2022-10-31,3903453.625,31040.145833333332
Asia,2023-03-31,6150930.854166667,33848.6875
Asia,2023-04-10,6159385.854166667,33875.291666666664
Asia,2023-05-13,6182861.5,33938.1875
Asia,2023-06-18,6204598.333333333,33986.083333333336
Asia,2023-08-09,6241091.333333333,34012.979166666664
Asia,2024-03-30,6412549.744680851,34825.65957446808
Europe,2020-12-18,386451.29411764705,9668.862745098038
Europe,2021-01-30,555694.0,13791.326923076924
Europe,2021-07-08,928418.4807692308,21962.69230769231
Europe,2021-12-01,1407537.5,27917.903846153848
Europe,2021-12-30,1625259.1923076923,29892.69230769231
Europe,2022-08-21,4315006.156862745,37817.94117647059
Europe,2022-12-24,4727507.490196078,39263.21568627451
Europe,2023-04-16,4860482.549019608,40387.82352941176
Europe,2023-05-16,4873452.490196078,40542.27450980392
Europe,2023-06-13,4879942.039215687,40632.96078431373
Europe,2024-03-17,4948946.725490196,41172.78431372549
Europe,2024-08-01,4958388.647058823,41221.98039215686
Africa,2020-01-24,0.0,0.0
Africa,2020-01-30,0.0,0.0
Africa,2020-04-11,162.26315789473685,10.157894736842104
Africa,2020-06-08,3296.9122807017543,106.9298245614035
Africa,2020-08-15,18281.859649122805,449.89473684210526
Africa,2021-08-24,133422.26315789475,3332.4561403508774
Africa,2021-11-02,150910.1754385965,3836.5263157894738
Africa,2023-01-21,228396.57894736843,4536.087719298245
Africa,2024-02-28,230537.66666666666,4545.473684210527
Africa,2024-06-06,230587.19298245615,4545.684210526316
Oceania,2020-02-20,0.625,0.0
Oceania,2020-08-16,1056.5,22.75
Oceania,2020-11-10,1878.375,44.916666666666664
Oceania,2021-08-13,5281.708333333333,74.54166666666667
Oceania,2021-10-14,11781.416666666666,146.45833333333334
Oceania,2021-12-27,22790.416666666668,204.91666666666666
Oceania,2022-02-18,123494.625,345.5
Oceania,2022-06-22,384363.875,614.9583333333334
Oceania,2022-09-25,502252.2916666667,873.9583333333334
Oceania,2023-06-25,597532.8333333334,1216.25
Oceania,2023-09-01,601858.9583333334,1235.1666666666667
Oceania,2023-11-01,605122.9166666666,1260.75
Oceania,2024-06-21,623890.1666666666,1363.2083333333333
North America,2020-03-16,108.09756097560975,1.7560975609756098
North America,2020-12-09,416510.7073170732,10908.243902439024
North America,2023-06-19,3032290.7804878047,39153.12195121951
North America,2023-10-27,3033445.2195121953,39603.31707317073
South America,2020-12-17,851024.7142857143,28409.0
South America,2021-04-27,1728981.5714285714,54160.71428571428
South America,2021-10-01,2695911.8571428573,82330.35714285714
South America,2021-11-11,2756280.1428571427,83800.71428571429
South America,2022-01-06,2856312.1428571427,85224.92857142857
South America,2022-05-09,4068517.6428571427,92531.42857142857
South America,2023-02-05,4835195.428571428,96288.64285714286
South America,2024-05-09,4914152.285714285,96723.28571428571
Asia,2024-08-11,2.5175579E7,285487.0
Asia,2020-02-15,796.3617021276596,19.27659574468085
Asia,2021-02-25,506764.1041666667,8139.708333333333
Asia,2021-10-26,1638056.6875,24187.6875
Asia,2022-09-14,3753637.5,30743.166666666668
Asia,2022-10-03,3830812.7916666665,30892.958333333332
Asia,2022-12-30,5225753.0625,31643.020833333332
Asia,2023-07-22,6216721.708333333,33997.979166666664
Asia,2023-08-19,6242988.1875,34014.916666666664
Asia,2024-02-19,6411751.787234043,34819.936170212764
Asia,2024-04-14,6412813.44680851,34827.744680851065
Europe,2020-11-03,199381.9019607843,5533.098039215686
Europe,2021-07-21,959605.9807692308,22218.673076923078
Europe,2021-08-08,1009570.75,22662.71153846154
Europe,2021-11-30,1407537.5,27917.903846153848
Europe,2022-03-01,3065743.843137255,34289.43137254902
Europe,2022-05-01,3765606.6666666665,36348.92156862745
Europe,2022-12-04,4684286.882352941,39072.94117647059
Europe,2023-01-22,4782634.196078432,39759.098039215685
Europe,2023-07-16,4882629.705882353,40681.1568627451
Africa,2020-12-22,44018.45614035088,1039.298245614035
Africa,2021-01-06,49602.9649122807,1174.0526315789473
Africa,2021-06-21,91964.71929824562,2416.6491228070176
Africa,2024-01-18,230480.8245614035,4545.298245614035
Oceania,2020-03-07,1.0833333333333333,0.0
Oceania,2020-07-09,415.3333333333333,5.75
Oceania,2020-10-09,1417.2916666666667,41.708333333333336
Oceania,2021-08-31,7232.375,94.5
Oceania,2021-10-26,13347.75,163.29166666666666
Oceania,2023-12-07,608208.5416666666,1286.9583333333333
North America,2020-11-13,291327.7804878049,9297.536585365853
North America,2021-04-17,874752.6341463415,20582.60975609756
North America,2022-02-01,2136438.7560975607,31771.439024390245
North America,2022-11-26,2845577.6829268294,37335.19512195122
North America,2023-09-02,3032672.2195121953,39321.9756097561
North America,2024-05-14,3035994.1951219514,40626.34146341463
North America,2024-06-29,3036206.024390244,40681.26829268293
South America,2020-05-09,13892.42857142857,1005.8571428571429
South America,2021-02-02,1130846.4285714286,34331.5
South America,2021-05-05,1789338.4285714286,56432.78571428572
South America,2021-07-16,2426770.0714285714,74422.28571428571
South America,2022-03-18,3940112.214285714,90589.0
South America,2022-06-29,4235629.142857143,93127.71428571429
South America,2023-03-29,4870471.928571428,96578.85714285714
South America,2023-07-11,4897496.5,96590.71428571429
South America,2024-01-04,4901718.071428572,96638.85714285714
South America,2024-07-12,4914592.285714285,96727.07142857143
Asia,2024-08-14,5309410.0,37351.0
Asia,2020-09-16,186244.74468085106,3438.425531914894
Asia,2021-03-27,556928.0,8629.020833333334
Asia,2022-09-01,3676756.8333333335,30582.854166666668
Asia,2023-05-27,6192896.125,33959.0625
Asia,2023-08-07,6241091.333333333,34012.979166666664
Asia,2024-02-21,6411751.787234043,34819.936170212764
Asia,2024-06-16,6413901.29787234,34832.70212765958
Europe,2020-04-14,15008.941176470587,1659.4901960784314
Europe,2021-01-15,508132.03921568627,12500.686274509804
Europe,2021-05-09,868387.5384615385,20698.78846153846
Europe,2021-11-06,1242554.4807692308,25793.846153846152
Europe,2021-12-28,1625259.1923076923,29892.69230769231
Europe,2024-02-12,4945486.568627451,41155.07843137255
Europe,2024-08-04,4959154.274509804,41225.1568627451
Africa,2021-11-14,152266.8596491228,3878.877192982456
Africa,2022-05-03,212274.68421052632,4453.245614035088
Africa,2023-05-05,229509.1403508772,4542.087719298245
Africa,2023-06-09,229744.08771929826,4543.122807017544
Africa,2024-02-11,230527.1403508772,4545.3859649122805
Africa,2024-03-30,230551.31578947368,4545.543859649123
Oceania,2020-11-07,1743.5416666666667,44.083333333333336
Oceania,2021-02-19,2409.4166666666665,51.083333333333336
Oceania,2022-03-14,172340.16666666666,390.9583333333333
Oceania,2022-12-22,545289.3333333334,961.6666666666666
Oceania,2023-10-30,605122.9166666666,1260.75
Oceania,2023-12-04,608208.5416666666,1286.9583333333333
Oceania,2024-04-28,621835.875,1356.2083333333333
Oceania,2024-05-07,622123.9166666666,1357.3333333333333
North America,2021-02-10,752889.1463414634,17397.853658536584
North America,2021-11-05,1348816.3658536586,27729.634146341465
North America,2022-09-23,2773414.2682926827,36664.243902439026
North America,2023-01-13,2928273.7317073173,37875.46341463415
North America,2023-03-11,2995870.975609756,38615.0243902439
North America,2023-08-13,3032571.926829268,39272.07317073171
North America,2023-10-31,3033567.1707317075,39637.46341463415
North America,2024-01-31,3035287.7073170734,40269.829268292684
South America,2020-01-21,0.0,0.0
South America,2020-06-10,77691.0,4795.0
South America,2020-09-03,441993.5,17981.35714285714
South America,2021-07-29,2509079.5,77267.35714285714
South America,2022-05-13,4068517.6428571427,92531.42857142857
South America,2023-04-11,4880587.857142857,96399.07142857143
South America,2023-06-13,4897149.428571428,96588.5
South America,2024-01-09,4902841.142857143,96646.14285714286
Asia,2020-03-03,1801.9574468085107,62.57446808510638
Asia,2020-04-28,9731.212765957447,360.0425531914894
Asia,2020-12-04,366363.40425531915,6129.893617021276
Asia,2021-09-02,1444978.25,21399.270833333332
Asia,2021-12-11,1720885.1458333333,25526.833333333332
Asia,2022-04-07,2931073.3333333335,29325.3125
Asia,2023-02-07,6109108.145833333,33641.229166666664
Asia,2023-05-26,6192896.125,33959.0625
Asia,2023-08-14,6242988.1875,34014.916666666664
Asia,2024-03-04,6412145.234042553,34822.72340425532
Europe,2020-03-23,3492.156862745098,203.33333333333334
Europe,2021-12-14,1506552.826923077,28979.96153846154
Europe,2022-05-26,3848340.1764705884,36646.58823529412
Europe,2022-06-23,3934799.098039216,36893.1568627451
Europe,2024-05-27,4953204.294117647,41192.1568627451
Europe,2024-08-03,4958388.647058823,41221.98039215686
Africa,2020-05-24,1935.3859649122808,63.29824561403509
Africa,2020-07-30,14681.157894736842,355.7894736842105
Africa,2021-05-18,83064.50877192983,2220.2982456140353
Africa,2022-01-29,189816.12280701756,4154.070175438596
Africa,2022-04-21,210656.7894736842,4446.0
Africa,2022-05-27,215505.19298245615,4468.105263157895
Africa,2022-09-29,225766.38596491228,4522.894736842105
Africa,2023-01-08,228223.7894736842,4535.596491228071
Africa,2023-06-18,229803.61403508772,4543.456140350877
Oceania,2020-01-09,0.0,0.0
Oceania,2020-01-23,0.0,0.0
Oceania,2020-08-06,795.5833333333334,12.541666666666666
Oceania,2020-11-18,1987.5833333333333,45.791666666666664
Oceania,2020-12-05,2132.4166666666665,47.458333333333336
Oceania,2021-10-21,12569.083333333334,156.25
Oceania,2021-12-29,22790.416666666668,204.91666666666666
Oceania,2022-06-02,354829.0,560.1666666666666
Oceania,2022-06-20,384363.875,614.9583333333334
Oceania,2022-11-01,514072.0,896.125
Oceania,2023-03-27,575352.8333333334,1111.5
Oceania,2023-10-08,604036.1666666666,1251.4166666666667
Oceania,2024-02-09,614260.5416666666,1328.0833333333333
Oceania,2024-05-20,622995.2083333334,1360.0833333333333
Oceania,2024-07-14,624877.25,1368.75
North America,2020-04-09,7925.390243902439,227.02439024390245
North America,2020-10-26,253825.82926829267,8770.048780487805
North America,2022-02-11,2200369.56097561,32365.853658536584
North America,2022-03-06,2285924.3414634145,34044.95121951219
North America,2022-11-17,2837874.3170731706,37270.829268292684
North America,2023-02-02,2958600.1219512196,38213.78048780488
North America,2023-05-26,3031847.56097561,39084.0
North America,2024-02-27,3035579.3414634145,40424.12195121951
North America,2024-04-22,3035880.5853658537,40595.170731707316
South America,2020-06-07,77691.0,4795.0
South America,2021-02-13,1170147.7142857143,35467.642857142855
South America,2021-05-27,1977754.5714285714,62447.357142857145
South America,2021-08-01,2541042.5,78214.92857142857
South America,2021-10-04,2707990.4285714286,82658.71428571429
South America,2023-12-11,4900907.428571428,96631.78571428571
South America,2024-02-24,4909509.285714285,96691.21428571429
South America,2024-04-18,4914004.214285715,96718.0
South America,2024-06-10,4914349.142857143,96725.92857142857
Asia,2020-02-10,796.3617021276596,19.27659574468085
Asia,2020-06-28,46053.87234042553,1146.2978723404256
Asia,2021-06-17,1109862.9791666667,15448.520833333334
Asia,2021-09-17,1511449.1875,22458.1875
Asia,2022-03-24,2758874.7291666665,28892.6875
Asia,2022-09-27,3810460.125,30852.479166666668
Asia,2022-11-22,3975835.3958333335,31194.9375
Asia,2023-01-24,6079999.0625,32379.458333333332
Asia,2024-01-05,6407689.617021277,34807.04255319149
Europe,2021-07-25,977400.5961538461,22357.076923076922
Europe,2021-08-19,1026060.0576923077,22831.0
Europe,2022-08-04,4235465.392156863,37500.62745098039
Europe,2022-09-12,4380616.568627451,38042.490196078434
Europe,2023-06-25,4881548.039215687,40659.76470588235
Europe,2023-10-11,4897413.215686275,40807.62745098039
Europe,2024-07-25,4957493.450980392,41217.549019607846
Africa,2020-03-05,0.05263157894736842,0.0
Africa,2020-11-25,36360.73684210526,876.2631578947369
Africa,2021-01-29,60393.98245614035,1489.2456140350878
Africa,2021-07-19,109914.85964912281,2773.0
Africa,2021-09-23,144980.75438596492,3635.0526315789475
Africa,2021-11-03,150910.1754385965,3836.5263157894738
Africa,2022-09-23,225633.28070175438,4522.140350877193
Africa,2023-10-30,230101.9649122807,4544.508771929824
Africa,2023-11-05,230111.1403508772,4544.543859649123
Africa,2023-11-23,230146.94736842104,4544.736842105263
Oceania,2020-03-28,49.458333333333336,0.375
Oceania,2020-04-09,278.2916666666667,1.75
Oceania,2020-12-01,2132.4166666666665,47.458333333333336
Oceania,2021-09-23,9391.333333333334,117.58333333333333
Oceania,2021-10-24,13347.75,163.29166666666666
Oceania,2022-08-19,477834.3333333333,810.125
North America,2021-03-29,847466.6341463415,20192.29268292683
North America,2021-04-07,860678.8048780488,20393.731707317074
North America,2021-07-05,967527.243902439,22206.243902439026
North America,2021-08-27,1106336.1219512196,23655.048780487807
North America,2021-10-14,1302649.0731707318,26763.60975609756
North America,2021-12-09,1431864.536585366,28899.829268292684
North America,2023-11-04,3033567.1707317075,39637.46341463415
North America,2023-12-17,3034521.9024390243,39919.90243902439
North America,2024-02-11,3035449.487804878,40354.78048780488
South America,2020-02-29,0.0,0.0
South America,2020-10-11,617972.3571428572,23502.571428571428
South America,2022-02-06,3583052.1428571427,87666.21428571429
South America,2022-05-28,4096469.4285714286,92670.14285714286
South America,2023-10-07,4898314.428571428,96598.35714285714
South America,2024-02-11,4908610.214285715,96686.07142857143
South America,2024-02-16,4908610.214285715,96686.07142857143
South America,2024-06-11,4914349.142857143,96725.92857142857
Asia,2024-08-13,5309410.0,37351.0
Asia,2020-07-20,70147.8085106383,1651.0425531914893
Asia,2020-10-15,259195.40425531915,4484.31914893617
Asia,2020-11-08,318149.89361702127,5388.063829787234
Asia,2020-12-31,429593.8510638298,7030.893617021276
Asia,2022-05-09,3093057.5,29764.6875
Asia,2022-08-04,3424595.25,30227.270833333332
Asia,2022-09-03,3676756.8333333335,30582.854166666668
Asia,2022-10-22,3866508.2083333335,30965.625
Asia,2023-07-03,6210283.395833333,33993.708333333336
Asia,2023-08-13,6242988.1875,34014.916666666664
Asia,2023-08-22,6247779.875,34018.895833333336
Asia,2023-12-19,6403939.531914894,34802.765957446805
Asia,2024-01-24,6410558.595744681,34815.70212765958
Europe,2020-03-12,213.62745098039215,5.862745098039215
Europe,2020-10-04,103053.49019607843,4577.333333333333
Europe,2021-08-05,993647.6538461539,22504.46153846154
Europe,2022-08-05,4235465.392156863,37500.62745098039
Europe,2023-07-27,4882966.352941177,40686.470588235294
Europe,2023-11-26,4915116.529411765,40934.8431372549
Africa,2020-02-21,0.017543859649122806,0.0
Africa,2021-05-27,84226.33333333333,2257.0175438596493
Africa,2021-09-28,146594.73684210525,3684.1403508771928
Africa,2021-10-28,150246.49122807017,3813.1754385964914
Africa,2022-02-02,194178.24561403508,4196.350877192983
Africa,2022-03-09,206284.84210526315,4406.649122807017
Africa,2022-04-22,210656.7894736842,4446.0
Africa,2023-05-29,229685.1754385965,4542.964912280701
Oceania,2020-06-04,359.6666666666667,5.666666666666667
Oceania,2020-08-11,944.8333333333334,17.0
Oceania,2021-02-25,2422.0,51.25
Oceania,2021-04-25,2918.0833333333335,51.833333333333336
Oceania,2021-04-29,2918.0833333333335,51.833333333333336
Oceania,2021-09-07,7910.916666666667,102.125
Oceania,2023-05-02,583519.0833333334,1142.2916666666667
Oceania,2023-06-05,593354.3333333334,1191.0
Oceania,2023-11-15,606209.4583333334,1269.5833333333333
Oceania,2024-04-17,621356.4583333334,1353.0416666666667
North America,2020-01-29,0.1951219512195122,0.0
North America,2020-10-07,218906.19512195123,8147.463414634146
North America,2021-11-17,1378090.8292682928,28194.51219512195
North America,2022-02-26,2259992.975609756,33380.65853658537
North America,2022-05-12,2368182.6341463416,35062.92682926829
North America,2022-08-13,2676593.6341463416,36102.829268292684
North America,2024-03-12,3035676.463414634,40485.0243902439
South America,2020-04-07,1605.5714285714287,67.64285714285714
South America,2020-05-13,20461.428571428572,1529.2857142857142
South America,2022-01-09,2934622.5714285714,85425.07142857143
South America,2022-01-15,2934622.5714285714,85425.07142857143
South America,2022-05-24,4096469.4285714286,92670.14285714286
South America,2022-07-05,4276782.857142857,93269.14285714286
South America,2023-01-06,4777658.357142857,95857.5
South America,2023-12-25,4901428.0,96637.14285714286
South America,2024-02-10,4907622.357142857,96679.78571428571
Asia,2020-04-24,7823.31914893617,305.3829787234043
Asia,2020-05-22,16466.31914893617,517.531914893617
Asia,2021-01-27,476816.21276595746,7735.829787234043
Asia,2022-06-30,3230474.5,30014.375
Asia,2022-09-26,3810460.125,30852.479166666668
Asia,2023-06-16,6203530.770833333,33981.770833333336
Asia,2023-09-02,6253978.020833333,34025.25
Asia,2024-02-27,6411953.55319149,34821.0
Asia,2024-06-04,6413611.021276596,34832.085106382976
Europe,2020-01-18,0.0392156862745098,0.058823529411764705
Europe,2020-04-02,7438.254901960784,570.6078431372549
Europe,2021-02-25,632798.8653846154,16097.846153846154
Europe,2021-12-19,1559329.9807692308,29464.28846153846
Europe,2022-07-06,4028203.862745098,37034.07843137255
Europe,2023-05-20,4873452.490196078,40542.27450980392
Africa,2020-04-15,255.96491228070175,16.385964912280702
Africa,2022-03-13,207516.0350877193,4417.0
Africa,2022-05-31,216193.9298245614,4472.684210526316
Africa,2023-05-23,229656.8947368421,4542.824561403509
Africa,2023-11-10,230111.1403508772,4544.543859649123
Africa,2024-01-16,230480.8245614035,4545.298245614035
Oceania,2021-06-03,3179.0416666666665,58.75
Oceania,2022-03-19,172340.16666666666,390.9583333333333
Oceania,2022-06-16,375126.75,597.7083333333334
Oceania,2022-10-29,511082.5833333333,891.5
Oceania,2022-11-25,522721.7916666667,914.9166666666666
Oceania,2022-12-08,532758.2083333334,935.4583333333334
Oceania,2022-12-17,538942.7083333334,947.875
Oceania,2023-10-17,604354.2916666666,1253.9166666666667
Oceania,2024-01-01,610757.6666666666,1306.75
North America,2020-07-27,122191.17073170732,5525.878048780488
North America,2021-06-24,958063.1707317074,22013.682926829268
North America,2021-11-03,1348816.3658536586,27729.634146341465
North America,2022-02-02,2136438.7560975607,31771.439024390245
North America,2023-09-07,3032733.048780488,39352.29268292683
North America,2024-05-01,3035915.4146341463,40606.34146341463
South America,2020-01-13,0.0,0.0
South America,2020-12-03,788723.0714285715,27314.071428571428
South America,2021-12-05,2795455.0714285714,84581.78571428571
South America,2022-05-18,4082372.285714286,92600.35714285714
South America,2023-05-04,4891778.928571428,96504.07142857143
South America,2023-09-02,4897922.571428572,96593.64285714286
South America,2023-10-19,4898630.142857143,96602.78571428571
South America,2024-01-01,4901718.071428572,96638.85714285714
South America,2024-02-28,4910487.857142857,96695.64285714286
South America,2024-06-01,4914262.428571428,96724.78571428571
Asia,2021-01-05,441180.3404255319,7227.148936170212
Asia,2021-01-19,465725.25531914894,7569.893617021276
Asia,2021-05-23,1016686.9166666666,13411.520833333334
Asia,2021-07-13,1195145.6666666667,17100.1875
Asia,2021-08-06,1291387.4791666667,18755.666666666668
Asia,2021-10-17,1621884.875,23976.541666666668
Asia,2024-02-09,6411342.191489362,34818.425531914894
Europe,2020-05-01,21600.392156862745,2569.627450980392
Europe,2021-01-07,473551.0588235294,11785.666666666666
Europe,2022-01-04,1733222.4615384615,30296.826923076922
Europe,2022-08-25,4315006.156862745,37817.94117647059
Europe,2022-12-21,4727507.490196078,39263.21568627451
Europe,2023-02-01,4788052.549019608,39815.117647058825
Europe,2023-04-10,4855989.725490196,40343.450980392154
Europe,2023-05-30,4877183.37254902,40592.294117647056
Europe,2024-01-15,4941130.196078432,41112.86274509804
Europe,2024-02-22,4946322.05882353,41159.117647058825
Europe,2024-03-04,4947733.68627451,41166.74509803922
Europe,2024-07-26,4957493.450980392,41217.549019607846
Africa,2020-03-28,23.45614035087719,0.47368421052631576
Africa,2020-06-06,2536.4561403508774,77.49122807017544
Africa,2020-12-11,39748.82456140351,948.8070175438596
Africa,2021-02-17,66179.87719298246,1726.438596491228
Africa,2021-03-14,71251.77192982456,1891.298245614035
Africa,2021-05-14,82049.15789473684,2186.1754385964914
Africa,2021-09-30,146594.73684210525,3684.1403508771928
Africa,2022-01-12,180091.75438596492,4067.7368421052633
Africa,2022-09-21,225633.28070175438,4522.140350877193
Africa,2023-03-24,229252.8596491228,4540.298245614035
Africa,2023-04-19,229423.40350877194,4541.526315789473
Africa,2023-10-12,230069.70175438595,4544.456140350877
Africa,2024-05-11,230573.54385964913,4545.666666666667
Oceania,2020-12-06,2188.1666666666665,47.791666666666664
Oceania,2021-08-29,7232.375,94.5
Oceania,2022-08-12,467999.3333333333,787.5833333333334
Oceania,2022-11-02,514072.0,896.125
Oceania,2023-02-13,568084.3333333334,1083.625
Oceania,2024-03-14,616797.9583333334,1342.2083333333333
Oceania,2024-07-07,624743.7083333334,1367.4583333333333
North America,2021-02-01,728716.0243902439,16662.951219512193
North America,2022-07-01,2512033.048780488,35536.26829268293
North America,2022-08-23,2715912.463414634,36311.365853658535
North America,2023-06-17,3032246.8536585364,39137.41463414634
North America,2023-12-14,3034385.3414634145,39872.95121951219
North America,2024-02-18,3035519.073170732,40390.31707317073
North America,2024-07-08,3036271.8536585364,40703.14634146341
South America,2020-02-01,0.0,0.0
South America,2020-04-14,3313.785714285714,173.42857142857142
South America,2020-08-30,441993.5,17981.35714285714
South America,2021-01-26,1086361.5,33177.78571428572
South America,2021-03-14,1372020.0,41533.21428571428
South America,2021-05-08,1789338.4285714286,56432.78571428572
South America,2021-05-16,1909891.5,60446.0
South America,2021-06-22,2252553.1428571427,69828.42857142857
South America,2021-09-14,2663283.5714285714,81583.71428571429
South America,2021-10-29,2737633.0714285714,83409.85714285714
South America,2022-01-02,2856312.1428571427,85224.92857142857
South America,2022-11-07,4603460.714285715,95229.5
South America,2024-07-05,4914523.357142857,96726.85714285714
Asia,2020-05-12,13735.787234042553,464.1276595744681
Asia,2020-11-11,318149.89361702127,5388.063829787234
Asia,2021-03-04,517217.3541666667,8264.5625
Asia,2021-04-11,642114.0833333334,9318.4375
Asia,2021-05-02,831544.4583333334,10983.0
Asia,2023-06-08,6199834.25,33973.6875
Asia,2024-01-11,6408490.361702127,34811.87234042553
Asia,2024-05-15,6413268.638297873,34830.17021276596
Europe,2020-04-27,21600.392156862745,2569.627450980392
Europe,2020-12-13,386451.29411764705,9668.862745098038
Europe,2021-08-22,1043249.5576923077,23017.55769230769
Europe,2022-01-07,1733222.4615384615,30296.826923076922
Europe,2022-07-01,3974946.274509804,36958.21568627451
Europe,2022-07-02,3974946.274509804,36958.21568627451
Europe,2022-10-27,4573408.431372549,38585.23529411765
Europe,2022-11-06,4612586.019607843,38771.333333333336
Europe,2023-08-17,4884462.490196078,40705.78431372549
Europe,2023-10-23,4901596.431372549,40847.686274509804
Europe,2023-11-12,4908306.607843137,40894.98039215686
Europe,2024-02-16,4945486.568627451,41155.07843137255
Europe,2024-03-12,4948342.470588235,41169.56862745098
Europe,2024-06-20,4954484.94117647,41199.21568627451
Africa,2020-06-16,4195.859649122807,134.0
Africa,2020-08-14,18281.859649122805,449.89473684210526
Africa,2022-02-19,200490.54385964913,4292.789473684211
Africa,2023-12-07,230232.49122807017,4544.877192982456
Oceania,2020-01-24,0.0,0.0
Oceania,2020-03-13,3.125,0.16666666666666666
Oceania,2020-04-02,183.16666666666666,0.75
Oceania,2020-09-02,1221.3333333333333,31.875
Oceania,2020-09-13,1316.25,37.0
Oceania,2022-09-22,500131.4583333333,867.8333333333334
Oceania,2023-05-12,585181.5416666666,1151.8333333333333
Oceania,2023-08-18,601098.625,1227.9583333333333
Oceania,2024-03-05,616362.0833333334,1339.9583333333333
Oceania,2024-03-16,616797.9583333334,1342.2083333333333
Oceania,2024-04-30,621835.875,1356.2083333333333
Oceania,2024-06-16,623890.1666666666,1363.2083333333333
Oceania,2024-06-27,624043.9583333334,1364.75
North America,2020-12-25,497569.1219512195,12113.024390243903
North America,2021-04-21,889398.1951219512,20772.634146341465
North America,2021-08-24,1106336.1219512196,23655.048780487807
North America,2021-09-04,1139556.5853658537,24089.463414634145
North America,2022-06-08,2447700.926829268,35344.85365853659
North America,2022-07-03,2537413.073170732,35615.70731707317
North America,2023-12-19,3034521.9024390243,39919.90243902439
North America,2024-01-12,3034961.1951219514,40090.41463414634
North America,2024-03-18,3035719.6829268294,40511.365853658535
North America,2024-04-17,3035849.0975609757,40582.34146341463
South America,2020-10-08,591044.1428571428,22751.35714285714
South America,2021-04-05,1539719.2857142857,47165.142857142855
South America,2022-06-03,4116574.5714285714,92748.92857142857
South America,2022-09-02,4536108.857142857,94598.0
South America,2022-11-02,4598321.571428572,95190.0
South America,2022-11-20,4622947.5,95314.07142857143
South America,2023-01-29,4828263.857142857,96205.07142857143
South America,2023-07-09,4897496.5,96590.71428571429
South America,2024-03-25,4913515.071428572,96710.78571428571
Asia,2021-12-01,1708480.0625,25279.083333333332
Asia,2022-03-23,2758874.7291666665,28892.6875
Asia,2022-07-06,3248411.0416666665,30048.104166666668
Asia,2022-08-07,3500760.5,30302.5625
Asia,2022-08-12,3500760.5,30302.5625
Asia,2023-01-26,6079999.0625,32379.458333333332
Asia,2023-07-16,6216721.708333333,33997.979166666664
Asia,2024-05-12,6413268.638297873,34830.17021276596
Asia,2024-07-06,6414235.744680851,34833.617021276594
Europe,2020-01-19,0.0784313725490196,0.058823529411764705
Europe,2020-10-16,116976.76470588235,4704.901960784314
Europe,2021-09-23,1109007.826923077,23862.903846153848
Europe,2022-08-09,4265883.882352941,37617.39215686275
Europe,2022-11-17,4628064.68627451,38847.666666666664
Europe,2022-12-01,4663422.901960785,38994.25490196078
Europe,2023-03-18,4831356.94117647,40126.07843137255
Europe,2023-04-26,4864668.156862745,40433.96078431373
Europe,2023-06-27,4881548.039215687,40659.76470588235
Africa,2021-01-17,57158.350877192985,1379.3508771929824
Africa,2022-01-14,180091.75438596492,4067.7368421052633
Africa,2023-01-26,228548.2105263158,4537.1578947368425
Africa,2024-04-10,230558.8245614035,4545.596491228071
Oceania,2021-01-31,2388.6666666666665,50.875
Oceania,2021-09-11,7910.916666666667,102.125
Oceania,2023-02-25,569150.75,1088.2083333333333
Oceania,2023-05-05,583519.0833333334,1142.2916666666667
Oceania,2023-06-09,593354.3333333334,1191.0
Oceania,2023-11-20,606870.125,1274.9583333333333
North America,2020-01-12,0.0,0.0
North America,2020-02-06,0.3170731707317073,0.0
North America,2020-04-01,3312.5365853658536,54.51219512195122
North America,2020-05-20,40226.60975609756,2638.121951219512
North America,2020-06-03,49887.39024390244,3254.9756097560976
North America,2020-12-14,456379.60975609755,11488.414634146342
North America,2022-06-22,2489605.4146341463,35461.90243902439
North America,2022-06-29,2512033.048780488,35536.26829268293
North America,2023-02-16,2974521.048780488,38406.41463414634
North America,2023-12-07,3034249.975609756,39826.92682926829
South America,2021-12-31,2825022.5,85084.92857142857
South America,2022-04-08,4011756.285714286,92055.28571428571
South America,2022-04-09,4011756.285714286,92055.28571428571
South America,2023-02-26,4849829.214285715,96456.21428571429
South America,2023-07-08,4897411.071428572,96590.35714285714
South America,2023-08-09,4897758.714285715,96592.5
South America,2024-04-12,4913918.071428572,96715.35714285714
Asia,2020-03-27,2570.2127659574467,108.74468085106383
Asia,2022-04-14,2986409.9375,29453.541666666668
Asia,2022-09-12,3753637.5,30743.166666666668
Asia,2022-12-16,4083604.3958333335,31367.0
Asia,2023-07-29,6221301.041666667,34001.1875
Asia,2023-09-28,6263241.229166667,34034.916666666664
Asia,2023-12-18,6403939.531914894,34802.765957446805
Asia,2024-02-28,6411953.55319149,34821.0
Asia,2024-05-10,6413143.70212766,34829.574468085106
Europe,2020-04-20,18404.666666666668,2164.372549019608
Europe,2020-04-24,18404.666666666668,2164.372549019608
Europe,2021-03-04,651477.5576923077,16499.46153846154
Europe,2022-02-07,2629029.9615384615,32329.615384615383
Europe,2022-04-17,3679592.274509804,36060.56862745098
Europe,2022-11-12,4612586.019607843,38771.333333333336
Europe,2023-07-26,4882966.352941177,40686.470588235294
Europe,2023-11-01,4903557.0,40859.17647058824
Europe,2024-03-07,4947733.68627451,41166.74509803922
Africa,2020-04-25,382.96491228070175,25.894736842105264
Africa,2020-04-29,549.5087719298245,30.964912280701753
Africa,2021-01-30,60393.98245614035,1489.2456140350878
Africa,2021-06-24,91964.71929824562,2416.6491228070176
Africa,2022-06-09,216811.1403508772,4477.0
Africa,2022-12-22,227790.66666666666,4534.2807017543855
Africa,2023-11-07,230111.1403508772,4544.543859649123
Africa,2024-03-09,230540.15789473685,4545.508771929824
Oceania,2020-07-08,415.3333333333333,5.75
Oceania,2021-04-09,2732.3333333333335,51.75
Oceania,2021-11-18,14969.041666666666,182.0
Oceania,2022-04-05,233212.45833333334,424.5833333333333
Oceania,2022-06-26,394865.7916666667,632.2916666666666
Oceania,2023-11-02,605122.9166666666,1260.75
Oceania,2024-01-30,613723.625,1325.0416666666667
North America,2020-04-11,7925.390243902439,227.02439024390245
North America,2020-05-25,45236.34146341463,2964.6585365853657
North America,2020-11-10,291327.7804878049,9297.536585365853
North America,2024-07-01,3036239.073170732,40691.58536585366
South America,2020-08-12,333718.21428571426,14571.785714285714
South America,2020-11-26,762923.2142857143,26817.35714285714
South America,2021-03-01,1281299.2857142857,38869.92857142857
South America,2021-09-02,2634729.214285714,80794.21428571429
South America,2021-12-02,2785874.785714286,84371.42857142857
South America,2022-07-27,4403292.857142857,93769.85714285714
South America,2022-12-15,4685056.142857143,95519.78571428571
South America,2023-08-02,4897701.714285715,96592.21428571429
South America,2023-10-20,4898630.142857143,96602.78571428571
South America,2024-04-14,4914004.214285715,96718.0
South America,2024-08-04,4914958.428571428,96727.64285714286
Asia,2020-06-15,33501.46808510638,840.4042553191489
Asia,2021-05-27,1016686.9166666666,13411.520833333334
Asia,2021-07-10,1170516.75,16686.3125
Asia,2021-12-29,1754384.3125,26066.583333333332
Asia,2022-01-01,1754384.3125,26066.583333333332
Asia,2022-01-09,1805215.7916666667,26373.395833333332
Asia,2023-08-05,6227245.375,34003.958333333336
Asia,2024-03-10,6412284.234042553,34823.55319148936
Europe,2020-10-02,93592.37254901961,4480.921568627451
Europe,2020-10-20,136174.98039215687,4876.568627450981
Europe,2021-11-16,1314159.1538461538,26810.923076923078
Europe,2022-11-01,4595959.666666667,38687.60784313725
Europe,2022-11-04,4595959.666666667,38687.60784313725
Europe,2023-03-25,4838520.647058823,40185.490196078434
Europe,2023-05-15,4873452.490196078,40542.27450980392
Europe,2023-12-17,4929572.843137255,41013.76470588235
Europe,2024-07-03,4955485.0784313725,41206.705882352944
Africa,2020-06-15,4195.859649122807,134.0
Africa,2020-07-05,8298.578947368422,241.8421052631579
Africa,2020-07-07,8298.578947368422,241.8421052631579
Africa,2020-12-02,38007.70175438596,912.6491228070175
Africa,2021-09-15,142786.26315789475,3577.1052631578946
Africa,2022-06-04,216193.9298245614,4472.684210526316
Africa,2022-11-29,227253.1052631579,4530.7192982456145
Africa,2022-12-11,227616.0701754386,4533.578947368421
Africa,2023-01-23,228548.2105263158,4537.1578947368425
Africa,2023-10-18,230082.1403508772,4544.473684210527
Africa,2024-02-08,230518.56140350876,4545.368421052632
Africa,2024-06-16,230594.19298245615,4545.684210526316
Oceania,2020-05-19,352.4583333333333,5.458333333333333
Oceania,2020-05-30,356.125,5.625
Oceania,2020-07-23,546.375,6.583333333333333
Oceania,2020-09-20,1351.0833333333333,38.958333333333336
Oceania,2020-09-23,1351.0833333333333,38.958333333333336
Oceania,2021-02-16,2409.4166666666665,51.083333333333336
Oceania,2021-07-14,3746.0,61.833333333333336
Oceania,2022-01-01,22790.416666666668,204.91666666666666
Oceania,2022-09-03,490621.875,840.5
Oceania,2023-04-08,576844.0,1116.8333333333333
Oceania,2023-07-11,599045.8333333334,1218.875
Oceania,2023-08-06,600718.0,1225.5416666666667
Oceania,2024-03-30,617363.4166666666,1346.0416666666667
Oceania,2024-04-06,620616.4166666666,1348.0416666666667
North America,2021-03-20,823650.1951219512,19726.829268292684
North America,2021-04-26,902414.3902439025,20953.243902439026
North America,2021-07-15,977953.756097561,22294.756097560974
North America,2023-04-10,3017661.6097560977,38874.14634146341
North America,2023-09-16,3032801.56097561,39386.0
North America,2024-02-25,3035579.3414634145,40424.12195121951
North America,2024-03-29,3035755.536585366,40533.09756097561
North America,2024-05-31,3036086.8292682925,40644.73170731707
South America,2020-04-19,5358.214285714285,336.35714285714283
South America,2020-07-31,261502.64285714287,12205.642857142857
South America,2020-09-15,505738.4285714286,20300.0
South America,2020-11-04,692497.7142857143,25302.35714285714
South America,2021-02-15,1206864.7142857143,36625.92857142857
South America,2021-05-02,1789338.4285714286,56432.78571428572
South America,2021-06-02,2044955.142857143,64340.28571428572
South America,2022-12-19,4721601.071428572,95633.92857142857
South America,2023-06-30,4897318.428571428,96590.07142857143
South America,2023-08-29,4897922.571428572,96593.64285714286
South America,2024-01-18,4903907.714285715,96656.21428571429
South America,2024-02-20,4909509.285714285,96691.21428571429
South America,2024-05-05,4914152.285714285,96723.28571428571
Asia,2020-01-26,42.787234042553195,1.1914893617021276
Asia,2020-05-05,11531.553191489362,410.40425531914894
Asia,2020-07-10,53518.936170212764,1300.723404255319
Asia,2020-07-14,61415.48936170213,1464.7659574468084
Asia,2020-10-10,242207.085106383,4233.531914893617
Asia,2022-03-22,2758874.7291666665,28892.6875
Asia,2022-04-24,3053885.9166666665,29626.541666666668
Asia,2022-05-14,3093057.5,29764.6875
Asia,2023-07-23,6221301.041666667,34001.1875
Asia,2024-07-28,6414778.382978723,34834.72340425532
Europe,2020-02-05,0.5882352941176471,0.19607843137254902
Europe,2020-03-06,33.27450980392157,0.8627450980392157
Europe,2020-06-19,39133.76470588235,3676.607843137255
Europe,2020-08-23,63349.490196078434,4161.294117647059
Europe,2021-03-08,671342.1538461539,16885.71153846154
Europe,2022-10-24,4573408.431372549,38585.23529411765
Europe,2023-01-01,4759594.470588235,39492.76470588235
Europe,2023-03-05,4824288.176470588,40072.39215686275
Europe,2023-03-09,4824288.176470588,40072.39215686275
Europe,2023-10-20,4899622.647058823,40826.94117647059
Europe,2024-04-21,4951424.62745098,41184.27450980392
Africa,2020-03-17,5.508771929824562,0.15789473684210525
Africa,2022-01-01,169024.8245614035,3995.7017543859647
Africa,2023-06-04,229744.08771929826,4543.122807017544
Africa,2023-12-12,230292.22807017545,4544.912280701755
Oceania,2020-09-18,1316.25,37.0
Oceania,2021-01-26,2374.9166666666665,50.708333333333336
Oceania,2021-06-10,3229.0833333333335,58.833333333333336
Oceania,2021-09-22,9391.333333333334,117.58333333333333
Oceania,2022-07-23,424175.375,697.9583333333334
Oceania,2022-09-05,494662.3333333333,850.625
Oceania,2023-01-18,562359.1666666666,1023.2083333333334
Oceania,2023-04-04,576844.0,1116.8333333333333
Oceania,2023-08-26,601505.125,1231.5416666666667
Oceania,2024-03-11,616797.9583333334,1342.2083333333333
North America,2020-10-22,240579.07317073172,8538.853658536585
North America,2020-11-05,269779.1951219512,9017.536585365853
North America,2020-11-28,350038.243902439,9999.048780487805
North America,2021-08-21,1074407.1219512196,23278.756097560974
North America,2022-05-24,2407056.951219512,35200.560975609755
North America,2022-08-03,2652795.073170732,35995.87804878049
North America,2022-10-21,2807451.43902439,36961.09756097561
North America,2023-02-07,2966693.8536585364,38311.29268292683
North America,2023-08-22,3032617.7804878047,39295.19512195122
South America,2020-03-07,0.14285714285714285,0.0
South America,2020-03-11,5.0,0.14285714285714285
South America,2020-06-19,98139.42857142857,5782.785714285715
South America,2020-10-07,591044.1428571428,22751.35714285714
South America,2021-12-14,2804648.3571428573,84762.78571428571
South America,2022-02-04,3428291.785714286,86919.78571428571
South America,2023-05-18,4896890.071428572,96583.28571428571
South America,2024-05-30,4914262.428571428,96724.78571428571
South America,2024-07-03,4914523.357142857,96726.85714285714
Asia,2020-01-28,42.787234042553195,1.1914893617021276
Asia,2020-04-11,4548.489361702128,176.59574468085106
Asia,2020-10-07,242207.085106383,4233.531914893617
Asia,2021-05-18,965919.6875,12584.979166666666
Asia,2022-04-21,3025937.75,29545.354166666668
Asia,2022-08-29,3676756.8333333335,30582.854166666668
Asia,2022-12-21,4347785.833333333,31458.3125
Asia,2023-10-24,6265161.166666667,34069.125
Asia,2023-11-15,6266568.541666667,34074.666666666664
Asia,2024-04-10,6412731.042553191,34827.1914893617
Europe,2020-02-24,4.0,0.29411764705882354
Europe,2020-08-05,53424.58823529412,4023.274509803922
Europe,2021-10-23,1184312.6923076923,24966.05769230769
Europe,2022-06-04,3865737.862745098,36715.294117647056
Europe,2022-11-07,4612586.019607843,38771.333333333336
Europe,2023-08-26,4885163.470588235,40714.56862745098
Europe,2023-10-07,4894968.529411765,40790.13725490196
Europe,2023-12-02,4915116.529411765,40934.8431372549
Africa,2021-07-02,95547.38596491228,2479.7368421052633
Africa,2022-04-23,210656.7894736842,4446.0
Africa,2022-06-20,218273.1052631579,4485.3859649122805
Africa,2023-08-17,229965.64912280702,4544.070175438596
Oceania,2020-03-09,3.125,0.16666666666666666
Oceania,2020-05-12,347.5,5.375
Oceania,2020-05-20,352.4583333333333,5.458333333333333
Oceania,2020-07-22,546.375,6.583333333333333
Oceania,2020-07-28,653.0833333333334,8.458333333333334
Oceania,2020-12-27,2280.9166666666665,49.458333333333336
Oceania,2021-01-03,2309.2916666666665,49.875
Oceania,2021-07-28,4391.541666666667,68.375
Oceania,2021-08-05,4804.208333333333,71.125
Oceania,2022-09-06,494662.3333333333,850.625
Oceania,2023-03-14,572567.1666666666,1099.7083333333333
Oceania,2023-03-15,572567.1666666666,1099.7083333333333
Oceania,2023-04-22,580039.6666666666,1128.6666666666667
Oceania,2024-02-12,614796.1666666666,1332.0416666666667
Oceania,2024-06-23,624043.9583333334,1364.75
North America,2021-09-26,1260151.731707317,25944.90243902439
North America,2022-09-21,2773414.2682926827,36664.243902439026
North America,2022-10-17,2807451.43902439,36961.09756097561
North America,2023-11-09,3033689.048780488,39670.09756097561
North America,2024-03-16,3035676.463414634,40485.0243902439
South America,2020-01-03,,
South America,2021-07-25,2509079.5,77267.35714285714
South America,2023-07-06,4897411.071428572,96590.35714285714
South America,2023-11-01,4899140.785714285,96609.21428571429
South America,2024-06-07,4914302.642857143,96725.14285714286
Asia,2020-01-09,0.02127659574468085,0.0
Asia,2020-06-06,23526.23404255319,643.2765957446809
Asia,2020-10-09,242207.085106383,4233.531914893617
Asia,2021-11-26,1694972.2083333333,25063.520833333332
Asia,2022-03-02,2424726.625,28094.625
Asia,2022-08-20,3562814.125,30390.458333333332
Asia,2022-11-21,3975835.3958333335,31194.9375
Asia,2023-10-19,6264691.0,34041.0
Asia,2023-12-25,6406071.361702127,34804.744680851065
Asia,2024-06-18,6413901.29787234,34832.70212765958
Asia,2024-06-30,6414235.744680851,34833.617021276594
Europe,2020-07-17,46786.82352941176,3895.8039215686276
Europe,2020-11-13,236609.0,6079.137254901961
Europe,2021-11-22,1358804.9807692308,27365.53846153846
Europe,2022-09-07,4359168.588235294,37976.666666666664
Europe,2023-04-09,4855989.725490196,40343.450980392154
Europe,2023-12-08,4919429.05882353,40958.21568627451
Europe,2024-04-20,4951007.862745098,41182.549019607846
Europe,2024-05-02,4951819.176470588,41186.1568627451
Europe,2024-06-07,4953611.274509804,41194.13725490196
Africa,2020-06-17,4195.859649122807,134.0
Africa,2021-04-13,76889.36842105263,2033.2105263157894
Africa,2021-08-19,128715.45614035087,3232.7894736842104
Africa,2021-10-02,146594.73684210525,3684.1403508771928
Africa,2021-12-22,163743.87719298244,3971.245614035088
Africa,2022-03-21,208256.98245614034,4424.2807017543855
Africa,2022-10-28,226302.1403508772,4525.912280701755
Africa,2023-02-09,228798.57894736843,4538.263157894737
Africa,2023-05-18,229614.9298245614,4542.701754385965
Africa,2023-05-19,229614.9298245614,4542.701754385965
Africa,2023-06-05,229744.08771929826,4543.122807017544
Africa,2023-10-20,230082.1403508772,4544.473684210527
Africa,2023-11-03,230101.9649122807,4544.508771929824
Africa,2024-05-28,230583.9649122807,4545.666666666667
Oceania,2022-06-03,354829.0,560.1666666666666
Oceania,2022-11-03,514072.0,896.125
Oceania,2022-12-18,545289.3333333334,961.6666666666666
Oceania,2023-04-17,580039.6666666666,1128.6666666666667
Oceania,2023-12-29,610303.7083333334,1303.7916666666667
North America,2020-01-10,0.0,0.0
North America,2020-05-30,45236.34146341463,2964.6585365853657
North America,2021-03-17,823650.1951219512,19726.829268292684
North America,2021-04-01,847466.6341463415,20192.29268292683
North America,2021-06-21,958063.1707317074,22013.682926829268
North America,2021-07-06,967527.243902439,22206.243902439026
North America,2021-08-19,1074407.1219512196,23278.756097560974
North America,2022-04-19,2331814.975609756,34832.58536585366
North America,2022-04-21,2331814.975609756,34832.58536585366
North America,2022-08-21,2715912.463414634,36311.365853658535
North America,2023-02-06,2966693.8536585364,38311.29268292683
North America,2023-04-04,3014707.6097560977,38826.14634146341
North America,2023-07-19,3032442.2926829266,39207.85365853659
North America,2023-11-06,3033689.048780488,39670.09756097561
North America,2024-02-02,3035287.7073170734,40269.829268292684
South America,2021-10-07,2707990.4285714286,82658.71428571429
South America,2021-12-22,2813053.285714286,84931.28571428571
South America,2023-09-18,4898125.0,96595.42857142857
Asia,2021-03-01,517217.3541666667,8264.5625
Asia,2022-02-18,2255731.7708333335,27528.791666666668
Asia,2022-12-20,4347785.833333333,31458.3125
Asia,2023-01-11,5968677.458333333,32370.145833333332
Asia,2023-03-14,6142655.333333333,33814.041666666664
Asia,2023-10-05,6263730.229166667,34036.270833333336
Asia,2023-11-12,6266568.541666667,34074.666666666664
Europe,2021-02-22,632798.8653846154,16097.846153846154
Europe,2022-10-06,4467488.137254902,38255.25490196078
Europe,2022-11-27,4663422.901960785,38994.25490196078
Europe,2023-07-06,4881990.549019608,40668.705882352944
Europe,2024-03-10,4948342.470588235,41169.56862745098
Europe,2024-07-19,4956705.666666667,41213.8431372549
Africa,2021-04-30,79811.22807017544,2110.2982456140353
Africa,2021-09-12,142786.26315789475,3577.1052631578946
Africa,2022-03-06,206284.84210526315,4406.649122807017
Africa,2023-01-19,228396.57894736843,4536.087719298245
Africa,2023-05-12,229564.57894736843,4542.421052631579
Africa,2024-05-15,230577.1052631579,4545.666666666667
Africa,2024-06-01,230583.9649122807,4545.666666666667
Oceania,2020-10-31,1659.5,43.375
Oceania,2021-03-08,2461.125,51.5
Oceania,2021-04-16,2805.5,51.75
Oceania,2021-10-27,13347.75,163.29166666666666
Oceania,2021-12-10,16563.583333333332,195.91666666666666
Oceania,2022-05-13,310299.2083333333,505.0833333333333
Oceania,2022-11-28,527276.8333333334,923.6666666666666
Oceania,2023-04-10,578459.2083333334,1121.9583333333333
Oceania,2023-05-24,589007.2083333334,1170.375
Oceania,2024-02-20,615297.1666666666,1335.0833333333333
Oceania,2024-05-18,622504.375,1358.875
North America,2020-02-28,1.2195121951219512,0.0
North America,2020-03-24,825.8536585365854,9.829268292682928
North America,2020-05-22,40226.60975609756,2638.121951219512
North America,2020-12-28,534535.731707317,12738.292682926829
North America,2022-01-09,1723688.780487805,30275.634146341465
North America,2022-01-30,2136438.7560975607,31771.439024390245
North America,2022-03-24,2301674.7317073173,34388.243902439026
North America,2022-09-24,2773414.2682926827,36664.243902439026
North America,2023-05-04,3026404.048780488,38978.439024390245
North America,2023-07-03,3032384.3170731706,39182.170731707316
North America,2024-02-10,3035371.5853658537,40313.87804878049
North America,2024-07-27,3036361.7804878047,40729.73170731707
South America,2021-10-02,2695911.8571428573,82330.35714285714
South America,2021-12-15,2804648.3571428573,84762.78571428571
South America,2022-05-15,4082372.285714286,92600.35714285714
South America,2022-05-17,4082372.285714286,92600.35714285714
South America,2022-08-23,4519190.5,94469.35714285714
South America,2024-02-23,4909509.285714285,96691.21428571429
South America,2024-06-05,4914302.642857143,96725.14285714286
South America,2024-06-16,4914401.142857143,96726.64285714286
South America,2024-08-01,4914865.0,96727.57142857143
Asia,2020-08-02,92738.44680851063,2056.404255319149
Asia,2022-07-08,3248411.0416666665,30048.104166666668
Asia,2022-07-09,3248411.0416666665,30048.104166666668
Asia,2022-10-14,3848465.1458333335,30931.291666666668
Asia,2023-06-29,6207450.854166667,33991.479166666664
Asia,2024-05-17,6413268.638297873,34830.17021276596
Europe,2020-03-24,3492.156862745098,203.33333333333334
Europe,2020-10-17,116976.76470588235,4704.901960784314
Europe,2020-12-15,386451.29411764705,9668.862745098038
Europe,2022-08-22,4315006.156862745,37817.94117647059
Europe,2023-04-18,4860482.549019608,40387.82352941176
Europe,2023-06-08,4878653.392156863,40613.56862745098
Europe,2023-09-04,4887211.098039215,40734.76470588235
Europe,2023-09-27,4892633.411764706,40774.58823529412
Africa,2020-05-18,1462.7719298245613,53.78947368421053
Africa,2021-02-20,66179.87719298246,1726.438596491228
Africa,2021-06-14,89197.36842105263,2364.754385964912
Africa,2021-12-27,169024.8245614035,3995.7017543859647
Africa,2022-10-27,226302.1403508772,4525.912280701755
Africa,2023-03-29,229324.94736842104,4540.7192982456145
Africa,2023-07-14,229898.9298245614,4543.736842105263
Africa,2023-07-29,229922.61403508772,4543.894736842105
Africa,2024-04-07,230558.8245614035,4545.596491228071
Oceania,2020-04-29,336.5,4.583333333333333
Oceania,2020-10-17,1468.7083333333333,42.333333333333336
Oceania,2020-10-21,1543.5416666666667,42.833333333333336
Oceania,2021-07-30,4391.541666666667,68.375
Oceania,2021-10-17,12569.083333333334,156.25
Oceania,2022-07-17,424175.375,697.9583333333334
Oceania,2022-10-17,509228.875,887.2083333333334
Oceania,2023-03-16,572567.1666666666,1099.7083333333333
Oceania,2023-07-19,599567.6666666666,1219.75
Oceania,2023-08-08,600718.0,1225.5416666666667
Oceania,2023-10-02,603521.375,1247.5416666666667
North America,2020-07-25,108454.51219512195,5180.926829268293
North America,2020-09-25,200542.36585365853,7748.487804878048
North America,2021-07-04,967527.243902439,22206.243902439026
North America,2022-07-12,2563613.8292682925,35693.439024390245
North America,2023-04-13,3017661.6097560977,38874.14634146341
North America,2023-05-24,3031847.56097561,39084.0
North America,2023-11-03,3033567.1707317075,39637.46341463415
South America,2022-01-19,3069141.0,85754.92857142857
South America,2022-03-31,3994310.8571428573,91860.07142857143
South America,2022-11-18,4612050.785714285,95276.64285714286
South America,2023-01-05,4777658.357142857,95857.5
South America,2023-07-16,4897574.142857143,96591.28571428571
Asia,2020-09-05,150374.55319148937,2948.0851063829787
Asia,2021-01-25,476816.21276595746,7735.829787234043
Asia,2021-02-19,497222.7708333333,8016.416666666667
Asia,2022-04-30,3053885.9166666665,29626.541666666668
Asia,2023-07-25,6221301.041666667,34001.1875
Asia,2023-07-27,6221301.041666667,34001.1875
Asia,2024-01-29,6411034.680851064,34817.02127659575
Asia,2024-06-12,6413746.829787234,34832.40425531915
Europe,2021-04-17,795786.8076923077,19103.75
Europe,2022-01-10,1876969.2115384615,30673.923076923078
Europe,2022-05-20,3825245.725490196,36562.17647058824
Europe,2023-01-26,4782634.196078432,39759.098039215685
Europe,2023-03-17,4831356.94117647,40126.07843137255
Europe,2023-09-05,4887211.098039215,40734.76470588235
Europe,2024-04-09,4950557.019607843,41180.41176470588
Africa,2020-03-12,1.4035087719298245,0.08771929824561403
Africa,2020-11-18,34689.80701754386,843.438596491228
Africa,2021-01-20,57158.350877192985,1379.3508771929824
Africa,2021-04-07,75464.80701754386,1999.578947368421
Africa,2022-10-18,226179.12280701756,4525.315789473684
Africa,2022-11-23,227010.73684210525,4529.7192982456145
Africa,2023-04-17,229423.40350877194,4541.526315789473
Africa,2023-07-24,229922.61403508772,4543.894736842105
Africa,2023-07-31,229926.71929824562,4543.929824561404
Oceania,2020-05-08,340.7916666666667,5.25
Oceania,2021-01-14,2332.6666666666665,50.25
Oceania,2021-01-15,2332.6666666666665,50.25
Oceania,2021-08-17,5823.75,79.95833333333333
Oceania,2021-09-27,10112.666666666666,126.75
Oceania,2022-01-11,59726.583333333336,219.5
Oceania,2023-10-23,604712.75,1257.75
Oceania,2023-10-24,604712.75,1257.75
North America,2020-10-25,253825.82926829267,8770.048780487805
North America,2020-11-20,318591.26829268294,9619.585365853658
North America,2021-01-26,698449.6585365854,15842.292682926829
North America,2021-08-15,1074407.1219512196,23278.756097560974
North America,2023-03-08,2995870.975609756,38615.0243902439
North America,2023-07-17,3032442.2926829266,39207.85365853659
North America,2023-09-18,3032883.7073170734,39421.87804878049
North America,2024-05-16,3035994.1951219514,40626.34146341463
South America,2020-01-23,0.0,0.0
South America,2020-03-08,5.0,0.14285714285714285
South America,2020-12-02,788723.0714285715,27314.071428571428
South America,2021-10-06,2707990.4285714286,82658.71428571429
South America,2022-05-11,4068517.6428571427,92531.42857142857
South America,2023-08-03,4897701.714285715,96592.21428571429
Asia,2020-03-18,2237.276595744681,83.87234042553192
Asia,2021-01-16,453476.93617021275,7395.36170212766
Asia,2022-03-18,2638504.9583333335,28650.75
Asia,2022-06-26,3230474.5,30014.375
Asia,2023-06-22,6204598.333333333,33986.083333333336
Asia,2023-08-03,6227245.375,34003.958333333336
Asia,2024-03-14,6412284.234042553,34823.55319148936
Europe,2020-07-24,48744.294117647056,3939.1960784313724
Europe,2021-08-06,993647.6538461539,22504.46153846154
Europe,2021-09-25,1109007.826923077,23862.903846153848
Europe,2021-10-04,1142677.2115384615,24352.23076923077
Europe,2021-12-12,1506552.826923077,28979.96153846154
Europe,2022-04-08,3552965.3921568627,35679.01960784314
Europe,2022-07-30,4196893.901960785,37369.19607843137
Europe,2022-12-02,4663422.901960785,38994.25490196078
Europe,2023-04-01,4845309.352941177,40242.470588235294
Europe,2023-04-13,4855989.725490196,40343.450980392154
Europe,2023-07-07,4881990.549019608,40668.705882352944
Europe,2023-12-19,4929572.843137255,41013.76470588235
Europe,2024-04-30,4951819.176470588,41186.1568627451
Africa,2020-01-09,0.0,0.0
Africa,2020-01-12,0.0,0.0
Africa,2020-11-23,36360.73684210526,876.2631578947369
Africa,2022-02-13,200490.54385964913,4292.789473684211
Africa,2022-06-02,216193.9298245614,4472.684210526316
Africa,2022-06-28,219086.45614035087,4489.771929824561
Africa,2022-12-23,227790.66666666666,4534.2807017543855
Africa,2022-12-28,227972.36842105264,4534.859649122807
Africa,2024-01-05,230411.08771929826,4545.017543859649
Africa,2024-03-18,230546.57894736843,4545.543859649123
Africa,2024-03-24,230551.31578947368,4545.543859649123
Oceania,2020-08-04,795.5833333333334,12.541666666666666
Oceania,2021-08-25,6579.625,86.58333333333333
Oceania,2021-09-03,7232.375,94.5
Oceania,2021-12-07,16563.583333333332,195.91666666666666
Oceania,2022-06-23,384363.875,614.9583333333334
Oceania,2022-08-18,477834.3333333333,810.125
Oceania,2023-07-09,599045.8333333334,1218.875
Oceania,2023-07-13,599045.8333333334,1218.875
Oceania,2024-01-14,612364.7916666666,1312.8333333333333
North America,2021-11-06,1348816.3658536586,27729.634146341465
North America,2021-12-13,1453720.8780487804,29143.463414634145
North America,2022-02-08,2200369.56097561,32365.853658536584
North America,2023-03-29,3009601.7317073173,38777.170731707316
North America,2024-01-19,3035085.7560975607,40156.31707317073
North America,2024-05-11,3035952.1219512196,40617.41463414634
North America,2024-05-19,3036044.2195121953,40635.41463414634
South America,2020-09-23,535413.0714285715,21163.714285714286
South America,2021-03-25,1423515.2142857143,43174.0
South America,2021-06-06,2115216.214285714,66133.42857142857
South America,2021-07-13,2426770.0714285714,74422.28571428571
South America,2021-08-31,2634729.214285714,80794.21428571429
South America,2022-03-02,3856423.8571428573,89763.92857142857
South America,2022-09-28,4570573.571428572,94927.71428571429
South America,2023-05-06,4891778.928571428,96504.07142857143
South America,2023-06-12,4897149.428571428,96588.5
South America,2023-07-21,4897574.142857143,96591.28571428571
South America,2024-01-14,4903907.714285715,96656.21428571429
Asia,2020-11-22,348651.89361702127,5871.553191489362
Asia,2021-01-14,453476.93617021275,7395.36170212766
Asia,2022-04-05,2931073.3333333335,29325.3125
Asia,2022-11-19,3950031.125,31148.583333333332
Asia,2023-05-07,6182861.5,33938.1875
Asia,2023-07-20,6216721.708333333,33997.979166666664
Asia,2023-12-17,6403939.531914894,34802.765957446805
Asia,2024-01-06,6407689.617021277,34807.04255319149
Europe,2020-03-22,3492.156862745098,203.33333333333334
Europe,2020-04-13,15008.941176470587,1659.4901960784314
Europe,2020-04-22,18404.666666666668,2164.372549019608
Europe,2020-10-19,136174.98039215687,4876.568627450981
Europe,2021-02-26,632798.8653846154,16097.846153846154
Europe,2022-10-08,4467488.137254902,38255.25490196078
Europe,2023-01-02,4759594.470588235,39492.76470588235
Europe,2023-01-16,4777124.549019608,39687.98039215686
Europe,2023-10-01,4894968.529411765,40790.13725490196
Europe,2024-02-01,4943559.68627451,41139.41176470588
Africa,2020-02-20,0.017543859649122806,0.0
Africa,2020-04-09,162.26315789473685,10.157894736842104
Africa,2020-05-05,771.9824561403509,37.73684210526316
Africa,2020-12-31,46709.68421052631,1098.842105263158
Africa,2021-06-09,87115.40350877192,2325.40350877193
Africa,2021-07-04,99944.26315789473,2567.2105263157896
Africa,2022-02-28,205105.52631578947,4373.0526315789475
Africa,2022-08-14,224374.57894736843,4513.982456140351
Africa,2023-04-21,229423.40350877194,4541.526315789473
Africa,2023-07-27,229922.61403508772,4543.894736842105
Africa,2024-07-14,230615.22807017545,4545.701754385965
Oceania,2020-09-25,1351.0833333333333,38.958333333333336
Oceania,2021-01-09,2309.2916666666665,49.875
Oceania,2022-03-18,172340.16666666666,390.9583333333333
Oceania,2023-08-13,601098.625,1227.9583333333333
Oceania,2024-01-15,612364.7916666666,1312.8333333333333
Oceania,2024-04-21,621542.7916666666,1354.4583333333333
Oceania,2024-06-25,624043.9583333334,1364.75
North America,2020-03-18,108.09756097560975,1.7560975609756098
North America,2020-10-17,229026.75609756098,8338.80487804878
North America,2021-04-08,860678.8048780488,20393.731707317074
North America,2021-06-12,949510.1707317074,21823.024390243903
North America,2021-06-19,953986.8780487805,21929.09756097561
North America,2021-10-28,1334089.0,27450.414634146342
North America,2022-04-29,2341918.0975609757,34908.78048780488
North America,2022-11-24,2845577.6829268294,37335.19512195122
North America,2023-10-18,3033324.9024390243,39566.756097560974
North America,2024-02-22,3035519.073170732,40390.31707317073
North America,2024-05-26,3036086.8292682925,40644.73170731707
North America,2024-07-30,3036395.4146341463,40745.34146341463
South America,2020-02-13,0.0,0.0
South America,2020-03-26,227.85714285714286,4.714285714285714
South America,2021-12-07,2795455.0714285714,84581.78571428571
South America,2022-12-07,4660777.928571428,95446.21428571429
South America,2023-06-28,4897318.428571428,96590.07142857143
Asia,2021-01-17,465725.25531914894,7569.893617021276
Asia,2021-05-29,1016686.9166666666,13411.520833333334
Asia,2021-08-22,1407136.1666666667,20774.895833333332
Asia,2022-10-20,3866508.2083333335,30965.625
Asia,2024-02-24,6411751.787234043,34819.936170212764
Asia,2024-08-03,6414778.382978723,34834.72340425532
Europe,2020-02-22,2.0588235294117645,0.23529411764705882
Europe,2020-09-13,78707.62745098039,4320.294117647059
Europe,2021-06-08,901439.6346153846,21468.596153846152
Europe,2021-06-16,906883.4038461539,21599.096153846152
Europe,2021-07-09,928418.4807692308,21962.69230769231
Europe,2022-04-02,3464246.470588235,35457.35294117647
Europe,2022-12-05,4684286.882352941,39072.94117647059
Europe,2022-12-23,4727507.490196078,39263.21568627451
Europe,2023-01-08,4769752.803921568,39598.549019607846
Europe,2023-02-25,4808260.94117647,39969.19607843137
Africa,2021-04-12,76889.36842105263,2033.2105263157894
Africa,2022-06-22,218273.1052631579,4485.3859649122805
Africa,2022-09-10,225244.75438596492,4519.666666666667
Africa,2022-10-23,226302.1403508772,4525.912280701755
Africa,2022-12-02,227253.1052631579,4530.7192982456145
Africa,2023-10-26,230091.87719298244,4544.491228070176
Africa,2023-11-17,230125.0701754386,4544.631578947368
Africa,2023-11-30,230184.80701754385,4544.824561403509
Africa,2024-05-12,230577.1052631579,4545.666666666667
Africa,2024-08-01,230620.0701754386,4545.912280701755
Oceania,2020-07-10,415.3333333333333,5.75
Oceania,2020-12-04,2132.4166666666665,47.458333333333336
Oceania,2020-12-22,2253.6666666666665,49.083333333333336
Oceania,2020-12-24,2253.6666666666665,49.083333333333336
Oceania,2021-10-16,11781.416666666666,146.45833333333334
Oceania,2022-01-07,34992.166666666664,209.66666666666666
Oceania,2022-06-17,375126.75,597.7083333333334
Oceania,2024-07-06,624387.4166666666,1365.7916666666667
North America,2020-02-15,0.6585365853658537,0.0
North America,2020-06-15,59666.65853658537,3802.6585365853657
North America,2020-08-04,134837.29268292684,5878.804878048781
North America,2020-09-26,200542.36585365853,7748.487804878048
North America,2021-07-25,1001604.4634146341,22541.536585365855
North America,2021-08-10,1045749.9756097561,22978.51219512195
North America,2021-09-09,1173246.4146341463,24549.585365853658
North America,2022-02-27,2274865.2682926827,33766.46341463415
North America,2022-06-13,2469159.2195121953,35408.829268292684
North America,2022-07-05,2537413.073170732,35615.70731707317
North America,2022-12-02,2854033.951219512,37409.39024390244
North America,2023-05-23,3031847.56097561,39084.0
North America,2023-10-25,3033445.2195121953,39603.31707317073
North America,2024-01-01,3034814.1707317075,40026.95121951219
North America,2024-01-17,3035085.7560975607,40156.31707317073
North America,2024-05-15,3035994.1951219514,40626.34146341463
South America,2021-03-23,1423515.2142857143,43174.0
South America,2024-03-27,4913515.071428572,96710.78571428571
Asia,2020-07-02,46053.87234042553,1146.2978723404256
Asia,2020-10-05,242207.085106383,4233.531914893617
Asia,2021-03-28,577647.5416666666,8832.979166666666
Asia,2021-12-14,1732713.375,25717.229166666668
Asia,2022-03-07,2524523.0,28384.166666666668
Asia,2023-02-01,6096325.25,32382.625
Asia,2024-04-04,6412642.510638298,34826.44680851064
Asia,2024-04-23,6412904.361702127,34828.34042553192
Asia,2024-07-24,6414666.723404256,34834.46808510638
Europe,2020-09-06,72718.37254901961,4262.882352941177
Europe,2020-12-28,443444.82352941175,11090.843137254902
Europe,2022-06-08,3884341.0,36775.96078431373
Europe,2022-10-01,4433523.0784313725,38174.94117647059
Europe,2022-11-28,4663422.901960785,38994.25490196078
Europe,2023-10-28,4901596.431372549,40847.686274509804
Africa,2020-02-17,0.017543859649122806,0.0
Africa,2020-08-16,19561.36842105263,491.1929824561403
Africa,2021-03-17,71251.77192982456,1891.298245614035
Africa,2021-07-21,109914.85964912281,2773.0
Africa,2022-05-29,216193.9298245614,4472.684210526316
Africa,2022-08-16,224374.57894736843,4513.982456140351
Africa,2023-03-07,229114.54385964913,4539.6140350877195
Africa,2023-12-31,230411.08771929826,4545.017543859649
Africa,2024-03-02,230537.66666666666,4545.473684210527
Oceania,2020-12-20,2253.6666666666665,49.083333333333336
Oceania,2021-06-19,3267.375,58.875
Oceania,2021-09-08,7910.916666666667,102.125
Oceania,2021-09-30,10112.666666666666,126.75
Oceania,2022-12-07,532758.2083333334,935.4583333333334
Oceania,2022-12-21,545289.3333333334,961.6666666666666
Oceania,2023-10-06,603521.375,1247.5416666666667
North America,2020-07-30,122191.17073170732,5525.878048780488
North America,2020-09-16,191999.51219512196,7533.170731707317
North America,2021-03-13,812139.1463414634,19418.243902439026
North America,2022-03-27,2308595.4146341463,34526.46341463415
North America,2023-09-15,3032801.56097561,39386.0
North America,2023-09-24,3032984.1707317075,39458.12195121951
North America,2023-10-07,3033102.6585365855,39495.80487804878
North America,2024-03-24,3035755.536585366,40533.09756097561
North America,2024-04-16,3035849.0975609757,40582.34146341463
South America,2020-01-02,,
South America,2020-01-28,0.0,0.0
South America,2021-08-30,2634729.214285714,80794.21428571429
South America,2022-02-02,3428291.785714286,86919.78571428571
South America,2022-03-28,3994310.8571428573,91860.07142857143
South America,2023-06-25,4897318.428571428,96590.07142857143
South America,2023-07-05,4897411.071428572,96590.35714285714
Asia,2020-07-03,46053.87234042553,1146.2978723404256
Asia,2020-08-22,120403.85106382979,2493.531914893617
Asia,2020-12-22,416868.57446808513,6822.978723404255
Asia,2022-01-26,1972536.3125,26696.708333333332
Asia,2022-11-17,3950031.125,31148.583333333332
Asia,2023-01-10,5968677.458333333,32370.145833333332
Asia,2023-01-13,5968677.458333333,32370.145833333332
Asia,2024-06-08,6413611.021276596,34832.085106382976
Asia,2024-06-27,6414035.361702127,34833.14893617021
Europe,2020-01-09,0.0196078431372549,0.058823529411764705
Europe,2020-04-17,15008.941176470587,1659.4901960784314
Europe,2020-12-16,386451.29411764705,9668.862745098038
Europe,2023-03-31,4845309.352941177,40242.470588235294
Europe,2023-10-04,4894968.529411765,40790.13725490196
Europe,2023-10-16,4899622.647058823,40826.94117647059
Europe,2023-12-04,4919429.05882353,40958.21568627451
Africa,2020-03-11,1.4035087719298245,0.08771929824561403
Africa,2020-06-02,2536.4561403508774,77.49122807017544
Africa,2020-11-14,33036.82456140351,813.8947368421053
Africa,2021-02-02,62767.0,1590.017543859649
Africa,2021-06-25,91964.71929824562,2416.6491228070176
Africa,2021-10-11,148747.73684210525,3760.122807017544
Africa,2021-11-28,153921.33333333334,3918.1754385964914
Africa,2022-06-21,218273.1052631579,4485.3859649122805
Africa,2022-07-30,222751.15789473685,4505.7192982456145
Africa,2023-04-11,229385.24561403508,4541.122807017544
Africa,2023-04-25,229461.54385964913,4541.789473684211
Oceania,2020-01-06,0.0,0.0
Oceania,2022-01-05,34992.166666666664,209.66666666666666
Oceania,2023-11-12,606209.4583333334,1269.5833333333333
Oceania,2024-01-02,610757.6666666666,1306.75
Oceania,2024-04-07,620928.2916666666,1350.4583333333333
North America,2020-09-27,209796.60975609755,7951.4390243902435
North America,2021-01-11,618445.5365853659,14172.731707317073
North America,2021-04-19,889398.1951219512,20772.634146341465
North America,2021-09-17,1203889.9268292682,25012.243902439026
North America,2021-10-07,1282670.243902439,26380.024390243903
North America,2024-01-15,3035085.7560975607,40156.31707317073
South America,2020-05-19,29093.428571428572,2229.1428571428573
South America,2023-12-31,4901718.071428572,96638.85714285714
Asia,2022-01-11,1805215.7916666667,26373.395833333332
Asia,2022-11-03,3903453.625,31040.145833333332
Asia,2023-12-31,6407689.617021277,34807.04255319149
Asia,2024-04-08,6412731.042553191,34827.1914893617
Europe,2020-12-09,358719.70588235295,8928.35294117647
Europe,2021-05-15,868387.5384615385,20698.78846153846
Europe,2022-09-18,4405652.274509804,38107.35294117647
Europe,2024-06-08,4953611.274509804,41194.13725490196
Africa,2022-12-01,227253.1052631579,4530.7192982456145
Africa,2023-07-30,229926.71929824562,4543.929824561404
Africa,2023-09-28,230048.87719298244,4544.263157894737
Africa,2023-10-27,230091.87719298244,4544.491228070176
Africa,2024-04-08,230558.8245614035,4545.596491228071
Africa,2024-07-17,230615.22807017545,4545.701754385965
Oceania,2020-02-06,0.5,0.0
Oceania,2020-03-01,1.0833333333333333,0.0
Oceania,2020-08-24,1145.9166666666667,27.625
Oceania,2021-07-20,4086.0416666666665,64.20833333333333
Oceania,2022-04-20,266622.4583333333,454.5416666666667
Oceania,2022-09-21,500131.4583333333,867.8333333333334
Oceania,2023-02-24,569150.75,1088.2083333333333
North America,2020-02-03,0.3170731707317073,0.0
North America,2020-02-14,0.6585365853658537,0.0
North America,2021-03-25,834997.512195122,19967.0
North America,2021-12-08,1431864.536585366,28899.829268292684
North America,2022-07-27,2623334.1951219514,35890.19512195122
North America,2023-04-21,3020793.6585365855,38912.0
North America,2024-04-21,3035880.5853658537,40595.170731707316
South America,2020-06-03,57767.0,3873.0714285714284
South America,2021-01-15,991754.4285714285,31165.785714285714
South America,2022-05-27,4096469.4285714286,92670.14285714286
South America,2022-06-27,4235629.142857143,93127.71428571429
South America,2022-07-19,4365336.357142857,93604.92857142857
South America,2023-10-13,4898455.214285715,96600.28571428571
Asia,2020-03-13,2021.8085106382978,70.34042553191489
Asia,2021-05-24,1016686.9166666666,13411.520833333334
Asia,2022-11-26,3975835.3958333335,31194.9375
Asia,2023-06-09,6199834.25,33973.6875
Europe,2021-04-11,795786.8076923077,19103.75
Europe,2021-08-07,993647.6538461539,22504.46153846154
Europe,2021-08-27,1043249.5576923077,23017.55769230769
Europe,2024-06-19,4954484.94117647,41199.21568627451
Africa,2020-08-20,19561.36842105263,491.1929824561403
Africa,2021-05-05,81010.15789473684,2148.9473684210525
Africa,2021-07-23,109914.85964912281,2773.0
Africa,2021-07-28,114241.21052631579,2886.7368421052633
Africa,2022-08-08,223986.1052631579,4512.122807017544
Africa,2022-12-14,227616.0701754386,4533.578947368421
Africa,2024-01-21,230497.19298245615,4545.298245614035
Oceania,2020-01-19,0.0,0.0
Oceania,2020-07-11,415.3333333333333,5.75
Oceania,2020-10-11,1468.7083333333333,42.333333333333336
Oceania,2020-12-08,2188.1666666666665,47.791666666666664
Oceania,2021-01-18,2359.3333333333335,50.541666666666664
Oceania,2021-12-08,16563.583333333332,195.91666666666666
Oceania,2022-07-18,424175.375,697.9583333333334
Oceania,2024-01-10,611662.3333333334,1309.4166666666667
North America,2020-02-05,0.3170731707317073,0.0
North America,2020-11-08,291327.7804878049,9297.536585365853
North America,2021-04-29,902414.3902439025,20953.243902439026
North America,2021-05-09,923692.0487804879,21290.39024390244
North America,2021-07-10,967527.243902439,22206.243902439026
North America,2023-03-01,2989315.7073170734,38553.12195121951
North America,2024-06-09,3036152.4146341463,40661.21951219512
South America,2020-06-09,77691.0,4795.0
South America,2020-06-13,77691.0,4795.0
South America,2020-12-27,919734.9285714285,29667.428571428572
South America,2021-10-31,2747384.6428571427,83632.0
South America,2022-01-01,2825022.5,85084.92857142857
South America,2022-10-12,4581966.714285715,95051.42857142857
South America,2023-07-02,4897411.071428572,96590.35714285714
Asia,2024-08-10,2.5175579E7,285487.0
Asia,2020-03-17,2237.276595744681,83.87234042553192
Asia,2020-07-16,61415.48936170213,1464.7659574468084
Asia,2020-08-15,106183.70212765958,2267.063829787234
Asia,2020-10-28,289540.5106382979,4944.510638297872
Asia,2020-12-09,384864.27659574465,6378.021276595745
Asia,2022-03-03,2424726.625,28094.625
Asia,2022-12-06,4032193.8541666665,31297.479166666668
Asia,2024-03-31,6412642.510638298,34826.44680851064
Europe,2020-03-31,7438.254901960784,570.6078431372549
Europe,2021-02-01,579152.8653846154,14504.788461538461
Africa,2020-03-16,5.508771929824562,0.15789473684210525
Africa,2020-05-13,1089.2280701754387,45.68421052631579
Africa,2021-04-08,75464.80701754386,1999.578947368421
Africa,2021-05-25,84226.33333333333,2257.0175438596493
Africa,2021-05-26,84226.33333333333,2257.0175438596493
Africa,2022-04-13,210125.59649122806,4442.210526315789
Africa,2022-08-03,223494.0350877193,4509.7192982456145
Africa,2023-02-28,228998.8596491228,4539.298245614035
Africa,2023-06-10,229744.08771929826,4543.122807017544
Africa,2023-06-11,229763.66666666666,4543.228070175439
Oceania,2020-01-21,0.0,0.0
Oceania,2020-11-15,1987.5833333333333,45.791666666666664
Oceania,2021-05-07,2949.125,55.833333333333336
Oceania,2021-07-23,4086.0416666666665,64.20833333333333
Oceania,2021-10-03,10953.958333333334,137.33333333333334
Oceania,2022-07-24,439523.4583333333,733.25
Oceania,2022-08-01,455397.7083333333,762.0416666666666
Oceania,2022-08-29,490621.875,840.5
Oceania,2022-10-25,511082.5833333333,891.5
Oceania,2023-05-22,589007.2083333334,1170.375
North America,2021-12-01,1412132.1219512196,28661.219512195123
North America,2022-01-11,1723688.780487805,30275.634146341465
North America,2022-12-13,2875985.951219512,37549.60975609756
North America,2023-02-23,2981773.2926829266,38487.34146341463
North America,2023-06-25,3032349.024390244,39168.243902439026
North America,2023-09-26,3032984.1707317075,39458.12195121951
North America,2024-06-15,3036152.4146341463,40661.21951219512
South America,2020-05-06,13892.42857142857,1005.8571428571429
South America,2020-10-30,667261.1428571428,24753.928571428572
South America,2021-01-03,951573.0714285715,30345.928571428572
South America,2021-01-21,1039460.5,32116.5
South America,2021-11-04,2747384.6428571427,83632.0
South America,2021-12-12,2804648.3571428573,84762.78571428571
South America,2022-01-11,2934622.5714285714,85425.07142857143
South America,2022-06-18,4171369.714285714,92912.35714285714
South America,2022-08-07,4473748.571428572,94144.92857142857
South America,2023-03-31,4870471.928571428,96578.85714285714
South America,2023-08-21,4897867.428571428,96593.35714285714
Asia,2020-11-09,318149.89361702127,5388.063829787234
Asia,2021-02-27,506764.1041666667,8139.708333333333
Asia,2021-08-02,1291387.4791666667,18755.666666666668
Asia,2021-08-20,1369650.1041666667,20106.791666666668
Asia,2021-08-29,1444978.25,21399.270833333332
Asia,2022-05-25,3139494.4791666665,29831.916666666668
Asia,2022-07-26,3361010.9166666665,30165.4375
Asia,2023-04-20,6164507.75,33890.833333333336
Asia,2024-02-10,6411342.191489362,34818.425531914894
Asia,2024-05-22,6413388.638297873,34831.063829787236
Europe,2020-01-16,0.0392156862745098,0.058823529411764705
Europe,2020-01-24,0.0784313725490196,0.058823529411764705
Europe,2020-11-08,236609.0,6079.137254901961
Europe,2021-01-21,539167.9607843137,13270.70588235294
Europe,2021-02-06,579152.8653846154,14504.788461538461
Europe,2021-06-30,918809.8846153846,21832.76923076923
Europe,2021-08-28,1043249.5576923077,23017.55769230769
Europe,2023-06-04,4878653.392156863,40613.56862745098
Africa,2020-02-14,0.0,0.0
Africa,2020-02-26,0.017543859649122806,0.0
Africa,2020-08-28,20789.64912280702,529.578947368421
Africa,2020-12-29,46709.68421052631,1098.842105263158
Africa,2021-08-17,128715.45614035087,3232.7894736842104
Africa,2021-12-26,169024.8245614035,3995.7017543859647
Africa,2022-02-14,200490.54385964913,4292.789473684211
Africa,2022-03-18,207516.0350877193,4417.0
Africa,2022-09-18,225633.28070175438,4522.140350877193
Africa,2022-10-06,225891.22807017545,4523.6140350877195
Africa,2023-09-05,229991.43859649124,4544.1578947368425
Africa,2024-01-12,230451.28070175438,4545.140350877193
Africa,2024-03-23,230546.57894736843,4545.543859649123
Africa,2024-06-22,230594.19298245615,4545.684210526316
Africa,2024-08-02,230620.0701754386,4545.912280701755
Oceania,2021-02-17,2409.4166666666665,51.083333333333336
Oceania,2021-08-08,5281.708333333333,74.54166666666667
Oceania,2021-10-06,10953.958333333334,137.33333333333334
Oceania,2023-01-27,564382.875,1023.2083333333334
Oceania,2023-04-03,576844.0,1116.8333333333333
North America,2020-01-26,0.1951219512195122,0.0
North America,2020-04-26,24555.634146341465,1445.1463414634147
North America,2020-04-27,24555.634146341465,1445.1463414634147
North America,2020-08-22,156701.48780487804,6524.780487804878
North America,2020-10-27,253825.82926829267,8770.048780487805
North America,2021-02-13,752889.1463414634,17397.853658536584
North America,2022-03-29,2308595.4146341463,34526.46341463415
North America,2022-10-31,2822557.3170731706,37131.78048780488
North America,2022-11-30,2854033.951219512,37409.39024390244
North America,2023-07-18,3032442.2926829266,39207.85365853659
North America,2023-11-02,3033567.1707317075,39637.46341463415
South America,2020-02-22,0.0,0.0
South America,2020-04-26,8762.92857142857,575.5
South America,2020-06-16,98139.42857142857,5782.785714285715
South America,2020-07-22,229009.57142857142,11052.142857142857
South America,2022-08-27,4519190.5,94469.35714285714
South America,2023-04-06,4875602.0,96363.14285714286
South America,2024-04-13,4913918.071428572,96715.35714285714
South America,2024-07-31,4914865.0,96727.57142857143
Asia,2020-07-13,61415.48936170213,1464.7659574468084
Asia,2021-02-06,487811.3191489362,7906.340425531915
Asia,2021-08-03,1291387.4791666667,18755.666666666668
Asia,2021-10-18,1621884.875,23976.541666666668
Asia,2022-07-16,3272990.2083333335,30083.354166666668
Asia,2023-10-22,6265161.166666667,34069.125
Europe,2020-02-21,2.0588235294117645,0.23529411764705882
Europe,2020-09-12,72718.37254901961,4262.882352941177
Europe,2020-11-17,271621.0588235294,6721.666666666667
Europe,2020-11-27,303857.3137254902,7441.588235294118
Europe,2021-08-17,1026060.0576923077,22831.0
Europe,2022-11-24,4645012.549019608,38921.450980392154
Europe,2023-09-25,4892633.411764706,40774.58823529412
Europe,2024-04-02,4950066.803921568,41178.13725490196
Africa,2021-10-23,149555.84210526315,3786.964912280702
Africa,2022-11-16,226777.80701754385,4528.771929824561
Africa,2023-11-24,230146.94736842104,4544.736842105263
Africa,2024-01-24,230497.19298245615,4545.298245614035
Africa,2024-05-13,230577.1052631579,4545.666666666667
Africa,2024-06-09,230590.77192982455,4545.684210526316
Africa,2024-07-13,230611.33333333334,4545.701754385965
Oceania,2021-02-01,2388.6666666666665,50.875
Oceania,2021-11-16,14969.041666666666,182.0
Oceania,2022-04-14,251427.375,438.0833333333333
Oceania,2022-09-13,497808.4166666667,859.7916666666666
Oceania,2022-11-22,522721.7916666667,914.9166666666666
Oceania,2023-05-28,591247.25,1181.2916666666667
Oceania,2023-08-17,601098.625,1227.9583333333333
Oceania,2023-09-17,602874.2083333334,1241.125
North America,2020-01-24,0.0,0.0
North America,2020-02-18,0.7560975609756098,0.0
North America,2020-06-16,59666.65853658537,3802.6585365853657
North America,2020-09-29,209796.60975609755,7951.4390243902435
North America,2022-05-07,2354042.0975609757,34980.19512195122
North America,2022-09-29,2783528.073170732,36741.0
North America,2023-10-21,3033324.9024390243,39566.756097560974
North America,2024-03-17,3035719.6829268294,40511.365853658535
North America,2024-05-17,3035994.1951219514,40626.34146341463
South America,2020-04-18,3313.785714285714,173.42857142857142
South America,2020-08-11,333718.21428571426,14571.785714285714
South America,2020-10-19,642102.3571428572,24146.35714285714
South America,2020-11-09,713231.7857142857,25793.85714285714
South America,2021-03-07,1323145.5,40131.28571428572
South America,2021-04-12,1601981.5,49450.21428571428
South America,2021-09-25,2674668.0,81961.14285714286
South America,2022-05-02,4057282.5,92459.71428571429
South America,2022-11-23,4622947.5,95314.07142857143
South America,2023-03-04,4849829.214285715,96456.21428571429
South America,2023-07-01,4897318.428571428,96590.07142857143
South America,2023-08-24,4897867.428571428,96593.35714285714
South America,2023-11-25,4900044.642857143,96620.64285714286
Asia,2020-09-09,167370.21276595743,3181.744680851064
Asia,2021-05-08,831544.4583333334,10983.0
Asia,2021-05-17,965919.6875,12584.979166666666
Asia,2022-03-27,2852412.5833333335,29173.791666666668
Asia,2022-05-20,3116051.75,29798.916666666668
Asia,2022-07-03,3248411.0416666665,30048.104166666668
Asia,2022-07-28,3361010.9166666665,30165.4375
Asia,2022-08-01,3424595.25,30227.270833333332
Asia,2022-08-15,3562814.125,30390.458333333332
Asia,2022-10-16,3866508.2083333335,30965.625
Asia,2022-11-07,3925604.8541666665,31107.4375
Asia,2023-04-26,6170760.791666667,33906.458333333336
Asia,2023-04-28,6170760.791666667,33906.458333333336
Asia,2023-09-13,6262659.625,34032.479166666664
Asia,2023-09-23,6262962.4375,34033.541666666664
Asia,2024-04-29,6413017.489361702,34828.78723404255
Asia,2024-05-24,6413388.638297873,34831.063829787236
Asia,2024-06-21,6413901.29787234,34832.70212765958
Europe,2020-05-12,27565.29411764706,3093.529411764706
Europe,2020-06-17,39133.76470588235,3676.607843137255
Europe,2021-10-25,1211959.2692307692,25353.71153846154
Europe,2021-11-14,1314159.1538461538,26810.923076923078
Europe,2021-11-28,1407537.5,27917.903846153848
Europe,2022-04-04,3552965.3921568627,35679.01960784314
Europe,2024-05-21,4952825.666666667,41190.25490196078
Africa,2020-03-30,80.10526315789474,2.456140350877193
Africa,2020-04-17,255.96491228070175,16.385964912280702
Africa,2020-09-27,25644.78947368421,664.5087719298245
Africa,2021-11-17,152266.8596491228,3878.877192982456
Africa,2022-01-16,185139.91228070174,4111.298245614035
Africa,2022-05-10,213356.28070175438,4457.877192982456
Africa,2022-08-15,224374.57894736843,4513.982456140351
Africa,2022-10-25,226302.1403508772,4525.912280701755
Africa,2022-11-04,226419.8947368421,4527.070175438596
Africa,2023-05-04,229509.1403508772,4542.087719298245
Africa,2024-03-17,230546.57894736843,4545.543859649123
Oceania,2021-02-28,2438.1666666666665,51.375
Oceania,2022-08-03,455397.7083333333,762.0416666666666
North America,2020-05-28,45236.34146341463,2964.6585365853657
North America,2020-06-20,59666.65853658537,3802.6585365853657
North America,2020-10-29,253825.82926829267,8770.048780487805
North America,2020-12-12,416510.7073170732,10908.243902439024
North America,2021-11-16,1378090.8292682928,28194.51219512195
North America,2022-05-10,2368182.6341463416,35062.92682926829
North America,2022-08-07,2676593.6341463416,36102.829268292684
North America,2022-12-03,2854033.951219512,37409.39024390244
North America,2023-01-16,2941076.8780487804,38001.170731707316
North America,2023-03-21,3005037.536585366,38718.85365853659
North America,2023-06-14,3032246.8536585364,39137.41463414634
South America,2020-04-05,1605.5714285714287,67.64285714285714
South America,2020-10-24,642102.3571428572,24146.35714285714
South America,2022-04-24,4047862.3571428573,92364.42857142857
South America,2023-12-12,4900907.428571428,96631.78571428571
South America,2024-06-27,4914464.5,96726.78571428571
Asia,2020-04-30,9731.212765957447,360.0425531914894
Asia,2020-07-08,53518.936170212764,1300.723404255319
Asia,2020-08-05,92738.44680851063,2056.404255319149
Asia,2021-03-15,540956.3541666666,8497.458333333334
Asia,2022-03-09,2524523.0,28384.166666666668
Asia,2023-05-21,6192896.125,33959.0625
Asia,2023-08-08,6241091.333333333,34012.979166666664
Asia,2024-05-13,6413268.638297873,34830.17021276596
Asia,2024-07-07,6414397.680851064,34834.063829787236
Asia,2024-07-08,6414397.680851064,34834.063829787236
Europe,2020-06-28,43157.509803921566,3793.921568627451
Europe,2021-02-15,615920.5,15649.75
Europe,2021-09-11,1077314.4807692308,23420.30769230769
Europe,2023-01-15,4777124.549019608,39687.98039215686
Europe,2024-03-06,4947733.68627451,41166.74509803922
Africa,2020-01-29,0.0,0.0
Africa,2021-01-28,60393.98245614035,1489.2456140350878
Africa,2022-09-27,225766.38596491228,4522.894736842105
Oceania,2020-07-24,546.375,6.583333333333333
Oceania,2020-07-29,653.0833333333334,8.458333333333334
Oceania,2021-02-05,2388.6666666666665,50.875
Oceania,2021-06-07,3229.0833333333335,58.833333333333336
Oceania,2022-04-09,233212.45833333334,424.5833333333333
Oceania,2023-03-03,570212.3333333334,1092.2916666666667
Oceania,2023-05-31,591247.25,1181.2916666666667
Oceania,2024-01-21,613098.0416666666,1321.75
North America,2020-01-25,0.0,0.0
North America,2020-11-02,269779.1951219512,9017.536585365853
North America,2021-01-27,698449.6585365854,15842.292682926829
North America,2021-06-08,949510.1707317074,21823.024390243903
North America,2021-10-31,1348816.3658536586,27729.634146341465
North America,2022-03-30,2308595.4146341463,34526.46341463415
North America,2022-07-25,2623334.1951219514,35890.19512195122
North America,2023-08-02,3032509.0,39235.92682926829
North America,2023-09-12,3032801.56097561,39386.0
North America,2023-12-20,3034521.9024390243,39919.90243902439
South America,2020-07-10,174546.14285714287,8815.92857142857
South America,2021-02-08,1170147.7142857143,35467.642857142855
South America,2021-09-29,2695911.8571428573,82330.35714285714
South America,2022-03-21,3970685.214285714,90846.57142857143
South America,2023-07-12,4897496.5,96590.71428571429
South America,2023-10-04,4898314.428571428,96598.35714285714
South America,2023-12-14,4900907.428571428,96631.78571428571
Asia,2020-12-24,416868.57446808513,6822.978723404255
Asia,2021-01-01,429593.8510638298,7030.893617021276
Asia,2021-03-16,540956.3541666666,8497.458333333334
Asia,2022-01-20,1876834.9375,26524.854166666668
Asia,2022-11-27,4003783.3333333335,31243.104166666668
Asia,2023-02-14,6119179.291666667,33702.645833333336
Asia,2023-04-12,6159385.854166667,33875.291666666664
Asia,2023-05-05,6177075.291666667,33922.708333333336
Asia,2023-08-23,6247779.875,34018.895833333336
Asia,2024-01-04,6407689.617021277,34807.04255319149
Asia,2024-07-04,6414235.744680851,34833.617021276594
Asia,2024-07-25,6414666.723404256,34834.46808510638
Europe,2020-01-17,0.0392156862745098,0.058823529411764705
Europe,2020-03-03,33.27450980392157,0.8627450980392157
Europe,2020-04-05,11354.666666666666,1096.862745098039
Europe,2020-09-29,93592.37254901961,4480.921568627451
Europe,2020-10-06,103053.49019607843,4577.333333333333
Europe,2021-09-17,1093512.7115384615,23637.80769230769
Europe,2021-12-09,1457992.5192307692,28458.98076923077
Europe,2021-12-23,1559329.9807692308,29464.28846153846
Europe,2022-04-26,3726808.294117647,36215.686274509804
Europe,2022-09-26,4433523.0784313725,38174.94117647059
Europe,2022-12-10,4684286.882352941,39072.94117647059
Europe,2023-04-17,4860482.549019608,40387.82352941176
Europe,2023-05-02,4868231.901960785,40474.509803921566
Europe,2023-07-05,4881990.549019608,40668.705882352944
Africa,2020-10-17,27712.40350877193,714.9298245614035
Africa,2020-12-19,41747.56140350877,991.140350877193
Africa,2021-08-26,133422.26315789475,3332.4561403508774
Africa,2021-09-17,142786.26315789475,3577.1052631578946
Africa,2021-09-29,146594.73684210525,3684.1403508771928
Africa,2023-06-19,229803.61403508772,4543.456140350877
Africa,2024-02-20,230531.91228070174,4545.403508771929
Africa,2024-03-05,230540.15789473685,4545.508771929824
Africa,2024-05-18,230577.1052631579,4545.666666666667
Oceania,2020-09-28,1378.625,40.5
Oceania,2021-07-02,3410.7083333333335,59.708333333333336
Oceania,2021-10-02,10112.666666666666,126.75
Oceania,2022-03-07,156207.66666666666,382.7916666666667
Oceania,2023-06-06,593354.3333333334,1191.0
Oceania,2023-09-04,602211.875,1236.7916666666667
Oceania,2024-04-11,620928.2916666666,1350.4583333333333
North America,2020-08-16,156701.48780487804,6524.780487804878
North America,2022-04-03,2315714.3902439023,34643.92682926829
North America,2022-05-29,2428136.2439024393,35281.26829268293
North America,2022-06-09,2447700.926829268,35344.85365853659
North America,2022-11-11,2830026.7317073173,37203.31707317073
North America,2023-08-10,3032540.512195122,39253.0243902439
North America,2023-12-13,3034385.3414634145,39872.95121951219
North America,2024-04-20,3035849.0975609757,40582.34146341463
North America,2024-07-12,3036271.8536585364,40703.14634146341
South America,2020-03-20,29.428571428571427,0.9285714285714286
South America,2021-03-15,1372020.0,41533.21428571428
South America,2021-03-21,1423515.2142857143,43174.0
South America,2022-02-20,3793480.5714285714,89215.92857142857
South America,2022-09-03,4536108.857142857,94598.0
South America,2023-02-19,4846196.428571428,96377.64285714286
South America,2023-05-12,4894853.428571428,96538.0
South America,2023-09-11,4898053.071428572,96594.85714285714
South America,2023-11-08,4899413.714285715,96613.21428571429
South America,2024-02-05,4907622.357142857,96679.78571428571
South America,2024-03-04,4911456.785714285,96699.85714285714
South America,2024-06-15,4914349.142857143,96725.92857142857
Asia,2020-01-23,2.8297872340425534,0.06382978723404255
Asia,2021-03-11,528375.2291666666,8377.291666666666
Asia,2021-10-10,1604310.1041666667,23761.0
Asia,2022-05-21,3116051.75,29798.916666666668
Asia,2022-12-12,4083604.3958333335,31367.0
Asia,2023-02-05,6109108.145833333,33641.229166666664
Asia,2023-03-29,6150930.854166667,33848.6875
Asia,2024-06-23,6414035.361702127,34833.14893617021
Europe,2020-04-23,18404.666666666668,2164.372549019608
Europe,2020-10-08,103053.49019607843,4577.333333333333
Europe,2020-11-25,303857.3137254902,7441.588235294118
Europe,2021-01-20,539167.9607843137,13270.70588235294
Europe,2022-07-08,4028203.862745098,37034.07843137255
Europe,2022-07-26,4196893.901960785,37369.19607843137
Europe,2023-03-12,4831356.94117647,40126.07843137255
Europe,2023-10-27,4901596.431372549,40847.686274509804
Europe,2023-11-20,4911401.862745098,40915.0
Africa,2020-07-16,10269.105263157895,277.0
Africa,2020-08-03,16690.280701754386,398.35087719298247
Africa,2021-10-14,148747.73684210525,3760.122807017544
Africa,2022-03-25,208256.98245614034,4424.2807017543855
Africa,2022-06-15,217426.2105263158,4481.035087719299
Africa,2023-06-22,229803.61403508772,4543.456140350877
Africa,2023-08-02,229926.71929824562,4543.929824561404
Africa,2024-01-19,230480.8245614035,4545.298245614035
Africa,2024-02-07,230518.56140350876,4545.368421052632
Oceania,2020-09-03,1221.3333333333333,31.875
Oceania,2020-12-30,2280.9166666666665,49.458333333333336
Oceania,2021-02-18,2409.4166666666665,51.083333333333336
Oceania,2022-11-13,518661.4583333333,908.3333333333334
Oceania,2024-01-20,612364.7916666666,1312.8333333333333
North America,2020-02-02,0.3170731707317073,0.0
North America,2020-02-29,1.2195121951219512,0.0
North America,2020-08-09,145966.19512195123,6213.8536585365855
North America,2021-09-23,1234290.3170731708,25489.219512195123
North America,2021-10-17,1319509.780487805,27106.80487804878
North America,2022-06-23,2489605.4146341463,35461.90243902439
North America,2022-07-17,2593740.9024390243,35785.39024390244
North America,2022-08-11,2676593.6341463416,36102.829268292684
North America,2023-01-11,2928273.7317073173,37875.46341463415
North America,2024-05-08,3035952.1219512196,40617.41463414634
North America,2024-05-10,3035952.1219512196,40617.41463414634
North America,2024-05-28,3036086.8292682925,40644.73170731707
South America,2020-03-14,5.0,0.14285714285714285
South America,2020-04-17,3313.785714285714,173.42857142857142
South America,2020-05-07,13892.42857142857,1005.8571428571429
South America,2020-08-03,297140.5714285714,13377.214285714286
South America,2020-11-08,713231.7857142857,25793.85714285714
South America,2021-03-20,1372020.0,41533.21428571428
South America,2021-03-30,1480967.5,44957.5
South America,2021-04-21,1667285.142857143,51857.642857142855
South America,2021-10-12,2718931.0714285714,82951.5
South America,2022-09-08,4548209.214285715,94708.5
South America,2023-08-04,4897701.714285715,96592.21428571429
South America,2023-10-29,4899140.785714285,96609.21428571429
South America,2024-05-03,4914111.928571428,96721.85714285714
Asia,2020-10-01,224332.085106383,3976.7021276595747
Asia,2020-11-05,303331.3829787234,5155.234042553191
Asia,2020-12-25,416868.57446808513,6822.978723404255
Asia,2022-01-14,1805215.7916666667,26373.395833333332
Asia,2023-03-07,6137363.666666667,33791.583333333336
Asia,2023-03-30,6150930.854166667,33848.6875
Asia,2023-04-14,6159385.854166667,33875.291666666664
Asia,2023-09-30,6263241.229166667,34034.916666666664
Asia,2024-02-18,6411751.787234043,34819.936170212764
Europe,2020-02-29,4.0,0.29411764705882354
Europe,2022-01-15,1876969.2115384615,30673.923076923078
Europe,2023-05-06,4868231.901960785,40474.509803921566
Europe,2023-08-04,4883367.843137255,40691.96078431373
Europe,2024-05-31,4953204.294117647,41192.1568627451
Africa,2020-03-15,5.508771929824562,0.15789473684210525
Africa,2020-06-22,5307.964912280701,171.2280701754386
Africa,2020-08-02,16690.280701754386,398.35087719298247
Africa,2021-01-08,49602.9649122807,1174.0526315789473
Africa,2021-12-06,155644.54385964913,3936.9298245614036
Oceania,2020-07-12,466.8333333333333,5.916666666666667
Oceania,2022-06-13,375126.75,597.7083333333334
Oceania,2023-03-23,573957.0,1104.4583333333333
Oceania,2023-09-28,603196.0416666666,1243.5
Oceania,2023-10-16,604354.2916666666,1253.9166666666667
Oceania,2023-11-24,606870.125,1274.9583333333333
Oceania,2023-12-30,610303.7083333334,1303.7916666666667
Oceania,2024-01-11,611662.3333333334,1309.4166666666667
Oceania,2024-02-05,614260.5416666666,1328.0833333333333
North America,2020-05-31,49887.39024390244,3254.9756097560976
North America,2020-09-03,175217.58536585365,7071.463414634146
North America,2021-04-06,860678.8048780488,20393.731707317074
North America,2022-02-06,2200369.56097561,32365.853658536584
North America,2022-11-20,2845577.6829268294,37335.19512195122
North America,2023-08-12,3032540.512195122,39253.0243902439
North America,2024-03-09,3035633.3658536584,40456.58536585366
North America,2024-03-22,3035719.6829268294,40511.365853658535
North America,2024-06-28,3036206.024390244,40681.26829268293
South America,2020-02-20,0.0,0.0
South America,2021-09-12,2663283.5714285714,81583.71428571429
South America,2021-09-21,2674668.0,81961.14285714286
South America,2021-10-19,2727839.6428571427,83173.35714285714
South America,2022-01-23,3244677.5714285714,86256.5
South America,2023-03-20,4864320.714285715,96544.78571428571
South America,2023-07-15,4897496.5,96590.71428571429
South America,2023-10-05,4898314.428571428,96598.35714285714
South America,2024-04-02,4913761.5,96713.21428571429
South America,2024-04-20,4914004.214285715,96718.0
South America,2024-07-25,4914762.142857143,96727.28571428571
Asia,2022-05-11,3093057.5,29764.6875
Asia,2023-01-05,5769265.479166667,32073.25
Asia,2023-06-13,6203530.770833333,33981.770833333336
Asia,2024-07-15,6414534.659574468,34834.234042553195
Europe,2021-03-18,693175.5769230769,17283.384615384617
Europe,2021-07-29,977400.5961538461,22357.076923076922
Europe,2021-10-02,1125188.0,24095.51923076923
Europe,2022-05-14,3796729.843137255,36464.03921568627
Europe,2023-05-10,4871116.549019608,40511.41176470588
Europe,2023-09-15,4888671.31372549,40746.901960784315
Africa,2021-10-12,148747.73684210525,3760.122807017544
Africa,2021-10-20,149555.84210526315,3786.964912280702
Africa,2022-07-01,219086.45614035087,4489.771929824561
Africa,2023-01-01,228094.43859649124,4535.2807017543855
Africa,2023-01-04,228094.43859649124,4535.2807017543855
Africa,2023-01-15,228396.57894736843,4536.087719298245
Africa,2024-03-29,230551.31578947368,4545.543859649123
Africa,2024-04-29,230570.1754385965,4545.666666666667
Africa,2024-06-24,230604.28070175438,4545.684210526316
Oceania,2020-05-23,352.4583333333333,5.458333333333333
Oceania,2020-09-01,1221.3333333333333,31.875
Oceania,2021-07-10,3534.9583333333335,60.375
Oceania,2021-07-24,4086.0416666666665,64.20833333333333
Oceania,2022-04-17,266622.4583333333,454.5416666666667
Oceania,2022-09-27,502252.2916666667,873.9583333333334
Oceania,2024-05-27,623212.0,1360.875
North America,2022-03-01,2274865.2682926827,33766.46341463415
North America,2022-04-01,2308595.4146341463,34526.46341463415
North America,2022-07-26,2623334.1951219514,35890.19512195122
North America,2023-03-15,3001010.1219512196,38668.85365853659
North America,2023-06-05,3032199.3902439023,39121.12195121951
North America,2023-09-23,3032883.7073170734,39421.87804878049
North America,2023-10-20,3033324.9024390243,39566.756097560974
North America,2023-11-16,3033813.926829268,39706.560975609755
South America,2020-08-08,297140.5714285714,13377.214285714286
South America,2020-08-21,371792.28571428574,15738.0
South America,2021-04-15,1601981.5,49450.21428571428
South America,2021-07-23,2468703.4285714286,75615.85714285714
South America,2021-08-02,2541042.5,78214.92857142857
South America,2022-02-03,3428291.785714286,86919.78571428571
South America,2022-04-01,3994310.8571428573,91860.07142857143
South America,2022-06-01,4116574.5714285714,92748.92857142857
South America,2022-07-04,4276782.857142857,93269.14285714286
South America,2022-10-21,4586457.785714285,95095.21428571429
South America,2024-05-25,4914220.357142857,96724.14285714286
Asia,2020-02-18,1464.936170212766,37.638297872340424
Asia,2020-03-01,1801.9574468085107,62.57446808510638
Asia,2020-05-13,13735.787234042553,464.1276595744681
Asia,2020-07-01,46053.87234042553,1146.2978723404256
Asia,2020-09-22,205692.914893617,3712.872340425532
Asia,2021-01-29,476816.21276595746,7735.829787234043
Asia,2021-02-01,487811.3191489362,7906.340425531915
Asia,2022-07-02,3230474.5,30014.375
Asia,2022-09-07,3723463.625,30673.791666666668
Asia,2023-06-27,6207450.854166667,33991.479166666664
Asia,2023-08-17,6242988.1875,34014.916666666664
Asia,2023-08-26,6247779.875,34018.895833333336
Asia,2024-02-22,6411751.787234043,34819.936170212764
Europe,2021-10-17,1184312.6923076923,24966.05769230769
Europe,2021-11-12,1275739.4038461538,26285.78846153846
Europe,2022-06-27,3974946.274509804,36958.21568627451
Europe,2022-08-31,4337686.333333333,37901.01960784314
Europe,2022-11-26,4645012.549019608,38921.450980392154
Europe,2023-07-08,4881990.549019608,40668.705882352944
Europe,2024-02-02,4943559.68627451,41139.41176470588
Africa,2020-04-26,549.5087719298245,30.964912280701753
Africa,2021-09-04,137319.43859649124,3431.1929824561403
Africa,2022-02-18,200490.54385964913,4292.789473684211
Africa,2023-01-30,228692.26315789475,4537.7192982456145
Africa,2024-02-12,230527.1403508772,4545.3859649122805
Africa,2024-06-28,230604.28070175438,4545.684210526316
Oceania,2020-06-15,365.4166666666667,5.666666666666667
Oceania,2020-06-21,372.7916666666667,5.666666666666667
Oceania,2021-02-20,2409.4166666666665,51.083333333333336
Oceania,2021-05-16,3087.4166666666665,56.708333333333336
Oceania,2022-08-06,455397.7083333333,762.0416666666666
Oceania,2023-01-09,558620.0833333334,1023.2083333333334
Oceania,2023-02-20,569150.75,1088.2083333333333
North America,2020-02-20,0.7560975609756098,0.0
North America,2020-05-03,30056.756097560974,1865.5121951219512
North America,2020-10-04,218906.19512195123,8147.463414634146
North America,2021-06-07,949510.1707317074,21823.024390243903
North America,2021-10-24,1334089.0,27450.414634146342
North America,2021-11-19,1378090.8292682928,28194.51219512195
North America,2022-01-22,1884226.4146341463,30688.19512195122
North America,2022-04-14,2323239.8780487804,34743.09756097561
North America,2023-05-12,3028806.3658536584,39012.0
North America,2024-04-27,3035880.5853658537,40595.170731707316
South America,2020-02-10,0.0,0.0
South America,2020-06-26,122601.21428571429,6788.857142857143
South America,2020-09-11,477877.0714285714,19022.571428571428
South America,2020-09-13,505738.4285714286,20300.0
South America,2020-10-17,617972.3571428572,23502.571428571428
South America,2020-10-28,667261.1428571428,24753.928571428572
South America,2021-02-04,1130846.4285714286,34331.5
South America,2021-07-18,2468703.4285714286,75615.85714285714
South America,2022-08-03,4442886.214285715,93970.14285714286
South America,2023-04-10,4880587.857142857,96399.07142857143
South America,2023-05-09,4894853.428571428,96538.0
South America,2023-07-31,4897701.714285715,96592.21428571429
South America,2024-06-12,4914349.142857143,96725.92857142857
Asia,2020-05-25,19875.127659574468,576.2978723404256
Asia,2021-02-17,497222.7708333333,8016.416666666667
Asia,2022-02-15,2255731.7708333335,27528.791666666668
Asia,2022-02-23,2337782.3333333335,27813.791666666668
Asia,2023-07-06,6210283.395833333,33993.708333333336
Asia,2023-11-07,6266106.5,34073.1875
Asia,2024-02-23,6411751.787234043,34819.936170212764
Europe,2020-10-23,136174.98039215687,4876.568627450981
Europe,2020-10-24,136174.98039215687,4876.568627450981
Europe,2020-11-16,271621.0588235294,6721.666666666667
Europe,2021-02-05,579152.8653846154,14504.788461538461
Europe,2021-04-14,795786.8076923077,19103.75
Europe,2022-01-01,1625259.1923076923,29892.69230769231
Europe,2022-07-29,4196893.901960785,37369.19607843137
Europe,2022-10-20,4542166.607843137,38469.58823529412
Europe,2023-02-11,4794103.215686275,39869.21568627451
Europe,2023-02-22,4808260.94117647,39969.19607843137
Europe,2023-03-10,4824288.176470588,40072.39215686275
Europe,2023-12-16,4924368.137254902,40984.03921568627
Europe,2023-12-23,4929572.843137255,41013.76470588235
Africa,2020-08-05,16690.280701754386,398.35087719298247
Africa,2021-08-31,137319.43859649124,3431.1929824561403
Africa,2021-09-13,142786.26315789475,3577.1052631578946
Africa,2021-12-09,155644.54385964913,3936.9298245614036
Africa,2022-12-31,227972.36842105264,4534.859649122807
Africa,2023-03-14,229189.2105263158,4539.982456140351
Africa,2023-05-14,229614.9298245614,4542.701754385965
Africa,2023-10-17,230082.1403508772,4544.473684210527
Africa,2024-06-14,230590.77192982455,4545.684210526316
Oceania,2020-02-13,0.625,0.0
Oceania,2020-06-14,365.4166666666667,5.666666666666667
Oceania,2020-08-19,1056.5,22.75
Oceania,2021-07-16,3746.0,61.833333333333336
Oceania,2022-01-03,34992.166666666664,209.66666666666666
Oceania,2022-08-17,477834.3333333333,810.125
Oceania,2022-08-28,490621.875,840.5
Oceania,2022-10-12,506719.7916666667,883.9583333333334
Oceania,2024-01-25,613098.0416666666,1321.75
North America,2020-02-12,0.6585365853658537,0.0
North America,2020-09-28,209796.60975609755,7951.4390243902435
North America,2022-08-22,2715912.463414634,36311.365853658535
North America,2022-09-05,2749606.975609756,36503.365853658535
North America,2022-10-04,2792501.463414634,36823.365853658535
North America,2023-02-27,2989315.7073170734,38553.12195121951
North America,2023-04-05,3014707.6097560977,38826.14634146341
North America,2023-10-28,3033445.2195121953,39603.31707317073
North America,2024-06-18,3036178.43902439,40670.51219512195
South America,2020-06-02,57767.0,3873.0714285714284
South America,2020-09-02,441993.5,17981.35714285714
South America,2021-01-14,991754.4285714285,31165.785714285714
South America,2021-02-17,1206864.7142857143,36625.92857142857
South America,2021-04-06,1539719.2857142857,47165.142857142855
South America,2021-05-29,1977754.5714285714,62447.357142857145
South America,2021-07-30,2509079.5,77267.35714285714
South America,2023-03-02,4849829.214285715,96456.21428571429
South America,2023-05-07,4894853.428571428,96538.0
South America,2023-09-28,4898198.142857143,96596.57142857143
South America,2024-01-07,4902841.142857143,96646.14285714286
Asia,2020-02-14,796.3617021276596,19.27659574468085
Asia,2020-11-06,303331.3829787234,5155.234042553191
Asia,2021-11-08,1668211.5,24650.083333333332
Asia,2021-11-13,1668211.5,24650.083333333332
Asia,2022-06-04,3160820.6041666665,29867.625
Europe,2021-07-07,928418.4807692308,21962.69230769231
Europe,2022-01-09,1876969.2115384615,30673.923076923078
Europe,2022-03-25,3359421.901960784,35211.686274509804
Europe,2023-04-03,4851157.666666667,40296.37254901961
Europe,2024-01-30,4943559.68627451,41139.41176470588
Africa,2020-07-14,10269.105263157895,277.0
Africa,2020-08-24,20789.64912280702,529.578947368421
Africa,2021-03-07,70078.12280701754,1856.9298245614036
Africa,2024-07-15,230615.22807017545,4545.701754385965
Oceania,2021-01-28,2374.9166666666665,50.708333333333336
Oceania,2021-03-03,2438.1666666666665,51.375
Oceania,2022-07-22,424175.375,697.9583333333334
Oceania,2022-08-07,467999.3333333333,787.5833333333334
Oceania,2023-06-11,594749.2083333334,1204.4583333333333
Oceania,2023-07-03,598100.875,1216.25
Oceania,2023-12-20,609570.375,1299.9166666666667
North America,2020-07-22,108454.51219512195,5180.926829268293
North America,2020-10-02,209796.60975609755,7951.4390243902435
North America,2023-11-17,3033813.926829268,39706.560975609755
North America,2023-12-09,3034249.975609756,39826.92682926829
North America,2024-06-02,3036126.926829268,40653.19512195122
South America,2020-03-22,227.85714285714286,4.714285714285714
South America,2021-04-01,1480967.5,44957.5
South America,2021-06-11,2115216.214285714,66133.42857142857
South America,2021-07-07,2377626.6428571427,73074.57142857143
South America,2022-04-14,4025987.714285714,92179.92857142857
South America,2023-03-13,4857847.285714285,96509.57142857143
South America,2023-03-30,4870471.928571428,96578.85714285714
South America,2023-06-14,4897149.428571428,96588.5
South America,2023-12-07,4900672.285714285,96628.28571428571
South America,2024-01-28,4906318.928571428,96672.42857142857
Asia,2020-03-05,1801.9574468085107,62.57446808510638
Asia,2020-03-26,2570.2127659574467,108.74468085106383
Asia,2021-06-19,1109862.9791666667,15448.520833333334
Asia,2021-08-07,1291387.4791666667,18755.666666666668
Asia,2022-03-15,2638504.9583333335,28650.75
Asia,2022-05-05,3074882.75,29724.041666666668
Asia,2023-01-03,5769265.479166667,32073.25
Asia,2023-08-04,6227245.375,34003.958333333336
Asia,2024-05-05,6413143.70212766,34829.574468085106
Europe,2020-01-20,0.0784313725490196,0.058823529411764705
Europe,2020-05-22,30259.901960784315,3264.3529411764707
Europe,2020-06-10,36985.0,3600.607843137255
Europe,2021-02-28,651477.5576923077,16499.46153846154
Europe,2021-03-26,718036.0961538461,17700.69230769231
Europe,2021-06-17,906883.4038461539,21599.096153846152
Europe,2022-04-03,3552965.3921568627,35679.01960784314
Europe,2022-07-22,4148095.3725490198,37238.60784313725
Europe,2022-10-11,4505196.882352941,38355.96078431373
Europe,2022-12-17,4706127.549019608,39161.098039215685
Europe,2022-12-20,4727507.490196078,39263.21568627451
Europe,2023-01-23,4782634.196078432,39759.098039215685
Europe,2023-04-20,4860482.549019608,40387.82352941176
Europe,2024-07-18,4956705.666666667,41213.8431372549
Africa,2021-02-08,64655.54385964912,1665.1929824561403
Africa,2021-12-05,155644.54385964913,3936.9298245614036
Africa,2022-04-05,209563.70175438595,4437.175438596491
Africa,2023-01-10,228223.7894736842,4535.596491228071
Africa,2023-08-28,229980.98245614034,4544.1578947368425
Africa,2023-09-12,230007.68421052632,4544.175438596491
Africa,2024-04-03,230554.87719298244,4545.561403508772
Africa,2024-05-23,230579.94736842104,4545.666666666667
Oceania,2020-01-13,0.0,0.0
Oceania,2020-02-21,0.625,0.0
Oceania,2020-04-27,336.5,4.583333333333333
Oceania,2020-07-19,546.375,6.583333333333333
Oceania,2022-09-09,494662.3333333333,850.625
Oceania,2022-11-21,522721.7916666667,914.9166666666666
Oceania,2023-04-25,581828.625,1135.0
Oceania,2023-08-02,600359.6666666666,1221.3333333333333
Oceania,2023-11-03,605122.9166666666,1260.75
Oceania,2024-01-27,613098.0416666666,1321.75
North America,2020-03-25,825.8536585365854,9.829268292682928
North America,2020-03-26,825.8536585365854,9.829268292682928
North America,2020-07-08,83458.12195121951,4574.951219512195
North America,2021-09-16,1203889.9268292682,25012.243902439026
North America,2021-12-26,1516658.731707317,29695.975609756097
North America,2022-11-14,2837874.3170731706,37270.829268292684
North America,2022-12-31,2903555.7073170734,37716.0
North America,2023-01-05,2915000.2926829266,37792.243902439026
North America,2023-07-27,3032474.8048780486,39221.68292682927
North America,2024-02-13,3035449.487804878,40354.78048780488
North America,2024-02-21,3035519.073170732,40390.31707317073
South America,2020-01-27,0.0,0.0
South America,2020-05-15,20461.428571428572,1529.2857142857142
South America,2021-05-04,1789338.4285714286,56432.78571428572
South America,2021-05-13,1848031.2142857143,58501.71428571428
South America,2022-07-07,4276782.857142857,93269.14285714286
South America,2022-09-09,4548209.214285715,94708.5
South America,2023-02-04,4828263.857142857,96205.07142857143
South America,2023-02-07,4835195.428571428,96288.64285714286
South America,2023-02-25,4846196.428571428,96377.64285714286
South America,2023-05-08,4894853.428571428,96538.0
South America,2023-11-23,4900044.642857143,96620.64285714286
South America,2024-06-06,4914302.642857143,96725.14285714286
Asia,2021-04-27,759694.0833333334,10250.604166666666
Asia,2023-05-14,6188234.875,33949.333333333336
Asia,2023-11-22,6267017.8125,34075.541666666664
Asia,2023-12-30,6406071.361702127,34804.744680851065
Asia,2024-01-12,6408490.361702127,34811.87234042553
Europe,2020-05-16,27565.29411764706,3093.529411764706
Europe,2020-08-09,56249.35294117647,4068.0196078431372
Europe,2020-09-11,72718.37254901961,4262.882352941177
Europe,2020-11-05,199381.9019607843,5533.098039215686
Europe,2021-05-13,868387.5384615385,20698.78846153846
Europe,2022-03-30,3464246.470588235,35457.35294117647
Europe,2022-06-29,3974946.274509804,36958.21568627451
Europe,2022-07-04,4028203.862745098,37034.07843137255
Europe,2022-09-13,4380616.568627451,38042.490196078434
Europe,2023-01-14,4769752.803921568,39598.549019607846
Europe,2024-05-20,4952825.666666667,41190.25490196078
Africa,2020-04-24,382.96491228070175,25.894736842105264
Africa,2021-10-19,149555.84210526315,3786.964912280702
Africa,2021-10-30,150246.49122807017,3813.1754385964914
Africa,2022-07-14,220867.61403508772,4497.228070175439
Africa,2023-02-18,228878.19298245615,4538.6140350877195
Africa,2023-03-09,229114.54385964913,4539.6140350877195
Africa,2023-06-30,229843.19298245615,4543.6140350877195
Africa,2024-03-28,230551.31578947368,4545.543859649123
Africa,2024-06-29,230604.28070175438,4545.684210526316
Africa,2024-08-03,230620.0701754386,4545.912280701755
Oceania,2020-06-01,359.6666666666667,5.666666666666667
Oceania,2021-03-26,2570.8333333333335,51.625
Oceania,2021-06-24,3322.3333333333335,59.333333333333336
Oceania,2023-06-15,594749.2083333334,1204.4583333333333
Oceania,2023-08-11,600718.0,1225.5416666666667
North America,2022-03-20,2301674.7317073173,34388.243902439026
North America,2022-07-10,2563613.8292682925,35693.439024390245
North America,2022-07-22,2593740.9024390243,35785.39024390244
North America,2022-11-01,2822557.3170731706,37131.78048780488
North America,2024-03-28,3035755.536585366,40533.09756097561
South America,2021-06-12,2115216.214285714,66133.42857142857
South America,2021-07-08,2377626.6428571427,73074.57142857143
South America,2021-09-27,2695911.8571428573,82330.35714285714
South America,2021-10-22,2727839.6428571427,83173.35714285714
South America,2022-04-21,4037633.5,92276.78571428571
South America,2022-06-25,4199945.214285715,93004.85714285714
South America,2022-11-09,4603460.714285715,95229.5
South America,2024-03-19,4913002.357142857,96707.42857142857
Asia,2020-05-28,19875.127659574468,576.2978723404256
Asia,2020-06-08,28165.91489361702,732.0
Asia,2021-04-13,642114.0833333334,9318.4375
Asia,2021-06-09,1086660.75,14781.291666666666
Asia,2021-08-21,1369650.1041666667,20106.791666666668
Asia,2022-04-03,2931073.3333333335,29325.3125
Asia,2023-06-28,6207450.854166667,33991.479166666664
Asia,2024-02-12,6411572.255319149,34818.936170212764
Asia,2024-07-13,6414397.680851064,34834.063829787236
Europe,2021-03-21,718036.0961538461,17700.69230769231
Europe,2021-06-28,918809.8846153846,21832.76923076923
Europe,2022-03-02,3065743.843137255,34289.43137254902
Europe,2022-03-10,3155881.294117647,34642.94117647059
Europe,2022-12-14,4706127.549019608,39161.098039215685
Europe,2023-05-29,4877183.37254902,40592.294117647056
Europe,2023-09-07,4887211.098039215,40734.76470588235
Europe,2023-12-14,4924368.137254902,40984.03921568627
Europe,2024-03-01,4947062.2549019605,41163.35294117647
Europe,2024-07-31,4958388.647058823,41221.98039215686
Africa,2020-04-19,382.96491228070175,25.894736842105264
Africa,2022-01-25,189816.12280701756,4154.070175438596
Oceania,2020-10-30,1659.5,43.375
Oceania,2021-09-18,8640.0,109.45833333333333
Oceania,2022-03-17,172340.16666666666,390.9583333333333
Oceania,2023-03-12,572567.1666666666,1099.7083333333333
Oceania,2023-07-28,599996.5833333334,1217.125
North America,2020-01-08,0.0,0.0
North America,2020-08-06,134837.29268292684,5878.804878048781
North America,2020-09-09,184255.9512195122,7317.048780487805
North America,2021-02-05,728716.0243902439,16662.951219512193
North America,2021-07-13,977953.756097561,22294.756097560974
North America,2023-04-03,3014707.6097560977,38826.14634146341
South America,2020-01-29,0.0,0.0
South America,2020-07-26,261502.64285714287,12205.642857142857
South America,2021-05-01,1728981.5714285714,54160.71428571428
South America,2021-06-14,2182968.714285714,67974.42857142857
South America,2022-05-21,4082372.285714286,92600.35714285714
South America,2023-06-17,4897149.428571428,96588.5
South America,2023-07-17,4897574.142857143,96591.28571428571
South America,2024-03-18,4913002.357142857,96707.42857142857
South America,2024-05-14,4914186.285714285,96723.78571428571
South America,2024-06-23,4914464.5,96726.78571428571
Asia,2020-11-19,333228.6382978723,5621.468085106383
Asia,2022-10-01,3810460.125,30852.479166666668
Asia,2022-10-04,3830812.7916666665,30892.958333333332
Asia,2023-05-24,6192896.125,33959.0625
Asia,2023-08-20,6247779.875,34018.895833333336
Asia,2024-01-08,6408490.361702127,34811.87234042553
Europe,2020-02-20,2.0588235294117645,0.23529411764705882
Europe,2021-01-31,579152.8653846154,14504.788461538461
Europe,2021-12-31,1625259.1923076923,29892.69230769231
Europe,2022-02-25,2911084.5384615385,33233.92307692308
Europe,2022-06-14,3906286.68627451,36834.117647058825
Europe,2022-07-20,4148095.3725490198,37238.60784313725
Europe,2023-08-05,4883367.843137255,40691.96078431373
Europe,2023-08-24,4885163.470588235,40714.56862745098
Europe,2024-04-01,4950066.803921568,41178.13725490196
Europe,2024-07-28,4958388.647058823,41221.98039215686
Africa,2020-01-27,0.0,0.0
Africa,2020-05-12,1089.2280701754387,45.68421052631579
Africa,2020-10-20,28917.64912280702,732.5438596491229
Africa,2021-08-04,119052.77192982456,3000.3508771929824
Africa,2022-05-18,214546.12280701756,4464.017543859649
Africa,2023-09-17,230018.42105263157,4544.210526315789
Africa,2024-06-07,230587.19298245615,4545.684210526316
Oceania,2020-08-31,1221.3333333333333,31.875
Oceania,2020-12-21,2253.6666666666665,49.083333333333336
Oceania,2021-02-21,2422.0,51.25
Oceania,2021-03-10,2461.125,51.5
Oceania,2022-04-29,281477.9583333333,471.75
Oceania,2022-06-28,394865.7916666667,632.2916666666666
Oceania,2023-02-22,569150.75,1088.2083333333333
Oceania,2023-06-03,591247.25,1181.2916666666667
Oceania,2024-01-05,610757.6666666666,1306.75
Oceania,2024-03-01,615831.375,1337.3333333333333
Oceania,2024-07-24,624974.2916666666,1370.0
North America,2020-04-14,13673.414634146342,588.6585365853658
North America,2020-06-29,73315.46341463414,4326.0
North America,2020-07-11,83458.12195121951,4574.951219512195
North America,2020-12-23,497569.1219512195,12113.024390243903
North America,2021-05-11,923692.0487804879,21290.39024390244
North America,2021-09-05,1173246.4146341463,24549.585365853658
North America,2022-07-14,2563613.8292682925,35693.439024390245
North America,2022-07-16,2563613.8292682925,35693.439024390245
North America,2023-02-13,2974521.048780488,38406.41463414634
North America,2023-05-19,3031618.0,39063.9756097561
North America,2023-07-08,3032384.3170731706,39182.170731707316
South America,2020-08-25,406361.0,16879.285714285714
South America,2021-10-27,2737633.0714285714,83409.85714285714
South America,2022-08-17,4498997.357142857,94322.14285714286
South America,2023-01-07,4777658.357142857,95857.5
South America,2023-07-03,4897411.071428572,96590.35714285714
Asia,2020-04-22,7823.31914893617,305.3829787234043
Asia,2021-02-03,487811.3191489362,7906.340425531915
Asia,2021-08-18,1369650.1041666667,20106.791666666668
Asia,2021-09-10,1480145.1041666667,21961.6875
Asia,2022-01-25,1972536.3125,26696.708333333332
Asia,2023-03-10,6137363.666666667,33791.583333333336
Asia,2023-07-07,6210283.395833333,33993.708333333336
Asia,2023-10-06,6263730.229166667,34036.270833333336
Asia,2023-11-08,6266106.5,34073.1875
Europe,2020-07-02,43157.509803921566,3793.921568627451
Europe,2021-04-29,838180.1923076923,20008.75
Europe,2021-10-29,1211959.2692307692,25353.71153846154
Europe,2022-03-27,3464246.470588235,35457.35294117647
Europe,2022-07-13,4089572.901960784,37123.8431372549
Europe,2022-09-15,4380616.568627451,38042.490196078434
Europe,2023-02-07,4794103.215686275,39869.21568627451
Europe,2023-05-14,4873452.490196078,40542.27450980392
Europe,2024-03-31,4950066.803921568,41178.13725490196
Africa,2021-04-25,79811.22807017544,2110.2982456140353
Africa,2021-11-11,151600.8596491228,3858.2631578947367
Africa,2023-07-02,229870.91228070174,4543.666666666667
Africa,2024-02-29,230537.66666666666,4545.473684210527
Oceania,2020-09-29,1378.625,40.5
Oceania,2021-08-24,6579.625,86.58333333333333
Oceania,2022-01-17,79223.20833333333,239.0
Oceania,2022-10-16,509228.875,887.2083333333334
Oceania,2023-01-01,554969.2916666666,1023.0833333333334
North America,2020-08-14,145966.19512195123,6213.8536585365855
North America,2020-11-17,318591.26829268294,9619.585365853658
North America,2021-07-02,962482.5853658536,22112.585365853658
North America,2022-02-15,2237302.6097560977,32915.07317073171
North America,2022-10-05,2792501.463414634,36823.365853658535
North America,2022-12-18,2888974.8292682925,37626.170731707316
North America,2023-09-10,3032801.56097561,39386.0
North America,2024-03-03,3035633.3658536584,40456.58536585366
South America,2021-06-16,2182968.714285714,67974.42857142857
South America,2021-07-26,2509079.5,77267.35714285714
South America,2022-01-07,2856312.1428571427,85224.92857142857
South America,2022-03-06,3902521.714285714,90225.64285714286
South America,2022-03-26,3970685.214285714,90846.57142857143
South America,2022-10-20,4586457.785714285,95095.21428571429
South America,2023-10-27,4898869.571428572,96606.5
Asia,2020-07-15,61415.48936170213,1464.7659574468084
Asia,2021-10-31,1653585.9583333333,24436.541666666668
Asia,2021-11-30,1708480.0625,25279.083333333332
Asia,2021-12-19,1744034.6458333333,25890.625
Asia,2022-03-04,2424726.625,28094.625
Asia,2022-07-24,3361010.9166666665,30165.4375
Asia,2022-11-16,3950031.125,31148.583333333332
Asia,2024-03-15,6412284.234042553,34823.55319148936
Europe,2020-12-11,358719.70588235295,8928.35294117647
Europe,2021-11-24,1358804.9807692308,27365.53846153846
Europe,2022-04-07,3552965.3921568627,35679.01960784314
Europe,2022-06-12,3906286.68627451,36834.117647058825
Europe,2023-05-25,4875152.62745098,40567.01960784314
Europe,2024-05-30,4953204.294117647,41192.1568627451
Africa,2020-02-18,0.017543859649122806,0.0
Africa,2022-01-17,185139.91228070174,4111.298245614035
Africa,2022-02-16,200490.54385964913,4292.789473684211
Africa,2022-04-29,211354.35087719298,4450.596491228071
Africa,2022-05-04,212274.68421052632,4453.245614035088
Africa,2022-05-15,214546.12280701756,4464.017543859649
Africa,2022-06-06,216811.1403508772,4477.0
Africa,2022-12-29,227972.36842105264,4534.859649122807
Africa,2023-02-24,228947.0350877193,4538.982456140351
Africa,2024-02-16,230527.1403508772,4545.3859649122805
Africa,2024-04-13,230558.8245614035,4545.596491228071
Africa,2024-06-08,230587.19298245615,4545.684210526316
Oceania,2020-02-03,0.5,0.0
Oceania,2020-02-22,0.625,0.0
Oceania,2020-06-16,365.4166666666667,5.666666666666667
Oceania,2020-06-26,372.7916666666667,5.666666666666667
Oceania,2020-10-01,1378.625,40.5
Oceania,2021-09-01,7232.375,94.5
Oceania,2021-09-26,10112.666666666666,126.75
Oceania,2022-01-22,79223.20833333333,239.0
Oceania,2022-05-21,327527.8333333333,524.7083333333334
Oceania,2023-02-01,565843.9583333334,1023.2083333333334
Oceania,2023-03-10,571315.875,1095.875
Oceania,2023-09-12,602547.0833333334,1238.9166666666667
Oceania,2023-10-10,604036.1666666666,1251.4166666666667
Oceania,2024-04-03,620616.4166666666,1348.0416666666667
North America,2020-10-28,253825.82926829267,8770.048780487805
North America,2021-01-20,662679.8292682926,15002.0
North America,2021-10-06,1282670.243902439,26380.024390243903
North America,2022-01-25,2028444.219512195,31187.048780487807
North America,2022-12-11,2875985.951219512,37549.60975609756
North America,2022-12-21,2888974.8292682925,37626.170731707316
North America,2023-05-06,3026404.048780488,38978.439024390245
North America,2023-07-15,3032411.5853658537,39194.60975609756
North America,2023-11-18,3033813.926829268,39706.560975609755
North America,2024-06-21,3036178.43902439,40670.51219512195
South America,2020-04-22,5358.214285714285,336.35714285714283
South America,2020-05-28,42037.78571428572,3026.714285714286
South America,2020-09-30,563782.7857142857,21958.571428571428
South America,2020-10-06,591044.1428571428,22751.35714285714
South America,2020-10-10,591044.1428571428,22751.35714285714
South America,2020-11-10,713231.7857142857,25793.85714285714
South America,2022-02-09,3583052.1428571427,87666.21428571429
South America,2022-02-26,3793480.5714285714,89215.92857142857
South America,2022-04-26,4047862.3571428573,92364.42857142857
South America,2022-11-11,4603460.714285715,95229.5
South America,2022-12-29,4751654.642857143,95737.57142857143
South America,2023-02-12,4840970.5,96336.14285714286
Asia,2024-08-05,2.5175579E7,285487.0
Asia,2024-08-08,2.5175579E7,285487.0
Asia,2021-01-09,441180.3404255319,7227.148936170212
Asia,2021-04-17,642114.0833333334,9318.4375
Asia,2021-06-16,1109862.9791666667,15448.520833333334
Asia,2021-06-27,1149361.1666666667,16341.020833333334
Asia,2023-02-24,6126599.083333333,33741.208333333336
Asia,2023-05-09,6182861.5,33938.1875
Asia,2023-11-30,6400252.382978723,34798.425531914894
Asia,2024-05-20,6413388.638297873,34831.063829787236
Europe,2020-04-11,11354.666666666666,1096.862745098039
Europe,2021-01-01,443444.82352941175,11090.843137254902
Europe,2021-06-13,906883.4038461539,21599.096153846152
Europe,2022-03-24,3359421.901960784,35211.686274509804
Europe,2022-08-01,4235465.392156863,37500.62745098039
Europe,2022-12-18,4727507.490196078,39263.21568627451
Europe,2023-01-21,4777124.549019608,39687.98039215686
Europe,2023-02-08,4794103.215686275,39869.21568627451
Europe,2023-03-07,4824288.176470588,40072.39215686275
Europe,2023-05-11,4871116.549019608,40511.41176470588
Europe,2023-07-30,4883367.843137255,40691.96078431373
Europe,2023-08-08,4883878.68627451,40698.37254901961
Europe,2023-09-09,4887211.098039215,40734.76470588235
Europe,2024-07-11,4956042.117647059,41210.07843137255
Africa,2020-03-22,23.45614035087719,0.47368421052631576
Africa,2020-06-01,2536.4561403508774,77.49122807017544
Africa,2020-07-29,14681.157894736842,355.7894736842105
Africa,2022-01-08,174547.64912280702,4023.315789473684
Africa,2022-03-23,208256.98245614034,4424.2807017543855
Africa,2022-06-01,216193.9298245614,4472.684210526316
Africa,2023-01-03,228094.43859649124,4535.2807017543855
Africa,2024-04-17,230562.54385964913,4545.631578947368
Oceania,2020-07-15,466.8333333333333,5.916666666666667
Oceania,2022-01-09,59726.583333333336,219.5
Oceania,2022-11-11,515580.2916666667,900.7916666666666
Oceania,2023-01-03,554969.2916666666,1023.0833333333334
Oceania,2023-02-12,568084.3333333334,1083.625
Oceania,2023-03-07,571315.875,1095.875
Oceania,2023-12-14,608876.5416666666,1294.9583333333333
North America,2021-11-21,1396150.0731707318,28486.048780487807
North America,2022-08-14,2697305.7073170734,36211.9756097561
North America,2022-10-10,2800359.926829268,36895.60975609756
North America,2024-01-29,3035287.7073170734,40269.829268292684
North America,2024-07-25,3036361.7804878047,40729.73170731707
South America,2020-04-20,5358.214285714285,336.35714285714283
South America,2022-06-11,4141454.785714286,92819.28571428571
South America,2022-10-22,4586457.785714285,95095.21428571429
South America,2022-12-22,4721601.071428572,95633.92857142857
South America,2023-08-16,4897815.142857143,96592.92857142857
South America,2023-09-30,4898198.142857143,96596.57142857143
Asia,2020-03-14,2021.8085106382978,70.34042553191489
Asia,2020-03-23,2570.2127659574467,108.74468085106383
Asia,2021-01-20,465725.25531914894,7569.893617021276
Asia,2022-02-26,2337782.3333333335,27813.791666666668
Asia,2023-07-11,6213193.041666667,33996.6875
Asia,2023-09-14,6262659.625,34032.479166666664
Asia,2023-12-02,6400252.382978723,34798.425531914894
Europe,2020-09-02,67696.11764705883,4210.333333333333
Europe,2021-09-27,1125188.0,24095.51923076923
Europe,2021-09-29,1125188.0,24095.51923076923
Europe,2023-05-28,4877183.37254902,40592.294117647056
Europe,2024-01-06,4937236.176470588,41067.60784313725
Europe,2024-03-22,4948946.725490196,41172.78431372549
Africa,2020-03-31,80.10526315789474,2.456140350877193
Africa,2020-08-22,19561.36842105263,491.1929824561403
Africa,2020-09-11,22796.526315789473,589.7017543859649
Africa,2020-12-17,41747.56140350877,991.140350877193
Africa,2021-10-17,149555.84210526315,3786.964912280702
Africa,2022-04-19,210656.7894736842,4446.0
Africa,2023-06-03,229685.1754385965,4542.964912280701
Africa,2023-07-09,229898.9298245614,4543.736842105263
Oceania,2021-02-02,2388.6666666666665,50.875
Oceania,2021-12-18,17206.333333333332,199.16666666666666
Oceania,2022-04-18,266622.4583333333,454.5416666666667
Oceania,2022-04-28,281477.9583333333,471.75
Oceania,2023-01-14,558620.0833333334,1023.2083333333334
Oceania,2023-08-01,600359.6666666666,1221.3333333333333
Oceania,2024-05-26,623212.0,1360.875
North America,2022-01-20,1884226.4146341463,30688.19512195122
North America,2022-05-28,2407056.951219512,35200.560975609755
North America,2022-06-05,2447700.926829268,35344.85365853659
North America,2022-10-30,2822557.3170731706,37131.78048780488
North America,2023-08-05,3032509.0,39235.92682926829
North America,2024-01-21,3035195.0,40216.04878048781
North America,2024-07-26,3036361.7804878047,40729.73170731707
South America,2021-01-06,951573.0714285715,30345.928571428572
South America,2021-06-24,2252553.1428571427,69828.42857142857
South America,2022-07-18,4365336.357142857,93604.92857142857
South America,2023-02-28,4849829.214285715,96456.21428571429
South America,2023-05-27,4896962.5,96584.92857142857
South America,2023-08-08,4897758.714285715,96592.5
Asia,2020-06-29,46053.87234042553,1146.2978723404256
Asia,2021-04-15,642114.0833333334,9318.4375
Asia,2022-08-22,3624351.6666666665,30485.0625
Asia,2022-10-28,3884290.2291666665,31002.979166666668
Asia,2022-11-14,3950031.125,31148.583333333332
Asia,2024-02-17,6411572.255319149,34818.936170212764
Europe,2020-05-28,32668.254901960783,3399.372549019608
Europe,2020-08-01,50939.509803921566,3981.2549019607845
Europe,2020-09-24,85803.19607843137,4396.0
Europe,2020-10-12,116976.76470588235,4704.901960784314
Europe,2021-03-06,651477.5576923077,16499.46153846154
Europe,2021-06-18,906883.4038461539,21599.096153846152
Europe,2021-09-06,1077314.4807692308,23420.30769230769
Europe,2022-03-21,3359421.901960784,35211.686274509804
Europe,2022-07-18,4148095.3725490198,37238.60784313725
Europe,2023-10-26,4901596.431372549,40847.686274509804
Europe,2023-12-07,4919429.05882353,40958.21568627451
Europe,2024-05-29,4953204.294117647,41192.1568627451
Africa,2020-02-12,0.0,0.0
Africa,2020-03-06,0.05263157894736842,0.0
Africa,2020-05-31,2536.4561403508774,77.49122807017544
Africa,2020-12-15,41747.56140350877,991.140350877193
Africa,2020-12-28,46709.68421052631,1098.842105263158
Africa,2022-03-29,208943.73684210525,4430.684210526316
Africa,2022-06-29,219086.45614035087,4489.771929824561
Africa,2022-07-20,221761.52631578947,4501.298245614035
Africa,2023-12-18,230354.24561403508,4544.929824561404
Africa,2024-03-01,230537.66666666666,4545.473684210527
Oceania,2020-02-01,0.16666666666666666,0.0
Oceania,2020-02-25,0.9166666666666666,0.0
Oceania,2020-10-08,1417.2916666666667,41.708333333333336
Oceania,2021-07-09,3534.9583333333335,60.375
Oceania,2021-08-21,5823.75,79.95833333333333
Oceania,2021-12-04,16009.208333333334,193.125
Oceania,2023-12-31,610757.6666666666,1306.75
Oceania,2024-02-17,614796.1666666666,1332.0416666666667
Oceania,2024-07-20,624877.25,1368.75
North America,2020-03-13,14.024390243902438,0.4634146341463415
North America,2020-06-06,49887.39024390244,3254.9756097560976
North America,2021-06-01,945000.4390243902,21715.70731707317
North America,2023-09-04,3032733.048780488,39352.29268292683
North America,2023-10-06,3033102.6585365855,39495.80487804878
South America,2021-07-03,2321538.8571428573,71539.07142857143
South America,2021-09-01,2634729.214285714,80794.21428571429
South America,2022-12-10,4660777.928571428,95446.21428571429
South America,2023-09-10,4898053.071428572,96594.85714285714
South America,2024-01-23,4905041.857142857,96664.21428571429
South America,2024-06-22,4914401.142857143,96726.64285714286
South America,2024-07-24,4914762.142857143,96727.28571428571
Asia,2020-03-12,2021.8085106382978,70.34042553191489
Asia,2020-07-21,70147.8085106383,1651.0425531914893
Asia,2021-10-30,1638056.6875,24187.6875
Asia,2021-12-23,1744034.6458333333,25890.625
Asia,2022-08-16,3562814.125,30390.458333333332
Asia,2022-08-30,3676756.8333333335,30582.854166666668
Asia,2024-06-14,6413746.829787234,34832.40425531915
Europe,2020-01-15,0.0392156862745098,0.058823529411764705
Europe,2021-12-27,1625259.1923076923,29892.69230769231
Europe,2022-02-03,2434854.8846153845,31883.115384615383
Europe,2022-04-29,3726808.294117647,36215.686274509804
Europe,2022-05-30,3865737.862745098,36715.294117647056
Europe,2022-07-31,4235465.392156863,37500.62745098039
Europe,2022-09-16,4380616.568627451,38042.490196078434
Europe,2023-06-17,4879942.039215687,40632.96078431373
Europe,2024-01-23,4942453.039215687,41128.21568627451
Europe,2024-04-14,4951007.862745098,41182.549019607846
Africa,2020-02-09,0.0,0.0
Africa,2020-05-17,1462.7719298245613,53.78947368421053
Africa,2020-10-03,25644.78947368421,664.5087719298245
Africa,2020-12-18,41747.56140350877,991.140350877193
Africa,2021-05-28,84226.33333333333,2257.0175438596493
Africa,2021-09-16,142786.26315789475,3577.1052631578946
Africa,2021-11-18,152266.8596491228,3878.877192982456
Africa,2022-02-10,197809.28070175438,4242.122807017544
Africa,2022-07-27,222751.15789473685,4505.7192982456145
Africa,2022-11-03,226419.8947368421,4527.070175438596
Africa,2022-11-17,226777.80701754385,4528.771929824561
Africa,2023-06-08,229744.08771929826,4543.122807017544
Africa,2023-08-07,229932.31578947368,4543.9473684210525
Africa,2023-12-20,230354.24561403508,4544.929824561404
Oceania,2020-04-10,278.2916666666667,1.75
Oceania,2020-05-24,356.125,5.625
Oceania,2021-03-30,2653.9166666666665,51.625
Oceania,2021-10-08,10953.958333333334,137.33333333333334
Oceania,2021-10-23,12569.083333333334,156.25
Oceania,2022-07-27,439523.4583333333,733.25
Oceania,2022-10-07,504834.6666666667,878.9166666666666
Oceania,2023-01-28,564382.875,1023.2083333333334
Oceania,2023-04-05,576844.0,1116.8333333333333
Oceania,2023-05-17,586981.5,1159.0833333333333
Oceania,2023-08-21,601505.125,1231.5416666666667
North America,2020-07-31,122191.17073170732,5525.878048780488
North America,2021-09-07,1173246.4146341463,24549.585365853658
North America,2021-09-19,1234290.3170731708,25489.219512195123
North America,2021-10-10,1302649.0731707318,26763.60975609756
North America,2021-11-09,1362859.4146341463,27964.536585365855
North America,2021-12-19,1477734.6585365853,29397.585365853658
North America,2022-01-23,2028444.219512195,31187.048780487807
North America,2022-04-08,2315714.3902439023,34643.92682926829
North America,2022-10-24,2815336.6829268294,37045.12195121951
North America,2023-08-07,3032540.512195122,39253.0243902439
North America,2023-09-08,3032733.048780488,39352.29268292683
North America,2023-12-12,3034385.3414634145,39872.95121951219
North America,2024-03-21,3035719.6829268294,40511.365853658535
South America,2020-07-23,229009.57142857142,11052.142857142857
South America,2020-08-28,406361.0,16879.285714285714
South America,2021-04-28,1728981.5714285714,54160.71428571428
South America,2021-09-03,2634729.214285714,80794.21428571429
South America,2022-06-15,4171369.714285714,92912.35714285714
South America,2023-02-13,4840970.5,96336.14285714286
South America,2023-12-06,4900672.285714285,96628.28571428571
South America,2024-01-20,4903907.714285715,96656.21428571429
South America,2024-03-08,4911456.785714285,96699.85714285714
South America,2024-03-14,4912241.642857143,96703.78571428571
South America,2024-07-27,4914762.142857143,96727.28571428571
Asia,2020-05-16,13735.787234042553,464.1276595744681
Asia,2021-06-12,1086660.75,14781.291666666666
Asia,2021-11-17,1682023.0,24859.916666666668
Asia,2022-06-10,3178998.4791666665,29906.666666666668
Asia,2022-08-21,3624351.6666666665,30485.0625
Asia,2022-09-30,3810460.125,30852.479166666668
Asia,2022-11-05,3903453.625,31040.145833333332
Asia,2023-02-04,6096325.25,32382.625
Asia,2023-02-28,6132082.083333333,33767.354166666664
Asia,2023-04-06,6154733.791666667,33862.4375
Asia,2023-11-29,6400252.382978723,34798.425531914894
Asia,2023-12-05,6400968.085106383,34799.53191489362
Asia,2024-05-11,6413143.70212766,34829.574468085106
Europe,2020-01-06,0.0196078431372549,0.058823529411764705
Europe,2020-03-09,213.62745098039215,5.862745098039215
Europe,2020-03-13,213.62745098039215,5.862745098039215
Europe,2021-03-30,745776.0,18144.5
Europe,2022-04-22,3679592.274509804,36060.56862745098
Africa,2020-02-11,0.0,0.0
Africa,2020-07-18,10269.105263157895,277.0
Africa,2020-09-01,21816.491228070176,561.1754385964912
Africa,2021-06-23,91964.71929824562,2416.6491228070176
Africa,2021-09-11,140411.28070175438,3512.7368421052633
Africa,2022-05-09,213356.28070175438,4457.877192982456
Africa,2024-05-03,230570.1754385965,4545.666666666667
Oceania,2020-07-17,466.8333333333333,5.916666666666667
Oceania,2020-09-15,1316.25,37.0
Oceania,2021-05-09,3009.25,56.666666666666664
Oceania,2022-02-07,115021.33333333333,324.5833333333333
Oceania,2022-12-23,545289.3333333334,961.6666666666666
Oceania,2023-06-08,593354.3333333334,1191.0
North America,2020-01-30,0.1951219512195122,0.0
North America,2020-06-26,65476.65853658537,4049.2926829268295
North America,2020-07-26,122191.17073170732,5525.878048780488
North America,2021-09-08,1173246.4146341463,24549.585365853658
North America,2022-08-28,2733247.5853658537,36409.80487804878
North America,2023-03-10,2995870.975609756,38615.0243902439
North America,2023-05-10,3028806.3658536584,39012.0
North America,2023-07-04,3032384.3170731706,39182.170731707316
North America,2023-07-09,3032411.5853658537,39194.60975609756
North America,2023-08-24,3032617.7804878047,39295.19512195122
North America,2024-03-01,3035579.3414634145,40424.12195121951
North America,2024-05-03,3035915.4146341463,40606.34146341463
North America,2024-06-07,3036126.926829268,40653.19512195122
South America,2020-08-23,406361.0,16879.285714285714
South America,2020-09-27,563782.7857142857,21958.571428571428
South America,2020-11-30,788723.0714285715,27314.071428571428
South America,2022-06-26,4235629.142857143,93127.71428571429
South America,2022-06-30,4235629.142857143,93127.71428571429
South America,2022-08-15,4498997.357142857,94322.14285714286
South America,2023-04-14,4880587.857142857,96399.07142857143
South America,2023-11-26,4900361.285714285,96624.78571428571
Asia,2024-08-07,2.5175579E7,285487.0
Asia,2020-01-17,0.9574468085106383,0.02127659574468085
Asia,2020-09-20,205692.914893617,3712.872340425532
Asia,2020-10-02,224332.085106383,3976.7021276595747
Asia,2021-01-24,476816.21276595746,7735.829787234043
Asia,2021-03-29,577647.5416666666,8832.979166666666
Asia,2021-04-22,693491.8125,9691.458333333334
Asia,2021-07-31,1254504.7291666667,18127.770833333332
Asia,2021-11-11,1668211.5,24650.083333333332
Asia,2023-12-07,6400968.085106383,34799.53191489362
Asia,2024-03-26,6412549.744680851,34825.65957446808
Asia,2024-07-18,6414534.659574468,34834.234042553195
Europe,2020-02-19,2.0588235294117645,0.23529411764705882
Europe,2020-05-24,32668.254901960783,3399.372549019608
Europe,2020-06-11,36985.0,3600.607843137255
Europe,2021-04-05,772346.9230769231,18616.30769230769
Europe,2021-11-26,1358804.9807692308,27365.53846153846
Europe,2023-07-03,4881990.549019608,40668.705882352944
Africa,2020-04-27,549.5087719298245,30.964912280701753
Africa,2020-10-07,26599.21052631579,689.3859649122807
Africa,2021-02-01,62767.0,1590.017543859649
Africa,2021-05-10,82049.15789473684,2186.1754385964914
Africa,2021-12-11,155644.54385964913,3936.9298245614036
Africa,2022-11-09,226578.57894736843,4528.263157894737
Africa,2022-12-18,227790.66666666666,4534.2807017543855
Africa,2023-08-24,229974.1754385965,4544.122807017544
Africa,2024-04-02,230554.87719298244,4545.561403508772
Oceania,2020-02-10,0.625,0.0
Oceania,2020-04-19,330.3333333333333,3.7916666666666665
Oceania,2020-10-28,1659.5,43.375
Oceania,2020-11-03,1743.5416666666667,44.083333333333336
Oceania,2020-11-21,1987.5833333333333,45.791666666666664
Oceania,2022-01-29,94052.0,268.2916666666667
Oceania,2022-07-03,396534.0,650.7916666666666
Oceania,2022-10-23,511082.5833333333,891.5
Oceania,2023-08-20,601505.125,1231.5416666666667
North America,2020-03-05,2.292682926829268,0.024390243902439025
North America,2021-01-19,662679.8292682926,15002.0
North America,2021-12-02,1412132.1219512196,28661.219512195123
North America,2023-08-27,3032672.2195121953,39321.9756097561
North America,2024-04-05,3035783.7073170734,40551.68292682927
South America,2020-11-15,737538.0,26277.714285714286
South America,2020-12-05,788723.0714285715,27314.071428571428
South America,2022-01-20,3069141.0,85754.92857142857
South America,2022-04-16,4025987.714285714,92179.92857142857
South America,2022-08-12,4473748.571428572,94144.92857142857
South America,2022-08-18,4498997.357142857,94322.14285714286
South America,2022-10-10,4581966.714285715,95051.42857142857
South America,2024-04-26,4914066.785714285,96720.42857142857
South America,2024-05-19,4914220.357142857,96724.14285714286
South America,2024-07-23,4914762.142857143,96727.28571428571
Asia,2020-03-07,1801.9574468085107,62.57446808510638
Asia,2021-03-13,528375.2291666666,8377.291666666666
Asia,2021-09-28,1564189.2708333333,23235.458333333332
Asia,2021-10-27,1638056.6875,24187.6875
Asia,2022-02-16,2255731.7708333335,27528.791666666668
Asia,2022-07-31,3424595.25,30227.270833333332
Asia,2022-12-14,4083604.3958333335,31367.0
Asia,2023-02-15,6119179.291666667,33702.645833333336
Asia,2023-05-20,6188234.875,33949.333333333336
Asia,2023-12-26,6406071.361702127,34804.744680851065
Asia,2024-05-31,6413497.70212766,34831.44680851064
Asia,2024-08-01,6414778.382978723,34834.72340425532
Europe,2021-01-09,473551.0588235294,11785.666666666666
Europe,2021-04-04,772346.9230769231,18616.30769230769
Europe,2024-01-11,4939501.803921568,41092.549019607846
Europe,2024-04-18,4951007.862745098,41182.549019607846
Africa,2020-08-04,16690.280701754386,398.35087719298247
Africa,2020-12-05,38007.70175438596,912.6491228070175
Africa,2021-03-29,74047.47368421052,1967.8070175438597
Africa,2021-04-26,79811.22807017544,2110.2982456140353
Africa,2021-12-18,158826.19298245615,3953.6666666666665
Africa,2022-05-30,216193.9298245614,4472.684210526316
Africa,2022-06-26,219086.45614035087,4489.771929824561
Africa,2022-07-07,219932.35087719298,4492.877192982456
Africa,2022-07-21,221761.52631578947,4501.298245614035
Africa,2022-08-31,224976.70175438595,4518.491228070176
Africa,2022-09-08,225244.75438596492,4519.666666666667
Africa,2022-12-03,227253.1052631579,4530.7192982456145
Africa,2023-01-06,228094.43859649124,4535.2807017543855
Africa,2023-07-18,229912.0701754386,4543.859649122807
Africa,2023-12-16,230292.22807017545,4544.912280701755
Oceania,2020-08-17,1056.5,22.75
Oceania,2020-09-11,1275.9166666666667,34.625
Oceania,2020-10-18,1543.5416666666667,42.833333333333336
Oceania,2021-11-12,14489.083333333334,176.83333333333334
Oceania,2022-02-20,131559.66666666666,362.3333333333333
Oceania,2022-06-10,365335.5416666667,579.5416666666666
Oceania,2024-04-29,621835.875,1356.2083333333333
North America,2020-12-27,534535.731707317,12738.292682926829
North America,2021-03-01,799655.9268292683,19048.170731707316
North America,2021-09-02,1139556.5853658537,24089.463414634145
North America,2022-11-09,2830026.7317073173,37203.31707317073
North America,2023-05-15,3031618.0,39063.9756097561
North America,2023-07-20,3032442.2926829266,39207.85365853659
North America,2023-12-27,3034654.975609756,39969.21951219512
North America,2024-07-10,3036271.8536585364,40703.14634146341
South America,2020-12-08,820182.1428571428,27856.928571428572
South America,2020-12-21,886131.8571428572,29038.64285714286
South America,2021-11-03,2747384.6428571427,83632.0
South America,2022-02-24,3793480.5714285714,89215.92857142857
South America,2022-04-19,4037633.5,92276.78571428571
South America,2022-05-25,4096469.4285714286,92670.14285714286
South America,2023-02-21,4846196.428571428,96377.64285714286
South America,2024-05-29,4914262.428571428,96724.78571428571
Asia,2020-05-14,13735.787234042553,464.1276595744681
Asia,2020-12-19,401865.5106382979,6606.744680851064
Asia,2021-05-14,903867.8333333334,11778.0625
Asia,2021-12-07,1720885.1458333333,25526.833333333332
Asia,2022-01-21,1876834.9375,26524.854166666668
Asia,2022-02-27,2424726.625,28094.625
Asia,2022-04-29,3053885.9166666665,29626.541666666668
Asia,2022-12-22,4347785.833333333,31458.3125
Asia,2023-03-21,6147262.916666667,33833.1875
Asia,2023-05-18,6188234.875,33949.333333333336
Asia,2024-02-11,6411572.255319149,34818.936170212764
Asia,2024-07-26,6414666.723404256,34834.46808510638
Europe,2020-01-14,0.0392156862745098,0.058823529411764705
Europe,2020-02-01,0.17647058823529413,0.11764705882352941
Europe,2020-07-01,43157.509803921566,3793.921568627451
Europe,2020-09-09,72718.37254901961,4262.882352941177
Europe,2020-11-09,236609.0,6079.137254901961
Europe,2021-02-03,579152.8653846154,14504.788461538461
Europe,2021-05-25,888344.2692307692,21161.30769230769
Europe,2021-10-15,1162021.4423076923,24642.98076923077
Europe,2022-06-05,3884341.0,36775.96078431373
Europe,2024-05-12,4952472.039215687,41189.56862745098
Europe,2024-06-05,4953611.274509804,41194.13725490196
Europe,2024-07-07,4956042.117647059,41210.07843137255
Africa,2020-01-20,0.0,0.0
Africa,2020-03-21,5.508771929824562,0.15789473684210525
Africa,2020-09-15,23767.122807017542,615.1052631578947
Africa,2021-02-21,67536.1052631579,1775.3508771929824
Africa,2022-02-24,202772.1403508772,4345.0
Africa,2022-10-04,225891.22807017545,4523.6140350877195
Africa,2022-12-06,227464.35087719298,4531.6140350877195
Africa,2022-12-15,227616.0701754386,4533.578947368421
Africa,2022-12-19,227790.66666666666,4534.2807017543855
Oceania,2020-10-20,1543.5416666666667,42.833333333333336
Oceania,2021-01-30,2374.9166666666665,50.708333333333336
Oceania,2021-10-01,10112.666666666666,126.75
Oceania,2024-05-01,621835.875,1356.2083333333333
Oceania,2024-05-19,622995.2083333334,1360.0833333333333
Oceania,2024-06-15,623686.6666666666,1362.375
North America,2020-02-27,1.2195121951219512,0.0
North America,2020-03-28,825.8536585365854,9.829268292682928
North America,2021-03-07,812139.1463414634,19418.243902439026
North America,2021-05-20,932182.6341463415,21445.48780487805
North America,2021-07-03,962482.5853658536,22112.585365853658
South America,2020-02-04,0.0,0.0
South America,2020-05-05,13892.42857142857,1005.8571428571429
South America,2020-08-14,333718.21428571426,14571.785714285714
South America,2021-01-09,951573.0714285715,30345.928571428572
South America,2024-01-13,4902841.142857143,96646.14285714286
South America,2024-03-10,4912241.642857143,96703.78571428571
Asia,2020-11-24,348651.89361702127,5871.553191489362
Asia,2021-10-08,1585439.625,23526.125
Asia,2021-11-03,1653585.9583333333,24436.541666666668
Asia,2021-11-25,1694972.2083333333,25063.520833333332
Asia,2022-01-08,1768821.9375,26225.458333333332
Asia,2022-02-05,2073663.4583333333,26905.9375
Asia,2022-04-19,3025937.75,29545.354166666668
Asia,2022-10-21,3866508.2083333335,30965.625
Asia,2023-02-27,6132082.083333333,33767.354166666664
Asia,2023-03-23,6147262.916666667,33833.1875
Asia,2023-04-08,6154733.791666667,33862.4375
Asia,2023-08-01,6227245.375,34003.958333333336
Asia,2023-10-20,6264691.0,34041.0
Europe,2020-04-12,15008.941176470587,1659.4901960784314
Europe,2020-08-02,53424.58823529412,4023.274509803922
Europe,2021-10-06,1142677.2115384615,24352.23076923077
Europe,2022-01-02,1733222.4615384615,30296.826923076922
Africa,2020-04-03,80.10526315789474,2.456140350877193
Africa,2020-05-14,1089.2280701754387,45.68421052631579
Africa,2020-06-19,4195.859649122807,134.0
Africa,2021-08-16,128715.45614035087,3232.7894736842104
Africa,2022-05-20,214546.12280701756,4464.017543859649
Africa,2022-07-05,219932.35087719298,4492.877192982456
Africa,2024-04-25,230566.1052631579,4545.666666666667
Oceania,2020-08-01,653.0833333333334,8.458333333333334
Oceania,2021-03-09,2461.125,51.5
Oceania,2021-04-23,2864.5,51.833333333333336
Oceania,2021-09-25,9391.333333333334,117.58333333333333
Oceania,2022-07-29,439523.4583333333,733.25
Oceania,2023-02-06,567033.5833333334,1078.0833333333333
Oceania,2023-02-18,568084.3333333334,1083.625
Oceania,2023-09-09,602211.875,1236.7916666666667
Oceania,2023-11-27,607573.75,1279.5
Oceania,2024-02-14,614796.1666666666,1332.0416666666667
North America,2020-07-01,73315.46341463414,4326.0
North America,2020-07-29,122191.17073170732,5525.878048780488
North America,2020-08-29,166175.07317073172,6805.804878048781
North America,2020-09-01,175217.58536585365,7071.463414634146
North America,2020-09-05,175217.58536585365,7071.463414634146
North America,2020-09-20,200542.36585365853,7748.487804878048
North America,2020-09-22,200542.36585365853,7748.487804878048
North America,2021-05-03,913684.3170731707,21123.658536585364
North America,2021-06-13,953986.8780487805,21929.09756097561
North America,2022-05-22,2407056.951219512,35200.560975609755
North America,2024-03-11,3035676.463414634,40485.0243902439
South America,2020-06-22,122601.21428571429,6788.857142857143
South America,2021-06-18,2182968.714285714,67974.42857142857
South America,2022-08-24,4519190.5,94469.35714285714
South America,2023-12-18,4901125.714285715,96634.85714285714
South America,2024-06-13,4914349.142857143,96725.92857142857
South America,2024-06-14,4914349.142857143,96725.92857142857
Asia,2022-03-26,2758874.7291666665,28892.6875
Asia,2022-10-25,3884290.2291666665,31002.979166666668
Asia,2023-08-10,6241091.333333333,34012.979166666664
Asia,2023-10-17,6264691.0,34041.0
Asia,2024-03-08,6412145.234042553,34822.72340425532
Asia,2024-05-14,6413268.638297873,34830.17021276596
Europe,2020-02-02,0.5882352941176471,0.19607843137254902
Europe,2021-12-26,1625259.1923076923,29892.69230769231
Europe,2022-11-08,4612586.019607843,38771.333333333336
Europe,2023-02-10,4794103.215686275,39869.21568627451
Europe,2023-11-06,4905807.156862745,40875.13725490196
Europe,2023-12-09,4919429.05882353,40958.21568627451
Africa,2020-05-11,1089.2280701754387,45.68421052631579
Africa,2020-05-21,1462.7719298245613,53.78947368421053
Africa,2021-03-05,68835.43859649122,1819.1754385964912
Africa,2021-05-29,84226.33333333333,2257.0175438596493
Africa,2021-07-06,99944.26315789473,2567.2105263157896
Africa,2021-07-13,104929.40350877192,2665.157894736842
Africa,2023-01-27,228548.2105263158,4537.1578947368425
Africa,2023-08-15,229965.64912280702,4544.070175438596
Africa,2023-12-10,230292.22807017545,4544.912280701755
Africa,2024-02-21,230531.91228070174,4545.403508771929
Oceania,2020-04-21,330.3333333333333,3.7916666666666665
Oceania,2020-06-08,363.0,5.666666666666667
Oceania,2020-06-13,363.0,5.666666666666667
Oceania,2020-08-02,795.5833333333334,12.541666666666666
Oceania,2020-11-16,1987.5833333333333,45.791666666666664
Oceania,2021-09-14,8640.0,109.45833333333333
Oceania,2022-02-03,105826.41666666667,298.2916666666667
Oceania,2022-04-25,281477.9583333333,471.75
Oceania,2023-03-28,575352.8333333334,1111.5
Oceania,2023-04-30,583519.0833333334,1142.2916666666667
Oceania,2024-02-01,613723.625,1325.0416666666667
North America,2020-04-06,7925.390243902439,227.02439024390245
North America,2020-05-15,35285.85365853659,2280.048780487805
North America,2020-07-17,94938.26829268293,4861.8536585365855
North America,2020-11-24,350038.243902439,9999.048780487805
North America,2021-08-04,1021063.3658536585,22724.024390243903
North America,2022-03-23,2301674.7317073173,34388.243902439026
North America,2022-10-16,2807451.43902439,36961.09756097561
North America,2022-12-23,2888974.8292682925,37626.170731707316
North America,2023-06-13,3032246.8536585364,39137.41463414634
North America,2024-05-22,3036044.2195121953,40635.41463414634
North America,2024-06-01,3036086.8292682925,40644.73170731707
South America,2020-11-03,692497.7142857143,25302.35714285714
South America,2020-11-27,762923.2142857143,26817.35714285714
South America,2022-02-18,3702612.1428571427,88497.35714285714
South America,2022-05-23,4096469.4285714286,92670.14285714286
South America,2023-01-12,4795584.642857143,95964.0
South America,2023-05-23,4896962.5,96584.92857142857
South America,2023-07-13,4897496.5,96590.71428571429
South America,2023-11-28,4900361.285714285,96624.78571428571
South America,2023-12-10,4900907.428571428,96631.78571428571
South America,2024-06-30,4914523.357142857,96726.85714285714
Asia,2020-08-12,106183.70212765958,2267.063829787234
Asia,2020-10-11,259195.40425531915,4484.31914893617
Asia,2021-07-05,1170516.75,16686.3125
Asia,2022-01-16,1876834.9375,26524.854166666668
Asia,2022-01-23,1972536.3125,26696.708333333332
Asia,2022-04-17,3025937.75,29545.354166666668
Asia,2022-11-24,3975835.3958333335,31194.9375
Asia,2024-04-25,6412904.361702127,34828.34042553192
Europe,2020-02-08,0.5882352941176471,0.19607843137254902
Europe,2020-03-14,213.62745098039215,5.862745098039215
Europe,2020-03-15,1109.4901960784314,44.03921568627451
Europe,2020-06-22,41222.901960784315,3742.4313725490197
Europe,2020-10-27,164223.25490196078,5134.686274509804
Europe,2020-12-25,416387.862745098,10420.70588235294
Europe,2021-04-15,795786.8076923077,19103.75
Europe,2021-06-04,895366.5576923077,21333.153846153848
Europe,2023-02-28,4816519.196078432,40020.25490196078
Europe,2023-06-24,4880810.019607843,40647.78431372549
Europe,2023-08-11,4883878.68627451,40698.37254901961
Europe,2023-10-12,4897413.215686275,40807.62745098039
Europe,2024-02-10,4944551.549019608,41148.03921568627
Europe,2024-06-10,4954051.431372549,41196.705882352944
Africa,2020-07-22,12477.245614035088,311.29824561403507
Africa,2021-06-06,87115.40350877192,2325.40350877193
Africa,2022-08-19,224374.57894736843,4513.982456140351
Africa,2023-04-10,229385.24561403508,4541.122807017544
Africa,2023-06-29,229843.19298245615,4543.6140350877195
Africa,2024-03-14,230542.08771929826,4545.508771929824
Oceania,2020-01-28,0.16666666666666666,0.0
Oceania,2021-03-16,2502.5416666666665,51.583333333333336
Oceania,2021-10-07,10953.958333333334,137.33333333333334
Oceania,2021-11-26,15496.958333333334,189.91666666666666
Oceania,2022-02-04,105826.41666666667,298.2916666666667
Oceania,2022-03-01,141745.5,374.5416666666667
Oceania,2022-05-05,295266.875,487.4166666666667
Oceania,2022-11-09,515580.2916666667,900.7916666666666
Oceania,2023-05-13,585181.5416666666,1151.8333333333333
Oceania,2023-10-18,604354.2916666666,1253.9166666666667
Oceania,2024-03-23,617110.4166666666,1343.25
North America,2020-04-04,3312.5365853658536,54.51219512195122
North America,2020-09-19,191999.51219512196,7533.170731707317
North America,2021-02-07,752889.1463414634,17397.853658536584
North America,2021-10-01,1260151.731707317,25944.90243902439
North America,2022-12-22,2888974.8292682925,37626.170731707316
North America,2023-03-28,3009601.7317073173,38777.170731707316
North America,2023-05-09,3028806.3658536584,39012.0
North America,2023-07-21,3032442.2926829266,39207.85365853659
North America,2024-06-03,3036126.926829268,40653.19512195122
South America,2020-06-20,98139.42857142857,5782.785714285715
South America,2021-08-09,2569713.8571428573,78996.0
South America,2021-09-17,2663283.5714285714,81583.71428571429
South America,2022-02-08,3583052.1428571427,87666.21428571429
South America,2022-04-25,4047862.3571428573,92364.42857142857
South America,2022-08-31,4536108.857142857,94598.0
South America,2022-12-05,4660777.928571428,95446.21428571429
South America,2023-07-10,4897496.5,96590.71428571429
Asia,2020-02-19,1464.936170212766,37.638297872340424
Asia,2022-03-20,2758874.7291666665,28892.6875
Asia,2023-01-14,5968677.458333333,32370.145833333332
Asia,2023-04-24,6170760.791666667,33906.458333333336
Asia,2023-12-04,6400968.085106383,34799.53191489362
Asia,2024-01-18,6409891.808510638,34813.78723404255
Asia,2024-02-15,6411572.255319149,34818.936170212764
Europe,2020-03-27,3492.156862745098,203.33333333333334
Europe,2021-07-23,959605.9807692308,22218.673076923078
Europe,2021-12-22,1559329.9807692308,29464.28846153846
Europe,2022-05-03,3765606.6666666665,36348.92156862745
Europe,2022-10-05,4467488.137254902,38255.25490196078
Europe,2023-06-19,4880810.019607843,40647.78431372549
Europe,2024-02-17,4945486.568627451,41155.07843137255
Europe,2024-03-20,4948946.725490196,41172.78431372549
Africa,2020-06-04,2536.4561403508774,77.49122807017544
Africa,2020-12-09,39748.82456140351,948.8070175438596
Africa,2022-04-27,211354.35087719298,4450.596491228071
Africa,2022-08-30,224976.70175438595,4518.491228070176
Africa,2022-09-14,225462.84210526315,4520.9473684210525
Africa,2022-10-09,225997.56140350876,4524.210526315789
Africa,2023-06-23,229803.61403508772,4543.456140350877
Africa,2023-08-11,229932.31578947368,4543.9473684210525
Africa,2024-05-17,230577.1052631579,4545.666666666667
Africa,2024-07-21,230617.71929824562,4545.912280701755
Oceania,2020-07-06,415.3333333333333,5.75
Oceania,2020-07-14,466.8333333333333,5.916666666666667
Oceania,2020-12-13,2219.8333333333335,48.5
Oceania,2021-05-19,3087.4166666666665,56.708333333333336
Oceania,2023-07-21,599567.6666666666,1219.75
Oceania,2023-12-01,607573.75,1279.5
North America,2021-06-17,953986.8780487805,21929.09756097561
North America,2022-03-21,2301674.7317073173,34388.243902439026
North America,2022-08-12,2676593.6341463416,36102.829268292684
North America,2022-09-20,2773414.2682926827,36664.243902439026
North America,2023-02-25,2981773.2926829266,38487.34146341463
North America,2023-09-21,3032883.7073170734,39421.87804878049
North America,2024-08-01,3036395.4146341463,40745.34146341463
South America,2020-04-16,3313.785714285714,173.42857142857142
South America,2020-11-23,762923.2142857143,26817.35714285714
South America,2022-02-14,3702612.1428571427,88497.35714285714
Asia,2020-03-30,3307.6382978723404,137.80851063829786
Asia,2020-06-03,23526.23404255319,643.2765957446809
Asia,2020-10-18,274880.6595744681,4720.510638297872
Asia,2020-10-29,289540.5106382979,4944.510638297872
Asia,2020-12-20,416868.57446808513,6822.978723404255
Asia,2022-12-15,4083604.3958333335,31367.0
Asia,2023-02-16,6119179.291666667,33702.645833333336
Asia,2024-04-01,6412642.510638298,34826.44680851064
Europe,2020-02-13,1.6470588235294117,0.21568627450980393
Europe,2020-09-27,93592.37254901961,4480.921568627451
Europe,2021-04-30,838180.1923076923,20008.75
Europe,2021-05-12,868387.5384615385,20698.78846153846
Europe,2021-05-17,879173.5769230769,20955.48076923077
Europe,2022-01-22,2030916.0961538462,31069.865384615383
Europe,2022-04-05,3552965.3921568627,35679.01960784314
Europe,2023-09-08,4887211.098039215,40734.76470588235
Europe,2024-01-17,4941130.196078432,41112.86274509804
Europe,2024-02-06,4944551.549019608,41148.03921568627
Africa,2020-05-01,549.5087719298245,30.964912280701753
Africa,2021-08-15,128715.45614035087,3232.7894736842104
Africa,2022-03-01,205105.52631578947,4373.0526315789475
Africa,2022-08-26,224683.50877192983,4516.964912280701
Africa,2023-03-26,229324.94736842104,4540.7192982456145
Africa,2023-10-01,230059.9649122807,4544.298245614035
Africa,2024-06-18,230594.19298245615,4545.684210526316
Oceania,2020-04-06,278.2916666666667,1.75
Oceania,2020-05-16,347.5,5.375
Oceania,2021-03-22,2570.8333333333335,51.625
Oceania,2021-04-22,2864.5,51.833333333333336
Oceania,2022-01-31,105826.41666666667,298.2916666666667
Oceania,2022-09-23,500131.4583333333,867.8333333333334
Oceania,2023-12-21,609570.375,1299.9166666666667
Oceania,2024-07-15,624877.25,1368.75
North America,2020-01-11,0.0,0.0
North America,2020-04-15,13673.414634146342,588.6585365853658
North America,2020-05-18,40226.60975609756,2638.121951219512
North America,2020-10-23,240579.07317073172,8538.853658536585
North America,2021-03-15,823650.1951219512,19726.829268292684
North America,2021-05-27,939152.6829268293,21584.219512195123
North America,2022-09-04,2749606.975609756,36503.365853658535
North America,2023-02-21,2981773.2926829266,38487.34146341463
North America,2024-04-02,3035783.7073170734,40551.68292682927
North America,2024-04-12,3035816.2195121953,40567.80487804878
South America,2020-02-07,0.0,0.0
South America,2020-05-25,42037.78571428572,3026.714285714286
South America,2020-06-24,122601.21428571429,6788.857142857143
South America,2021-08-26,2616121.5714285714,80285.28571428571
South America,2022-02-13,3702612.1428571427,88497.35714285714
South America,2022-02-17,3702612.1428571427,88497.35714285714
South America,2022-08-11,4473748.571428572,94144.92857142857
South America,2022-09-26,4570573.571428572,94927.71428571429
South America,2023-03-10,4855322.071428572,96494.85714285714
South America,2024-01-24,4905041.857142857,96664.21428571429
South America,2024-01-30,4906318.928571428,96672.42857142857
Asia,2021-02-15,497222.7708333333,8016.416666666667
Asia,2021-04-12,642114.0833333334,9318.4375
Asia,2021-04-29,759694.0833333334,10250.604166666666
Asia,2022-10-08,3830812.7916666665,30892.958333333332
Asia,2022-12-28,5225753.0625,31643.020833333332
Asia,2024-02-08,6411342.191489362,34818.425531914894
Asia,2024-05-16,6413268.638297873,34830.17021276596
Europe,2020-06-29,43157.509803921566,3793.921568627451
Europe,2021-01-05,473551.0588235294,11785.666666666666
Europe,2021-03-27,718036.0961538461,17700.69230769231
Europe,2021-11-15,1314159.1538461538,26810.923076923078
Europe,2023-04-30,4868231.901960785,40474.509803921566
Europe,2023-06-12,4879942.039215687,40632.96078431373
Europe,2023-10-31,4903557.0,40859.17647058824
Europe,2023-12-01,4915116.529411765,40934.8431372549
Europe,2024-03-16,4948342.470588235,41169.56862745098
Europe,2024-03-28,4949541.196078432,41175.82352941176
Europe,2024-04-07,4950557.019607843,41180.41176470588
Europe,2024-05-05,4952139.05882353,41187.705882352944
Africa,2020-11-05,31536.280701754386,780.9298245614035
Africa,2022-01-09,180091.75438596492,4067.7368421052633
Africa,2022-04-28,211354.35087719298,4450.596491228071
Africa,2022-05-23,215505.19298245615,4468.105263157895
Africa,2022-07-06,219932.35087719298,4492.877192982456
Africa,2023-07-25,229922.61403508772,4543.894736842105
Africa,2023-10-29,230101.9649122807,4544.508771929824
Oceania,2020-05-05,340.7916666666667,5.25
Oceania,2020-05-28,356.125,5.625
Oceania,2021-02-08,2400.125,50.958333333333336
Oceania,2022-01-04,34992.166666666664,209.66666666666666
Oceania,2022-05-15,327527.8333333333,524.7083333333334
Oceania,2023-04-01,575352.8333333334,1111.5
Oceania,2023-06-22,596512.5,1213.7916666666667
Oceania,2023-06-29,597532.8333333334,1216.25
Oceania,2024-01-13,611662.3333333334,1309.4166666666667
North America,2021-04-03,847466.6341463415,20192.29268292683
North America,2021-08-17,1074407.1219512196,23278.756097560974
North America,2021-08-29,1139556.5853658537,24089.463414634145
North America,2021-10-27,1334089.0,27450.414634146342
North America,2022-02-04,2136438.7560975607,31771.439024390245
North America,2023-10-05,3033102.6585365855,39495.80487804878
North America,2024-02-26,3035579.3414634145,40424.12195121951
North America,2024-04-23,3035880.5853658537,40595.170731707316
South America,2020-08-29,406361.0,16879.285714285714
South America,2021-08-22,2616121.5714285714,80285.28571428571
South America,2022-01-04,2856312.1428571427,85224.92857142857
South America,2022-08-21,4519190.5,94469.35714285714
South America,2023-06-05,4897085.0,96587.42857142857
South America,2023-08-17,4897815.142857143,96592.92857142857
South America,2023-12-09,4900672.285714285,96628.28571428571
South America,2024-01-25,4905041.857142857,96664.21428571429
Asia,2020-08-04,92738.44680851063,2056.404255319149
Asia,2020-08-09,106183.70212765958,2267.063829787234
Asia,2021-06-30,1149361.1666666667,16341.020833333334
Asia,2021-07-08,1170516.75,16686.3125
Asia,2021-07-16,1195145.6666666667,17100.1875
Asia,2022-07-18,3308604.1666666665,30119.583333333332
Asia,2023-05-19,6188234.875,33949.333333333336
Asia,2023-12-08,6400968.085106383,34799.53191489362
Asia,2024-04-02,6412642.510638298,34826.44680851064
Asia,2024-07-14,6414534.659574468,34834.234042553195
Europe,2020-07-28,50939.509803921566,3981.2549019607845
Europe,2021-04-28,838180.1923076923,20008.75
Europe,2021-12-13,1506552.826923077,28979.96153846154
Europe,2022-01-13,1876969.2115384615,30673.923076923078
Europe,2022-03-16,3254113.7843137253,34941.21568627451
Europe,2022-12-29,4746228.960784313,39379.80392156863
Europe,2024-02-09,4944551.549019608,41148.03921568627
Europe,2024-07-12,4956042.117647059,41210.07843137255
Africa,2020-07-03,6648.228070175439,209.71929824561403
Africa,2021-04-21,78365.14035087719,2071.8947368421054
Africa,2021-12-16,158826.19298245615,3953.6666666666665
Africa,2023-11-18,230125.0701754386,4544.631578947368
Africa,2024-01-20,230480.8245614035,4545.298245614035
Africa,2024-02-27,230537.66666666666,4545.473684210527
Oceania,2020-05-25,356.125,5.625
Oceania,2020-07-20,546.375,6.583333333333333
Oceania,2021-06-12,3229.0833333333335,58.833333333333336
Oceania,2021-08-10,5281.708333333333,74.54166666666667
Oceania,2022-04-07,233212.45833333334,424.5833333333333
Oceania,2022-05-04,295266.875,487.4166666666667
Oceania,2022-07-09,396534.0,650.7916666666666
Oceania,2022-11-27,527276.8333333334,923.6666666666666
Oceania,2023-07-17,599567.6666666666,1219.75
Oceania,2024-07-21,624974.2916666666,1370.0
Oceania,2024-07-27,624974.2916666666,1370.0
North America,2020-02-08,0.3170731707317073,0.0
North America,2020-04-23,18938.365853658535,1017.9268292682926
North America,2020-09-23,200542.36585365853,7748.487804878048
North America,2021-01-10,618445.5365853659,14172.731707317073
North America,2021-08-23,1106336.1219512196,23655.048780487807
North America,2021-09-13,1203889.9268292682,25012.243902439026
North America,2022-06-12,2469159.2195121953,35408.829268292684
North America,2023-06-09,3032199.3902439023,39121.12195121951
North America,2023-07-07,3032384.3170731706,39182.170731707316
North America,2023-11-26,3034111.5853658537,39781.58536585366
North America,2024-06-19,3036178.43902439,40670.51219512195
South America,2020-05-08,13892.42857142857,1005.8571428571429
South America,2020-09-09,477877.0714285714,19022.571428571428
South America,2021-02-11,1170147.7142857143,35467.642857142855
South America,2021-09-30,2695911.8571428573,82330.35714285714
South America,2021-10-26,2737633.0714285714,83409.85714285714
South America,2021-12-01,2785874.785714286,84371.42857142857
South America,2022-06-19,4199945.214285715,93004.85714285714
South America,2023-01-23,4820602.642857143,96134.0
South America,2023-10-26,4898869.571428572,96606.5
Asia,2020-10-14,259195.40425531915,4484.31914893617
Asia,2020-11-25,348651.89361702127,5871.553191489362
Asia,2020-12-16,401865.5106382979,6606.744680851064
Asia,2021-04-21,693491.8125,9691.458333333334
Asia,2022-01-02,1768821.9375,26225.458333333332
Asia,2023-06-23,6204598.333333333,33986.083333333336
Asia,2023-07-28,6221301.041666667,34001.1875
Asia,2023-09-15,6262659.625,34032.479166666664
Asia,2024-02-05,6411342.191489362,34818.425531914894
Asia,2024-05-27,6413497.70212766,34831.44680851064
Europe,2020-10-28,164223.25490196078,5134.686274509804
Europe,2021-02-21,632798.8653846154,16097.846153846154
Europe,2021-08-11,1009570.75,22662.71153846154
Europe,2022-03-09,3155881.294117647,34642.94117647059
Europe,2023-03-02,4816519.196078432,40020.25490196078
Europe,2023-05-07,4871116.549019608,40511.41176470588
Europe,2024-06-03,4953611.274509804,41194.13725490196
Europe,2024-07-15,4956705.666666667,41213.8431372549
Africa,2020-02-16,0.017543859649122806,0.0
Africa,2020-11-30,38007.70175438596,912.6491228070175
Africa,2020-12-16,41747.56140350877,991.140350877193
Africa,2021-06-17,89197.36842105263,2364.754385964912
Africa,2021-06-30,95547.38596491228,2479.7368421052633
Africa,2021-08-11,124267.8947368421,3124.964912280702
Africa,2022-12-26,227972.36842105264,4534.859649122807
Africa,2023-06-06,229744.08771929826,4543.122807017544
Oceania,2020-04-22,330.3333333333333,3.7916666666666665
Oceania,2020-12-31,2280.9166666666665,49.458333333333336
Oceania,2024-07-19,624877.25,1368.75
North America,2020-06-23,65476.65853658537,4049.2926829268295
North America,2021-01-29,698449.6585365854,15842.292682926829
North America,2021-02-06,728716.0243902439,16662.951219512193
North America,2021-02-19,772024.1219512195,18081.414634146342
North America,2021-05-05,913684.3170731707,21123.658536585364
North America,2021-06-04,945000.4390243902,21715.70731707317
North America,2022-01-28,2028444.219512195,31187.048780487807
North America,2022-02-14,2237302.6097560977,32915.07317073171
North America,2024-02-04,3035371.5853658537,40313.87804878049
South America,2020-06-12,77691.0,4795.0
South America,2020-08-15,333718.21428571426,14571.785714285714
South America,2021-02-07,1170147.7142857143,35467.642857142855
South America,2021-02-22,1241859.5714285714,37737.71428571428
South America,2021-07-19,2468703.4285714286,75615.85714285714
South America,2021-08-04,2541042.5,78214.92857142857
South America,2022-03-10,3902521.714285714,90225.64285714286
South America,2022-04-17,4037633.5,92276.78571428571
South America,2022-10-03,4576625.071428572,94973.14285714286
South America,2024-02-03,4906318.928571428,96672.42857142857
South America,2024-02-18,4909509.285714285,96691.21428571429
South America,2024-04-11,4913918.071428572,96715.35714285714
South America,2024-04-29,4914111.928571428,96721.85714285714
Asia,2022-10-26,3884290.2291666665,31002.979166666668
Asia,2023-03-12,6142655.333333333,33814.041666666664
Asia,2024-04-11,6412731.042553191,34827.1914893617
Asia,2024-07-27,6414666.723404256,34834.46808510638
Europe,2020-01-05,0.0196078431372549,0.058823529411764705
Europe,2020-06-13,36985.0,3600.607843137255
Europe,2021-01-18,539167.9607843137,13270.70588235294
Europe,2022-05-18,3825245.725490196,36562.17647058824
Europe,2023-05-31,4877183.37254902,40592.294117647056
Africa,2021-03-27,72677.26315789473,1932.5087719298247
Africa,2022-01-26,189816.12280701756,4154.070175438596
Africa,2024-02-10,230518.56140350876,4545.368421052632
Oceania,2020-04-08,278.2916666666667,1.75
Oceania,2020-05-13,347.5,5.375
Oceania,2021-08-01,4804.208333333333,71.125
Oceania,2022-06-21,384363.875,614.9583333333334
Oceania,2023-04-11,578459.2083333334,1121.9583333333333
Oceania,2024-04-24,621542.7916666666,1354.4583333333333
Oceania,2024-06-14,623686.6666666666,1362.375
North America,2020-01-05,0.0,0.0
North America,2020-05-17,40226.60975609756,2638.121951219512
North America,2020-09-15,191999.51219512196,7533.170731707317
North America,2021-04-25,902414.3902439025,20953.243902439026
North America,2021-10-09,1282670.243902439,26380.024390243903
North America,2021-12-21,1477734.6585365853,29397.585365853658
North America,2022-05-18,2386009.3658536584,35130.439024390245
North America,2022-08-18,2697305.7073170734,36211.9756097561
North America,2024-04-08,3035816.2195121953,40567.80487804878
South America,2020-10-09,591044.1428571428,22751.35714285714
South America,2021-05-19,1909891.5,60446.0
South America,2021-09-07,2650600.1428571427,81250.35714285714
South America,2022-05-06,4057282.5,92459.71428571429
South America,2023-04-05,4875602.0,96363.14285714286
South America,2023-05-15,4896890.071428572,96583.28571428571
South America,2023-05-17,4896890.071428572,96583.28571428571
South America,2023-06-10,4897085.0,96587.42857142857
South America,2023-11-13,4899732.642857143,96616.57142857143
South America,2024-01-15,4903907.714285715,96656.21428571429
South America,2024-03-29,4913515.071428572,96710.78571428571
South America,2024-05-08,4914152.285714285,96723.28571428571
South America,2024-07-16,4914668.785714285,96727.21428571429
Asia,2021-08-10,1330391.7291666667,19425.0625
Asia,2021-08-13,1330391.7291666667,19425.0625
Asia,2022-06-24,3213240.1666666665,29979.9375
Asia,2023-05-29,6196609.4375,33966.854166666664
Asia,2024-03-11,6412284.234042553,34823.55319148936
Asia,2024-07-01,6414235.744680851,34833.617021276594
Europe,2020-01-10,0.0196078431372549,0.058823529411764705
Europe,2020-02-17,2.0588235294117645,0.23529411764705882
Europe,2020-03-07,33.27450980392157,0.8627450980392157
Europe,2020-03-08,213.62745098039215,5.862745098039215
Europe,2021-12-24,1559329.9807692308,29464.28846153846
Europe,2022-02-10,2629029.9615384615,32329.615384615383
Europe,2022-12-11,4706127.549019608,39161.098039215685
Europe,2023-05-03,4868231.901960785,40474.509803921566
Africa,2020-03-26,23.45614035087719,0.47368421052631576
Africa,2020-11-04,31536.280701754386,780.9298245614035
Africa,2021-08-18,128715.45614035087,3232.7894736842104
Africa,2021-09-03,137319.43859649124,3431.1929824561403
Africa,2021-10-08,147807.22807017545,3726.4561403508774
Africa,2021-12-02,153921.33333333334,3918.1754385964914
Africa,2022-03-15,207516.0350877193,4417.0
Africa,2022-08-04,223494.0350877193,4509.7192982456145
Africa,2022-11-30,227253.1052631579,4530.7192982456145
Africa,2023-08-05,229926.71929824562,4543.929824561404
Africa,2023-10-19,230082.1403508772,4544.473684210527
Africa,2024-07-04,230607.9649122807,4545.701754385965
Oceania,2020-07-26,653.0833333333334,8.458333333333334
Oceania,2023-01-12,558620.0833333334,1023.2083333333334
Oceania,2023-03-21,573957.0,1104.4583333333333
Oceania,2024-08-03,625064.2916666666,1370.9166666666667
North America,2020-02-07,0.3170731707317073,0.0
North America,2020-05-13,35285.85365853659,2280.048780487805
North America,2020-10-10,218906.19512195123,8147.463414634146
North America,2022-03-18,2294238.6341463416,34286.31707317073
North America,2022-09-01,2733247.5853658537,36409.80487804878
North America,2024-05-25,3036044.2195121953,40635.41463414634
South America,2020-03-02,0.14285714285714285,0.0
South America,2021-05-11,1848031.2142857143,58501.71428571428
South America,2021-11-13,2756280.1428571427,83800.71428571429
South America,2022-04-10,4025987.714285714,92179.92857142857
South America,2023-03-15,4857847.285714285,96509.57142857143
South America,2023-04-22,4884253.357142857,96434.57142857143
South America,2024-02-01,4906318.928571428,96672.42857142857
Asia,2020-08-13,106183.70212765958,2267.063829787234
Asia,2021-12-03,1708480.0625,25279.083333333332
Asia,2022-05-19,3116051.75,29798.916666666668
Asia,2023-02-11,6109108.145833333,33641.229166666664
Asia,2023-08-11,6241091.333333333,34012.979166666664
Asia,2024-03-03,6412145.234042553,34822.72340425532
Asia,2024-06-11,6413746.829787234,34832.40425531915
Europe,2020-03-05,33.27450980392157,0.8627450980392157
Europe,2020-05-31,34867.333333333336,3510.3137254901962
Europe,2020-06-07,36985.0,3600.607843137255
Europe,2020-07-20,48744.294117647056,3939.1960784313724
Europe,2021-05-24,888344.2692307692,21161.30769230769
Europe,2021-05-30,895366.5576923077,21333.153846153848
Europe,2021-06-27,918809.8846153846,21832.76923076923
Europe,2021-08-23,1043249.5576923077,23017.55769230769
Europe,2021-09-09,1077314.4807692308,23420.30769230769
Europe,2022-09-29,4433523.0784313725,38174.94117647059
Europe,2022-10-19,4542166.607843137,38469.58823529412
Europe,2023-02-12,4800621.31372549,39917.03921568627
Europe,2023-11-19,4911401.862745098,40915.0
Europe,2024-07-30,4958388.647058823,41221.98039215686
Africa,2020-08-12,18281.859649122805,449.89473684210526
Africa,2020-09-26,24706.543859649122,638.1754385964912
Africa,2020-11-19,34689.80701754386,843.438596491228
Africa,2021-04-06,75464.80701754386,1999.578947368421
Africa,2021-05-31,85537.19298245614,2290.0175438596493
Africa,2021-09-22,144980.75438596492,3635.0526315789475
Africa,2021-10-25,150246.49122807017,3813.1754385964914
Africa,2021-12-14,158826.19298245615,3953.6666666666665
Africa,2022-01-05,174547.64912280702,4023.315789473684
Africa,2023-09-03,229991.43859649124,4544.1578947368425
Oceania,2020-03-18,10.833333333333334,0.2916666666666667
Oceania,2020-04-14,315.375,3.0
Oceania,2021-04-24,2864.5,51.833333333333336
Oceania,2021-05-26,3137.6666666666665,57.333333333333336
Oceania,2022-05-03,295266.875,487.4166666666667
Oceania,2022-08-20,477834.3333333333,810.125
Oceania,2022-10-14,506719.7916666667,883.9583333333334
Oceania,2022-11-06,515580.2916666667,900.7916666666666
Oceania,2022-11-07,515580.2916666667,900.7916666666666
Oceania,2023-03-20,573957.0,1104.4583333333333
Oceania,2023-07-23,599996.5833333334,1217.125
North America,2020-06-21,65476.65853658537,4049.2926829268295
North America,2020-08-25,166175.07317073172,6805.804878048781
North America,2020-12-17,456379.60975609755,11488.414634146342
North America,2021-01-15,618445.5365853659,14172.731707317073
North America,2021-11-15,1378090.8292682928,28194.51219512195
North America,2021-12-14,1453720.8780487804,29143.463414634145
North America,2022-02-05,2136438.7560975607,31771.439024390245
North America,2023-04-20,3020793.6585365855,38912.0
North America,2023-11-11,3033689.048780488,39670.09756097561
South America,2020-07-07,174546.14285714287,8815.92857142857
South America,2020-11-14,713231.7857142857,25793.85714285714
South America,2021-01-13,991754.4285714285,31165.785714285714
South America,2022-02-19,3702612.1428571427,88497.35714285714
South America,2023-04-17,4884253.357142857,96434.57142857143
South America,2023-12-22,4901125.714285715,96634.85714285714
South America,2023-12-30,4901428.0,96637.14285714286
Asia,2024-08-06,2.5175579E7,285487.0
Asia,2020-01-15,0.9574468085106383,0.02127659574468085
Asia,2020-05-31,23526.23404255319,643.2765957446809
Asia,2020-06-01,23526.23404255319,643.2765957446809
Asia,2020-11-12,318149.89361702127,5388.063829787234
Asia,2020-12-01,366363.40425531915,6129.893617021276
Asia,2021-07-03,1149361.1666666667,16341.020833333334
Asia,2022-04-01,2852412.5833333335,29173.791666666668
Asia,2022-05-08,3093057.5,29764.6875
Asia,2022-08-17,3562814.125,30390.458333333332
Asia,2022-11-23,3975835.3958333335,31194.9375
Asia,2023-04-11,6159385.854166667,33875.291666666664
Asia,2023-12-14,6402081.574468086,34801.12765957447
Europe,2020-01-11,0.0196078431372549,0.058823529411764705
Europe,2020-01-25,0.0784313725490196,0.058823529411764705
Europe,2020-06-06,34867.333333333336,3510.3137254901962
Europe,2021-11-27,1358804.9807692308,27365.53846153846
Europe,2022-01-26,2222437.980769231,31471.23076923077
Europe,2022-08-26,4315006.156862745,37817.94117647059
Europe,2024-05-17,4952472.039215687,41189.56862745098
Europe,2024-06-28,4954966.333333333,41203.07843137255
Africa,2021-04-14,76889.36842105263,2033.2105263157894
Africa,2021-06-01,85537.19298245614,2290.0175438596493
Africa,2021-08-07,119052.77192982456,3000.3508771929824
Africa,2021-10-01,146594.73684210525,3684.1403508771928
Africa,2022-05-06,212274.68421052632,4453.245614035088
Africa,2022-09-07,225244.75438596492,4519.666666666667
Africa,2023-07-01,229843.19298245615,4543.6140350877195
Africa,2023-07-06,229870.91228070174,4543.666666666667
Africa,2023-11-16,230125.0701754386,4544.631578947368
Africa,2024-01-03,230411.08771929826,4545.017543859649
Africa,2024-02-06,230518.56140350876,4545.368421052632
Oceania,2020-03-31,183.16666666666666,0.75
Oceania,2020-05-10,347.5,5.375
Oceania,2022-04-26,281477.9583333333,471.75
Oceania,2022-05-27,342699.2083333333,541.625
Oceania,2022-12-25,549876.2083333334,975.7083333333334
Oceania,2023-03-05,571315.875,1095.875
Oceania,2023-05-19,586981.5,1159.0833333333333
Oceania,2023-08-07,600718.0,1225.5416666666667
Oceania,2023-09-10,602547.0833333334,1238.9166666666667
Oceania,2023-09-13,602547.0833333334,1238.9166666666667
Oceania,2023-10-22,604712.75,1257.75
North America,2020-06-14,59666.65853658537,3802.6585365853657
North America,2020-09-04,175217.58536585365,7071.463414634146
North America,2020-09-30,209796.60975609755,7951.4390243902435
North America,2020-10-13,229026.75609756098,8338.80487804878
North America,2021-11-07,1362859.4146341463,27964.536585365855
North America,2022-11-13,2837874.3170731706,37270.829268292684
North America,2023-03-07,2995870.975609756,38615.0243902439
North America,2023-03-22,3005037.536585366,38718.85365853659
North America,2023-03-27,3009601.7317073173,38777.170731707316
North America,2023-11-22,3033960.3414634145,39744.19512195122
North America,2023-12-26,3034654.975609756,39969.21951219512
South America,2020-10-15,617972.3571428572,23502.571428571428
South America,2022-05-16,4082372.285714286,92600.35714285714
South America,2022-06-09,4141454.785714286,92819.28571428571
South America,2022-11-05,4598321.571428572,95190.0
South America,2022-11-27,4639187.928571428,95377.14285714286
South America,2022-12-24,4721601.071428572,95633.92857142857
South America,2023-11-20,4900044.642857143,96620.64285714286
Asia,2021-11-07,1668211.5,24650.083333333332
Asia,2022-03-08,2524523.0,28384.166666666668
Asia,2023-06-07,6199834.25,33973.6875
Asia,2023-10-08,6264206.145833333,34039.166666666664
Asia,2023-10-11,6264206.145833333,34039.166666666664
Asia,2023-11-18,6266568.541666667,34074.666666666664
Asia,2023-12-24,6406071.361702127,34804.744680851065
Europe,2020-03-04,33.27450980392157,0.8627450980392157
Europe,2020-05-15,27565.29411764706,3093.529411764706
Europe,2020-05-19,30259.901960784315,3264.3529411764707
Europe,2020-07-07,44960.39215686275,3845.901960784314
Europe,2020-12-01,332062.29411764705,8184.509803921569
Europe,2021-02-12,598985.8076923077,15122.096153846154
Europe,2021-05-21,879173.5769230769,20955.48076923077
Europe,2021-11-07,1275739.4038461538,26285.78846153846
Europe,2022-04-10,3622907.8235294116,35880.92156862745
Europe,2022-08-28,4337686.333333333,37901.01960784314
Europe,2022-09-01,4337686.333333333,37901.01960784314
Europe,2023-07-04,4881990.549019608,40668.705882352944
Europe,2023-07-24,4882966.352941177,40686.470588235294
Africa,2020-06-29,6648.228070175439,209.71929824561403
Africa,2020-07-25,12477.245614035088,311.29824561403507
Africa,2020-10-09,26599.21052631579,689.3859649122807
Africa,2021-01-12,53427.0350877193,1270.9473684210527
Africa,2021-08-29,137319.43859649124,3431.1929824561403
Africa,2021-12-10,155644.54385964913,3936.9298245614036
Africa,2022-07-04,219932.35087719298,4492.877192982456
Africa,2022-08-05,223494.0350877193,4509.7192982456145
Africa,2023-02-07,228798.57894736843,4538.263157894737
Africa,2023-03-02,228998.8596491228,4539.298245614035
Africa,2024-01-01,230411.08771929826,4545.017543859649
Africa,2024-03-13,230542.08771929826,4545.508771929824
Africa,2024-03-25,230551.31578947368,4545.543859649123
Africa,2024-05-09,230573.54385964913,4545.666666666667
Oceania,2020-02-17,0.625,0.0
Oceania,2020-03-22,49.458333333333336,0.375
Oceania,2020-09-14,1316.25,37.0
Oceania,2021-05-29,3137.6666666666665,57.333333333333336
Oceania,2021-08-12,5281.708333333333,74.54166666666667
Oceania,2021-12-14,17206.333333333332,199.16666666666666
Oceania,2022-02-24,131559.66666666666,362.3333333333333
Oceania,2022-06-27,394865.7916666667,632.2916666666666
Oceania,2023-04-02,576844.0,1116.8333333333333
Oceania,2023-09-18,602874.2083333334,1241.125
Oceania,2023-12-03,608208.5416666666,1286.9583333333333
Oceania,2024-03-04,616362.0833333334,1339.9583333333333
Oceania,2024-05-06,622123.9166666666,1357.3333333333333
North America,2020-07-07,83458.12195121951,4574.951219512195
North America,2020-08-03,134837.29268292684,5878.804878048781
North America,2020-12-10,416510.7073170732,10908.243902439024
North America,2021-02-03,728716.0243902439,16662.951219512193
North America,2022-08-17,2697305.7073170734,36211.9756097561
North America,2022-12-27,2903555.7073170734,37716.0
North America,2023-04-17,3020793.6585365855,38912.0
North America,2023-05-03,3026404.048780488,38978.439024390245
North America,2023-11-30,3034111.5853658537,39781.58536585366
North America,2024-01-07,3034961.1951219514,40090.41463414634
North America,2024-04-18,3035849.0975609757,40582.34146341463
South America,2020-11-06,692497.7142857143,25302.35714285714
South America,2022-02-10,3583052.1428571427,87666.21428571429
South America,2022-03-16,3940112.214285714,90589.0
South America,2022-07-30,4403292.857142857,93769.85714285714
South America,2022-10-16,4586457.785714285,95095.21428571429
South America,2024-02-29,4910487.857142857,96695.64285714286
South America,2024-03-13,4912241.642857143,96703.78571428571
South America,2024-06-08,4914302.642857143,96725.14285714286
Asia,2020-02-22,1464.936170212766,37.638297872340424
Asia,2022-04-20,3025937.75,29545.354166666668
Asia,2023-03-27,6150930.854166667,33848.6875
Asia,2024-03-02,6411953.55319149,34821.0
Europe,2021-01-25,566577.1176470588,14061.725490196079
Europe,2021-02-10,598985.8076923077,15122.096153846154
Europe,2021-04-21,818223.5576923077,19571.134615384617
Europe,2022-05-07,3765606.6666666665,36348.92156862745
Europe,2022-05-17,3825245.725490196,36562.17647058824
Europe,2023-01-09,4769752.803921568,39598.549019607846
Europe,2024-06-30,4955485.0784313725,41206.705882352944
Africa,2020-09-14,23767.122807017542,615.1052631578947
Africa,2021-02-13,64655.54385964912,1665.1929824561403
Africa,2021-05-02,81010.15789473684,2148.9473684210525
Africa,2022-04-16,210125.59649122806,4442.210526315789
Africa,2023-02-04,228692.26315789475,4537.7192982456145
Africa,2023-05-01,229509.1403508772,4542.087719298245
Oceania,2020-08-30,1221.3333333333333,31.875
Oceania,2021-07-27,4391.541666666667,68.375
Oceania,2021-07-31,4391.541666666667,68.375
Oceania,2023-01-06,554969.2916666666,1023.0833333333334
Oceania,2023-02-15,568084.3333333334,1083.625
North America,2020-02-09,0.6585365853658537,0.0
North America,2020-06-13,54673.58536585366,3536.0
North America,2021-01-23,662679.8292682926,15002.0
North America,2021-01-28,698449.6585365854,15842.292682926829
North America,2021-03-02,799655.9268292683,19048.170731707316
North America,2021-06-06,949510.1707317074,21823.024390243903
North America,2023-03-04,2989315.7073170734,38553.12195121951
South America,2020-04-08,1605.5714285714287,67.64285714285714
South America,2021-03-19,1372020.0,41533.21428571428
South America,2022-10-28,4591891.857142857,95135.14285714286
South America,2023-02-24,4846196.428571428,96377.64285714286
South America,2023-09-22,4898125.0,96595.42857142857
South America,2024-06-03,4914302.642857143,96725.14285714286
South America,2024-06-25,4914464.5,96726.78571428571
Asia,2020-01-21,2.8297872340425534,0.06382978723404255
Asia,2021-07-12,1195145.6666666667,17100.1875
Asia,2021-12-20,1744034.6458333333,25890.625
Asia,2022-10-06,3830812.7916666665,30892.958333333332
Asia,2023-07-15,6213193.041666667,33996.6875
Asia,2023-08-16,6242988.1875,34014.916666666664
Europe,2020-01-29,0.17647058823529413,0.11764705882352941
Europe,2020-02-04,0.5882352941176471,0.19607843137254902
Europe,2020-04-18,15008.941176470587,1659.4901960784314
Europe,2020-07-10,44960.39215686275,3845.901960784314
Europe,2020-09-21,85803.19607843137,4396.0
Europe,2021-03-03,651477.5576923077,16499.46153846154
Europe,2021-07-18,959605.9807692308,22218.673076923078
Europe,2021-07-31,977400.5961538461,22357.076923076922
Europe,2023-04-25,4864668.156862745,40433.96078431373
Africa,2020-06-28,6648.228070175439,209.71929824561403
Africa,2020-10-12,27712.40350877193,714.9298245614035
Africa,2021-11-20,152266.8596491228,3878.877192982456
Africa,2022-04-06,209563.70175438595,4437.175438596491
Africa,2022-09-30,225766.38596491228,4522.894736842105
Africa,2022-10-21,226179.12280701756,4525.315789473684
Africa,2023-03-28,229324.94736842104,4540.7192982456145
Oceania,2020-02-24,0.9166666666666666,0.0
Oceania,2020-05-29,356.125,5.625
Oceania,2022-09-16,497808.4166666667,859.7916666666666
Oceania,2023-11-07,605591.6666666666,1264.0833333333333
Oceania,2024-06-08,623476.8333333334,1361.1666666666667
North America,2020-10-24,240579.07317073172,8538.853658536585
North America,2021-11-12,1362859.4146341463,27964.536585365855
North America,2021-12-06,1431864.536585366,28899.829268292684
North America,2022-02-18,2237302.6097560977,32915.07317073171
North America,2022-06-17,2469159.2195121953,35408.829268292684
North America,2023-02-18,2974521.048780488,38406.41463414634
North America,2023-05-25,3031847.56097561,39084.0
North America,2023-09-05,3032733.048780488,39352.29268292683
North America,2023-09-30,3032984.1707317075,39458.12195121951
North America,2024-03-26,3035755.536585366,40533.09756097561
South America,2020-01-24,0.0,0.0
South America,2020-02-09,0.0,0.0
South America,2020-08-22,371792.28571428574,15738.0
South America,2021-02-27,1241859.5714285714,37737.71428571428
South America,2021-06-09,2115216.214285714,66133.42857142857
South America,2021-09-19,2674668.0,81961.14285714286
South America,2021-10-17,2727839.6428571427,83173.35714285714
South America,2022-01-03,2856312.1428571427,85224.92857142857
South America,2022-03-07,3902521.714285714,90225.64285714286
South America,2022-10-08,4576625.071428572,94973.14285714286
South America,2023-01-17,4808898.142857143,96030.0
South America,2023-03-18,4857847.285714285,96509.57142857143
South America,2023-06-03,4897024.714285715,96586.21428571429
South America,2023-11-10,4899413.714285715,96613.21428571429
South America,2024-04-24,4914066.785714285,96720.42857142857
Asia,2020-08-23,134978.55319148937,2719.6170212765956
Asia,2020-11-28,348651.89361702127,5871.553191489362
Asia,2021-07-27,1254504.7291666667,18127.770833333332
Asia,2021-12-10,1720885.1458333333,25526.833333333332
Asia,2022-05-22,3139494.4791666665,29831.916666666668
Asia,2022-06-25,3213240.1666666665,29979.9375
Asia,2022-09-04,3723463.625,30673.791666666668
Asia,2024-03-29,6412549.744680851,34825.65957446808
Asia,2024-08-02,6414778.382978723,34834.72340425532
Europe,2020-09-26,85803.19607843137,4396.0
Europe,2022-04-19,3679592.274509804,36060.56862745098
Europe,2023-11-16,4908306.607843137,40894.98039215686
Europe,2024-07-13,4956042.117647059,41210.07843137255
Africa,2020-06-14,4195.859649122807,134.0
Africa,2021-02-14,66179.87719298246,1726.438596491228
Africa,2021-05-07,81010.15789473684,2148.9473684210525
Africa,2021-11-25,152875.19298245615,3898.1403508771928
Africa,2022-01-13,180091.75438596492,4067.7368421052633
Africa,2022-04-20,210656.7894736842,4446.0
Africa,2023-03-23,229252.8596491228,4540.298245614035
Africa,2023-06-12,229763.66666666666,4543.228070175439
Africa,2023-07-05,229870.91228070174,4543.666666666667
Africa,2023-12-03,230232.49122807017,4544.877192982456
Africa,2024-03-03,230540.15789473685,4545.508771929824
Africa,2024-05-31,230583.9649122807,4545.666666666667
Oceania,2020-05-01,336.5,4.583333333333333
Oceania,2020-06-27,372.7916666666667,5.666666666666667
Oceania,2021-07-11,3746.0,61.833333333333336
Oceania,2021-10-28,13347.75,163.29166666666666
Oceania,2024-03-17,617110.4166666666,1343.25
Oceania,2024-03-27,617363.4166666666,1346.0416666666667
North America,2020-01-22,0.0,0.0
North America,2020-02-13,0.6585365853658537,0.0
North America,2022-01-16,1884226.4146341463,30688.19512195122
North America,2023-07-25,3032474.8048780486,39221.68292682927
North America,2023-10-09,3033218.8048780486,39532.68292682927
South America,2020-04-10,1605.5714285714287,67.64285714285714
South America,2021-02-05,1130846.4285714286,34331.5
South America,2021-08-28,2616121.5714285714,80285.28571428571
South America,2022-01-28,3244677.5714285714,86256.5
South America,2022-03-29,3994310.8571428573,91860.07142857143
South America,2022-06-16,4171369.714285714,92912.35714285714
South America,2023-01-21,4808898.142857143,96030.0
South America,2023-03-16,4857847.285714285,96509.57142857143
South America,2023-07-26,4897641.5,96592.07142857143
South America,2023-10-14,4898455.214285715,96600.28571428571
South America,2024-04-01,4913761.5,96713.21428571429
South America,2024-04-25,4914066.785714285,96720.42857142857
South America,2024-05-20,4914220.357142857,96724.14285714286
Asia,2020-09-14,186244.74468085106,3438.425531914894
Asia,2021-01-04,441180.3404255319,7227.148936170212
Asia,2021-02-22,506764.1041666667,8139.708333333333
Asia,2021-11-29,1708480.0625,25279.083333333332
Asia,2021-12-15,1732713.375,25717.229166666668
Asia,2022-09-16,3753637.5,30743.166666666668
Asia,2023-03-17,6142655.333333333,33814.041666666664
Asia,2023-04-23,6170760.791666667,33906.458333333336
Asia,2024-05-21,6413388.638297873,34831.063829787236
Europe,2020-02-11,1.6470588235294117,0.21568627450980393
Europe,2020-07-27,50939.509803921566,3981.2549019607845
Europe,2021-03-17,693175.5769230769,17283.384615384617
Europe,2021-08-01,993647.6538461539,22504.46153846154
Europe,2022-03-06,3155881.294117647,34642.94117647059
Europe,2022-05-25,3848340.1764705884,36646.58823529412
Europe,2022-06-18,3906286.68627451,36834.117647058825
Europe,2022-06-26,3974946.274509804,36958.21568627451
Europe,2022-11-15,4628064.68627451,38847.666666666664
Europe,2023-03-15,4831356.94117647,40126.07843137255
Europe,2024-04-17,4951007.862745098,41182.549019607846
Europe,2024-07-23,4957493.450980392,41217.549019607846
Europe,2024-08-02,4958388.647058823,41221.98039215686
Africa,2021-02-03,62767.0,1590.017543859649
Africa,2021-11-01,150910.1754385965,3836.5263157894738
Africa,2021-11-24,152875.19298245615,3898.1403508771928
Africa,2021-12-07,155644.54385964913,3936.9298245614036
Africa,2022-07-29,222751.15789473685,4505.7192982456145
Africa,2023-09-25,230048.87719298244,4544.263157894737
Africa,2024-01-31,230508.15789473685,4545.333333333333
Africa,2024-05-21,230579.94736842104,4545.666666666667
Oceania,2020-05-15,347.5,5.375
Oceania,2020-06-29,383.2916666666667,5.708333333333333
Oceania,2020-08-21,1056.5,22.75
Oceania,2021-02-23,2422.0,51.25
Oceania,2021-11-20,14969.041666666666,182.0
Oceania,2022-03-04,141745.5,374.5416666666667
Oceania,2023-02-09,567033.5833333334,1078.0833333333333
Oceania,2023-08-04,600359.6666666666,1221.3333333333333
Oceania,2023-09-02,601858.9583333334,1235.1666666666667
Oceania,2024-04-10,620928.2916666666,1350.4583333333333
North America,2020-11-27,350038.243902439,9999.048780487805
North America,2021-04-12,874752.6341463415,20582.60975609756
North America,2022-06-01,2428136.2439024393,35281.26829268293
North America,2022-10-06,2792501.463414634,36823.365853658535
North America,2024-04-07,3035816.2195121953,40567.80487804878
North America,2024-06-16,3036178.43902439,40670.51219512195
South America,2021-01-11,991754.4285714285,31165.785714285714
South America,2021-02-23,1241859.5714285714,37737.71428571428
South America,2021-03-09,1323145.5,40131.28571428572
South America,2021-04-14,1601981.5,49450.21428571428
South America,2021-10-16,2718931.0714285714,82951.5
South America,2022-07-02,4235629.142857143,93127.71428571429
South America,2023-07-20,4897574.142857143,96591.28571428571
South America,2023-08-28,4897922.571428572,96593.64285714286
Asia,2020-06-24,39472.1914893617,1005.7872340425532
Asia,2020-09-18,186244.74468085106,3438.425531914894
Asia,2021-08-27,1407136.1666666667,20774.895833333332
Asia,2021-10-03,1585439.625,23526.125
Asia,2022-06-22,3213240.1666666665,29979.9375
Asia,2022-08-18,3562814.125,30390.458333333332
Asia,2022-11-06,3925604.8541666665,31107.4375
Asia,2022-12-27,5225753.0625,31643.020833333332
Asia,2023-01-23,6079999.0625,32379.458333333332
Asia,2023-07-09,6213193.041666667,33996.6875
Asia,2024-04-26,6412904.361702127,34828.34042553192
Asia,2024-06-22,6413901.29787234,34832.70212765958
Europe,2022-02-11,2629029.9615384615,32329.615384615383
Europe,2022-05-24,3848340.1764705884,36646.58823529412
Europe,2023-04-19,4860482.549019608,40387.82352941176
Europe,2023-10-25,4901596.431372549,40847.686274509804
Europe,2023-12-11,4924368.137254902,40984.03921568627
Europe,2023-12-24,4934053.333333333,41041.80392156863
Africa,2020-04-16,255.96491228070175,16.385964912280702
Africa,2020-05-07,771.9824561403509,37.73684210526316
Africa,2021-01-16,53427.0350877193,1270.9473684210527
Africa,2021-03-09,70078.12280701754,1856.9298245614036
Africa,2021-05-11,82049.15789473684,2186.1754385964914
Africa,2022-02-22,202772.1403508772,4345.0
Africa,2022-11-05,226419.8947368421,4527.070175438596
Africa,2023-03-05,229114.54385964913,4539.6140350877195
Africa,2023-10-14,230069.70175438595,4544.456140350877
Africa,2023-12-29,230363.75438596492,4544.9473684210525
Oceania,2020-08-08,795.5833333333334,12.541666666666666
Oceania,2021-10-19,12569.083333333334,156.25
Oceania,2021-12-20,18573.791666666668,201.83333333333334
Oceania,2022-02-28,141745.5,374.5416666666667
Oceania,2022-05-26,342699.2083333333,541.625
Oceania,2022-09-18,500131.4583333333,867.8333333333334
Oceania,2023-05-14,586981.5,1159.0833333333333
Oceania,2023-06-19,596512.5,1213.7916666666667
Oceania,2023-06-24,596512.5,1213.7916666666667
Oceania,2023-10-14,604036.1666666666,1251.4166666666667
Oceania,2023-12-09,608208.5416666666,1286.9583333333333
North America,2020-06-01,49887.39024390244,3254.9756097560976
North America,2020-10-03,209796.60975609755,7951.4390243902435
North America,2021-03-30,847466.6341463415,20192.29268292683
North America,2022-10-20,2807451.43902439,36961.09756097561
North America,2022-11-02,2822557.3170731706,37131.78048780488
North America,2022-12-07,2862897.463414634,37463.39024390244
North America,2024-01-18,3035085.7560975607,40156.31707317073
South America,2021-02-21,1241859.5714285714,37737.71428571428
South America,2021-05-18,1909891.5,60446.0
South America,2021-05-20,1909891.5,60446.0
South America,2021-12-23,2813053.285714286,84931.28571428571
South America,2023-02-02,4828263.857142857,96205.07142857143
South America,2023-09-06,4897987.0,96594.14285714286
South America,2024-07-11,4914592.285714285,96727.07142857143
South America,2024-08-02,4914865.0,96727.57142857143
Asia,2020-04-03,3307.6382978723404,137.80851063829786
Asia,2020-08-20,120403.85106382979,2493.531914893617
Asia,2020-12-06,384864.27659574465,6378.021276595745
Asia,2023-01-22,6079999.0625,32379.458333333332
Asia,2023-02-26,6132082.083333333,33767.354166666664
Asia,2023-06-12,6203530.770833333,33981.770833333336
Asia,2023-08-24,6247779.875,34018.895833333336
Asia,2023-10-15,6264691.0,34041.0
Europe,2020-05-20,30259.901960784315,3264.3529411764707
Europe,2020-05-29,32668.254901960783,3399.372549019608
Europe,2021-02-14,615920.5,15649.75
Europe,2021-08-03,993647.6538461539,22504.46153846154
Europe,2023-06-16,4879942.039215687,40632.96078431373
Europe,2023-08-14,4884462.490196078,40705.78431372549
Europe,2024-01-25,4942453.039215687,41128.21568627451
Europe,2024-02-21,4946322.05882353,41159.117647058825
Europe,2024-03-08,4947733.68627451,41166.74509803922
Africa,2020-07-08,8298.578947368422,241.8421052631579
Africa,2020-11-01,31536.280701754386,780.9298245614035
Africa,2020-12-08,39748.82456140351,948.8070175438596
Africa,2021-10-29,150246.49122807017,3813.1754385964914
Africa,2022-03-24,208256.98245614034,4424.2807017543855
Africa,2023-04-01,229324.94736842104,4540.7192982456145
Africa,2023-09-08,229991.43859649124,4544.1578947368425
Africa,2023-09-09,229991.43859649124,4544.1578947368425
Africa,2024-01-26,230497.19298245615,4545.298245614035
Africa,2024-04-30,230570.1754385965,4545.666666666667
Oceania,2020-08-28,1145.9166666666667,27.625
Oceania,2020-11-04,1743.5416666666667,44.083333333333336
Oceania,2022-03-03,141745.5,374.5416666666667
Oceania,2022-03-22,191290.20833333334,399.7916666666667
Oceania,2022-08-30,490621.875,840.5
Oceania,2023-03-26,575352.8333333334,1111.5
Oceania,2023-05-16,586981.5,1159.0833333333333
North America,2020-02-25,1.2195121951219512,0.0
North America,2020-04-22,18938.365853658535,1017.9268292682926
North America,2020-05-23,40226.60975609756,2638.121951219512
North America,2020-06-11,54673.58536585366,3536.0
North America,2020-12-06,416510.7073170732,10908.243902439024
North America,2021-02-24,785952.7073170731,18590.19512195122
North America,2022-05-11,2368182.6341463416,35062.92682926829
North America,2022-12-06,2862897.463414634,37463.39024390244
North America,2023-07-22,3032442.2926829266,39207.85365853659
North America,2024-02-14,3035449.487804878,40354.78048780488
North America,2024-04-01,3035783.7073170734,40551.68292682927
South America,2020-02-25,0.0,0.0
South America,2020-09-01,441993.5,17981.35714285714
South America,2020-10-13,617972.3571428572,23502.571428571428
South America,2021-12-29,2825022.5,85084.92857142857
South America,2022-12-26,4751654.642857143,95737.57142857143
South America,2023-01-01,4777658.357142857,95857.5
South America,2023-04-16,4884253.357142857,96434.57142857143
South America,2023-05-20,4896890.071428572,96583.28571428571
South America,2023-05-24,4896962.5,96584.92857142857
South America,2024-07-10,4914592.285714285,96727.07142857143
Asia,2020-02-03,308.82978723404256,7.702127659574468
Asia,2020-08-18,120403.85106382979,2493.531914893617
Asia,2021-07-22,1224422.1875,17559.5625
Asia,2021-09-20,1539192.0,22892.479166666668
Asia,2022-08-24,3624351.6666666665,30485.0625
Asia,2023-01-15,6045762.583333333,32374.895833333332
Asia,2024-03-05,6412145.234042553,34822.72340425532
Europe,2020-06-20,39133.76470588235,3676.607843137255
Europe,2020-10-01,93592.37254901961,4480.921568627451
Europe,2020-12-26,416387.862745098,10420.70588235294
Europe,2021-07-30,977400.5961538461,22357.076923076922
Europe,2021-10-12,1162021.4423076923,24642.98076923077
Europe,2021-10-31,1242554.4807692308,25793.846153846152
Europe,2022-07-25,4196893.901960785,37369.19607843137
Europe,2023-08-25,4885163.470588235,40714.56862745098
Africa,2020-07-04,6648.228070175439,209.71929824561403
Africa,2020-08-09,18281.859649122805,449.89473684210526
Africa,2020-09-02,21816.491228070176,561.1754385964912
Africa,2020-10-24,28917.64912280702,732.5438596491229
Africa,2020-10-27,30203.614035087718,755.7894736842105
Africa,2020-10-31,30203.614035087718,755.7894736842105
Africa,2021-02-25,67536.1052631579,1775.3508771929824
Africa,2021-06-15,89197.36842105263,2364.754385964912
Africa,2022-07-02,219086.45614035087,4489.771929824561
Africa,2023-04-22,229423.40350877194,4541.526315789473
Africa,2024-05-14,230577.1052631579,4545.666666666667
Oceania,2021-02-27,2422.0,51.25
Oceania,2021-09-28,10112.666666666666,126.75
Oceania,2021-10-20,12569.083333333334,156.25
Oceania,2021-11-08,14489.083333333334,176.83333333333334
Oceania,2022-01-28,94052.0,268.2916666666667
Oceania,2022-05-31,354829.0,560.1666666666666
Oceania,2022-06-29,394865.7916666667,632.2916666666666
Oceania,2022-12-01,527276.8333333334,923.6666666666666
Oceania,2024-02-06,614260.5416666666,1328.0833333333333
North America,2020-10-21,240579.07317073172,8538.853658536585
North America,2021-03-04,799655.9268292683,19048.170731707316
North America,2021-06-26,958063.1707317074,22013.682926829268
North America,2021-07-08,967527.243902439,22206.243902439026
North America,2021-07-26,1001604.4634146341,22541.536585365855
North America,2021-08-30,1139556.5853658537,24089.463414634145
North America,2022-01-13,1723688.780487805,30275.634146341465
North America,2022-08-16,2697305.7073170734,36211.9756097561
North America,2022-09-28,2783528.073170732,36741.0
North America,2023-01-10,2928273.7317073173,37875.46341463415
North America,2024-01-11,3034961.1951219514,40090.41463414634
North America,2024-02-29,3035579.3414634145,40424.12195121951
North America,2024-06-13,3036152.4146341463,40661.21951219512
South America,2020-02-03,0.0,0.0
South America,2020-04-02,740.4285714285714,21.357142857142858
South America,2021-09-10,2650600.1428571427,81250.35714285714
South America,2022-11-17,4612050.785714285,95276.64285714286
South America,2022-12-04,4660777.928571428,95446.21428571429
South America,2023-10-01,4898314.428571428,96598.35714285714
South America,2024-05-15,4914186.285714285,96723.78571428571
South America,2024-05-24,4914220.357142857,96724.14285714286
Asia,2020-03-19,2237.276595744681,83.87234042553192
Asia,2020-05-06,11531.553191489362,410.40425531914894
Asia,2020-06-18,33501.46808510638,840.4042553191489
Asia,2021-01-15,453476.93617021275,7395.36170212766
Asia,2021-12-17,1732713.375,25717.229166666668
Asia,2021-12-27,1754384.3125,26066.583333333332
Asia,2022-07-19,3308604.1666666665,30119.583333333332
Asia,2024-05-07,6413143.70212766,34829.574468085106
Europe,2020-01-12,0.0392156862745098,0.058823529411764705
Europe,2020-06-16,39133.76470588235,3676.607843137255
Europe,2021-10-28,1211959.2692307692,25353.71153846154
Europe,2022-08-11,4265883.882352941,37617.39215686275
Europe,2023-03-11,4824288.176470588,40072.39215686275
Europe,2023-10-24,4901596.431372549,40847.686274509804
Europe,2024-01-24,4942453.039215687,41128.21568627451
Europe,2024-02-14,4945486.568627451,41155.07843137255
Europe,2024-03-21,4948946.725490196,41172.78431372549
Europe,2024-06-17,4954484.94117647,41199.21568627451
Africa,2020-01-16,0.0,0.0
Africa,2020-04-02,80.10526315789474,2.456140350877193
Africa,2020-10-06,26599.21052631579,689.3859649122807
Africa,2022-10-20,226179.12280701756,4525.315789473684
Africa,2022-11-28,227253.1052631579,4530.7192982456145
Africa,2023-07-04,229870.91228070174,4543.666666666667
Oceania,2020-03-12,3.125,0.16666666666666666
Oceania,2020-06-06,359.6666666666667,5.666666666666667
Oceania,2020-07-25,546.375,6.583333333333333
Oceania,2021-05-06,2949.125,55.833333333333336
Oceania,2022-03-27,212489.16666666666,409.5
Oceania,2022-06-18,375126.75,597.7083333333334
Oceania,2022-09-01,490621.875,840.5
Oceania,2023-06-04,593354.3333333334,1191.0
North America,2020-07-19,108454.51219512195,5180.926829268293
North America,2022-04-16,2323239.8780487804,34743.09756097561
North America,2023-07-02,3032384.3170731706,39182.170731707316
North America,2023-11-14,3033813.926829268,39706.560975609755
South America,2020-03-12,5.0,0.14285714285714285
South America,2020-03-28,227.85714285714286,4.714285714285714
South America,2020-09-05,441993.5,17981.35714285714
South America,2021-08-14,2569713.8571428573,78996.0
South America,2022-06-02,4116574.5714285714,92748.92857142857
South America,2023-05-02,4891778.928571428,96504.07142857143
South America,2023-05-03,4891778.928571428,96504.07142857143
South America,2023-12-29,4901428.0,96637.14285714286
Asia,2020-03-15,2237.276595744681,83.87234042553192
Asia,2020-04-21,7823.31914893617,305.3829787234043
Asia,2020-06-20,33501.46808510638,840.4042553191489
Asia,2020-11-20,333228.6382978723,5621.468085106383
Asia,2021-06-29,1149361.1666666667,16341.020833333334
Asia,2021-08-16,1369650.1041666667,20106.791666666668
Asia,2022-04-26,3053885.9166666665,29626.541666666668
Asia,2023-02-22,6126599.083333333,33741.208333333336
Asia,2023-08-21,6247779.875,34018.895833333336
Europe,2020-08-15,56249.35294117647,4068.0196078431372
Europe,2020-09-30,93592.37254901961,4480.921568627451
Europe,2020-10-31,164223.25490196078,5134.686274509804
Europe,2020-11-11,236609.0,6079.137254901961
Europe,2021-02-13,598985.8076923077,15122.096153846154
Europe,2021-11-20,1314159.1538461538,26810.923076923078
Europe,2022-01-19,2030916.0961538462,31069.865384615383
Europe,2022-02-17,2787789.2884615385,32783.75
Europe,2023-09-13,4888671.31372549,40746.901960784315
Europe,2024-05-10,4952139.05882353,41187.705882352944
Africa,2020-05-20,1462.7719298245613,53.78947368421053
Africa,2020-06-09,3296.9122807017543,106.9298245614035
Africa,2020-08-23,20789.64912280702,529.578947368421
Africa,2022-02-03,194178.24561403508,4196.350877192983
Africa,2023-07-10,229898.9298245614,4543.736842105263
Africa,2024-04-11,230558.8245614035,4545.596491228071
Africa,2024-06-26,230604.28070175438,4545.684210526316
Oceania,2020-05-06,340.7916666666667,5.25
Oceania,2020-08-27,1145.9166666666667,27.625
Oceania,2020-12-29,2280.9166666666665,49.458333333333336
Oceania,2022-04-16,251427.375,438.0833333333333
Oceania,2022-06-08,365335.5416666667,579.5416666666666
Oceania,2024-01-06,610757.6666666666,1306.75
Oceania,2024-07-01,624387.4166666666,1365.7916666666667
North America,2020-08-24,166175.07317073172,6805.804878048781
North America,2021-02-16,772024.1219512195,18081.414634146342
North America,2021-05-22,932182.6341463415,21445.48780487805
North America,2022-04-06,2315714.3902439023,34643.92682926829
North America,2022-06-24,2489605.4146341463,35461.90243902439
North America,2022-11-10,2830026.7317073173,37203.31707317073
South America,2020-07-01,147749.42857142858,7785.928571428572
South America,2020-09-14,505738.4285714286,20300.0
South America,2020-10-03,563782.7857142857,21958.571428571428
South America,2020-10-27,667261.1428571428,24753.928571428572
South America,2020-11-21,737538.0,26277.714285714286
South America,2021-05-15,1848031.2142857143,58501.71428571428
South America,2021-07-21,2468703.4285714286,75615.85714285714
South America,2022-09-05,4548209.214285715,94708.5
South America,2022-10-13,4581966.714285715,95051.42857142857
South America,2022-12-09,4660777.928571428,95446.21428571429
South America,2023-01-10,4795584.642857143,95964.0
South America,2023-04-23,4888354.071428572,96475.71428571429
South America,2023-10-22,4898869.571428572,96606.5
Asia,2020-04-09,4548.489361702128,176.59574468085106
Asia,2020-12-10,384864.27659574465,6378.021276595745
Asia,2021-10-15,1604310.1041666667,23761.0
Asia,2022-03-14,2638504.9583333335,28650.75
Asia,2022-04-22,3025937.75,29545.354166666668
Asia,2022-11-12,3925604.8541666665,31107.4375
Asia,2023-10-10,6264206.145833333,34039.166666666664
Asia,2023-11-23,6399859.468085106,34797.617021276594
Asia,2024-03-18,6412432.744680851,34823.87234042553
Asia,2024-07-30,6414778.382978723,34834.72340425532
Europe,2020-02-06,0.5882352941176471,0.19607843137254902
Europe,2021-10-08,1142677.2115384615,24352.23076923077
Europe,2021-10-20,1184312.6923076923,24966.05769230769
Europe,2022-01-03,1733222.4615384615,30296.826923076922
Europe,2022-03-14,3254113.7843137253,34941.21568627451
Europe,2022-06-07,3884341.0,36775.96078431373
Europe,2024-04-19,4951007.862745098,41182.549019607846
Africa,2020-01-17,0.0,0.0
Africa,2020-04-10,162.26315789473685,10.157894736842104
Africa,2020-07-02,6648.228070175439,209.71929824561403
Africa,2020-10-15,27712.40350877193,714.9298245614035
Africa,2022-07-17,221761.52631578947,4501.298245614035
Africa,2022-09-25,225766.38596491228,4522.894736842105
Africa,2022-11-10,226578.57894736843,4528.263157894737
Africa,2023-03-19,229252.8596491228,4540.298245614035
Africa,2023-05-13,229564.57894736843,4542.421052631579
Africa,2024-02-19,230531.91228070174,4545.403508771929
Africa,2024-06-17,230594.19298245615,4545.684210526316
Oceania,2020-07-16,466.8333333333333,5.916666666666667
Oceania,2020-12-14,2219.8333333333335,48.5
Oceania,2021-06-06,3229.0833333333335,58.833333333333336
Oceania,2021-10-15,11781.416666666666,146.45833333333334
Oceania,2023-11-09,605591.6666666666,1264.0833333333333
Oceania,2024-05-10,622123.9166666666,1357.3333333333333
Oceania,2024-07-31,625064.2916666666,1370.9166666666667
North America,2021-03-08,812139.1463414634,19418.243902439026
North America,2022-06-25,2489605.4146341463,35461.90243902439
North America,2022-06-28,2512033.048780488,35536.26829268293
North America,2022-08-27,2715912.463414634,36311.365853658535
North America,2023-04-26,3023756.8536585364,38946.80487804878
North America,2023-08-19,3032571.926829268,39272.07317073171
North America,2024-01-04,3034814.1707317075,40026.95121951219
North America,2024-06-05,3036126.926829268,40653.19512195122
South America,2020-01-15,0.0,0.0
South America,2020-07-30,261502.64285714287,12205.642857142857
South America,2023-02-23,4846196.428571428,96377.64285714286
South America,2023-08-12,4897758.714285715,96592.5
South America,2023-12-05,4900672.285714285,96628.28571428571
South America,2024-03-07,4911456.785714285,96699.85714285714
South America,2024-05-12,4914186.285714285,96723.78571428571
South America,2024-06-17,4914401.142857143,96726.64285714286
Asia,2020-07-24,70147.8085106383,1651.0425531914893
Asia,2021-10-11,1604310.1041666667,23761.0
Asia,2022-06-19,3213240.1666666665,29979.9375
Asia,2022-11-09,3925604.8541666665,31107.4375
Asia,2023-01-17,6045762.583333333,32374.895833333332
Asia,2023-06-26,6207450.854166667,33991.479166666664
Asia,2023-08-27,6253978.020833333,34025.25
Europe,2020-08-21,59546.07843137255,4116.588235294118
Europe,2020-11-24,303857.3137254902,7441.588235294118
Europe,2021-03-19,693175.5769230769,17283.384615384617
Europe,2021-05-22,879173.5769230769,20955.48076923077
Europe,2022-03-20,3359421.901960784,35211.686274509804
Europe,2022-09-21,4405652.274509804,38107.35294117647
Europe,2023-03-06,4824288.176470588,40072.39215686275
Europe,2023-09-16,4888671.31372549,40746.901960784315
Europe,2024-06-06,4953611.274509804,41194.13725490196
Africa,2020-10-01,25644.78947368421,664.5087719298245
Africa,2021-04-09,75464.80701754386,1999.578947368421
Africa,2022-02-27,205105.52631578947,4373.0526315789475
Africa,2022-09-22,225633.28070175438,4522.140350877193
Africa,2023-10-22,230091.87719298244,4544.491228070176
Oceania,2020-11-26,2067.125,46.666666666666664
Oceania,2021-06-01,3179.0416666666665,58.75
Oceania,2022-01-10,59726.583333333336,219.5
Oceania,2023-04-28,581828.625,1135.0
Oceania,2023-09-03,602211.875,1236.7916666666667
Oceania,2023-10-20,604354.2916666666,1253.9166666666667
Oceania,2023-11-13,606209.4583333334,1269.5833333333333
Oceania,2024-05-23,622995.2083333334,1360.0833333333333
North America,2020-01-07,0.0,0.0
North America,2020-07-12,94938.26829268293,4861.8536585365855
North America,2021-02-11,752889.1463414634,17397.853658536584
North America,2021-12-31,1516658.731707317,29695.975609756097
North America,2022-03-04,2274865.2682926827,33766.46341463415
North America,2022-04-12,2323239.8780487804,34743.09756097561
North America,2023-04-06,3014707.6097560977,38826.14634146341
North America,2024-03-08,3035633.3658536584,40456.58536585366
North America,2024-07-28,3036395.4146341463,40745.34146341463
South America,2020-02-06,0.0,0.0
South America,2020-03-21,29.428571428571427,0.9285714285714286
South America,2021-02-28,1281299.2857142857,38869.92857142857
South America,2021-12-28,2825022.5,85084.92857142857
South America,2022-08-09,4473748.571428572,94144.92857142857
South America,2022-12-01,4639187.928571428,95377.14285714286
South America,2022-12-11,4685056.142857143,95519.78571428571
Asia,2020-10-20,274880.6595744681,4720.510638297872
Asia,2021-05-20,965919.6875,12584.979166666666
Asia,2022-03-28,2852412.5833333335,29173.791666666668
Asia,2022-04-06,2931073.3333333335,29325.3125
Asia,2022-12-29,5225753.0625,31643.020833333332
Asia,2023-01-08,5968677.458333333,32370.145833333332
Asia,2023-08-25,6247779.875,34018.895833333336
Asia,2023-11-16,6266568.541666667,34074.666666666664
Asia,2024-03-12,6412284.234042553,34823.55319148936
Europe,2020-06-14,39133.76470588235,3676.607843137255
Europe,2020-12-20,416387.862745098,10420.70588235294
Europe,2021-07-15,941873.9807692308,22090.076923076922
Europe,2021-09-13,1093512.7115384615,23637.80769230769
Europe,2021-11-01,1242554.4807692308,25793.846153846152
Europe,2022-01-25,2222437.980769231,31471.23076923077
Europe,2022-04-06,3552965.3921568627,35679.01960784314
Europe,2022-10-18,4542166.607843137,38469.58823529412
Europe,2022-11-13,4628064.68627451,38847.666666666664
Europe,2023-01-04,4759594.470588235,39492.76470588235
Europe,2023-05-23,4875152.62745098,40567.01960784314
Africa,2020-08-29,20789.64912280702,529.578947368421
Africa,2020-12-20,44018.45614035088,1039.298245614035
Africa,2021-02-05,62767.0,1590.017543859649
Africa,2021-03-30,74047.47368421052,1967.8070175438597
Africa,2021-05-22,83064.50877192983,2220.2982456140353
Africa,2022-01-02,174547.64912280702,4023.315789473684
Africa,2022-03-03,205105.52631578947,4373.0526315789475
Africa,2022-09-20,225633.28070175438,4522.140350877193
Africa,2023-05-15,229614.9298245614,4542.701754385965
Africa,2024-07-06,230607.9649122807,4545.701754385965
Oceania,2020-02-08,0.5,0.0
Oceania,2021-01-13,2332.6666666666665,50.25
Oceania,2022-02-10,115021.33333333333,324.5833333333333
Oceania,2022-04-23,266622.4583333333,454.5416666666667
Oceania,2022-08-04,455397.7083333333,762.0416666666666
Oceania,2022-08-08,467999.3333333333,787.5833333333334
Oceania,2022-09-24,500131.4583333333,867.8333333333334
Oceania,2022-10-08,504834.6666666667,878.9166666666666
Oceania,2023-09-19,602874.2083333334,1241.125
Oceania,2023-11-22,606870.125,1274.9583333333333
Oceania,2024-07-12,624743.7083333334,1367.4583333333333
North America,2020-04-25,18938.365853658535,1017.9268292682926
North America,2020-05-04,30056.756097560974,1865.5121951219512
North America,2021-04-13,874752.6341463415,20582.60975609756
North America,2021-09-24,1234290.3170731708,25489.219512195123
North America,2021-11-23,1396150.0731707318,28486.048780487807
North America,2022-03-14,2294238.6341463416,34286.31707317073
North America,2024-05-12,3035994.1951219514,40626.34146341463
South America,2020-08-16,371792.28571428574,15738.0
South America,2020-11-12,713231.7857142857,25793.85714285714
South America,2021-01-29,1086361.5,33177.78571428572
South America,2021-06-05,2044955.142857143,64340.28571428572
South America,2021-08-20,2593833.4285714286,79684.57142857143
South America,2021-11-22,2776017.285714286,84177.64285714286
South America,2022-07-26,4403292.857142857,93769.85714285714
South America,2023-08-07,4897758.714285715,96592.5
South America,2023-12-04,4900672.285714285,96628.28571428571
South America,2024-02-12,4908610.214285715,96686.07142857143
Asia,2020-07-26,80458.97872340426,1858.8297872340424
Asia,2021-05-31,1056840.375,14158.6875
Asia,2021-07-14,1195145.6666666667,17100.1875
Asia,2021-08-19,1369650.1041666667,20106.791666666668
Asia,2021-10-16,1604310.1041666667,23761.0
Asia,2022-02-07,2169936.0,27210.041666666668
Asia,2022-05-10,3093057.5,29764.6875
Asia,2022-07-13,3272990.2083333335,30083.354166666668
Asia,2022-09-09,3723463.625,30673.791666666668
Asia,2022-12-13,4083604.3958333335,31367.0
Asia,2023-11-04,6265642.479166667,34070.666666666664
Asia,2024-01-26,6410558.595744681,34815.70212765958
Asia,2024-07-02,6414235.744680851,34833.617021276594
Europe,2020-09-18,78707.62745098039,4320.294117647059
Europe,2020-09-22,85803.19607843137,4396.0
Europe,2020-12-10,358719.70588235295,8928.35294117647
Europe,2021-01-12,508132.03921568627,12500.686274509804
Europe,2021-06-22,912314.6538461539,21708.903846153848
Europe,2021-08-26,1043249.5576923077,23017.55769230769
Europe,2022-09-11,4380616.568627451,38042.490196078434
Europe,2023-09-02,4886094.098039215,40724.901960784315
Europe,2024-01-04,4937236.176470588,41067.60784313725
Europe,2024-04-04,4950066.803921568,41178.13725490196
Europe,2024-06-15,4954051.431372549,41196.705882352944
Europe,2024-07-21,4957493.450980392,41217.549019607846
Africa,2020-02-25,0.017543859649122806,0.0
Africa,2021-01-23,57158.350877192985,1379.3508771929824
Africa,2022-06-08,216811.1403508772,4477.0
Africa,2022-12-10,227464.35087719298,4531.6140350877195
Africa,2024-01-07,230451.28070175438,4545.140350877193
Oceania,2020-09-16,1316.25,37.0
Oceania,2020-12-15,2219.8333333333335,48.5
Oceania,2021-07-15,3746.0,61.833333333333336
Oceania,2022-07-12,409758.875,672.2916666666666
Oceania,2023-04-29,581828.625,1135.0
Oceania,2023-09-24,603196.0416666666,1243.5
Oceania,2024-03-07,616362.0833333334,1339.9583333333333
North America,2020-01-09,0.0,0.0
North America,2021-03-05,799655.9268292683,19048.170731707316
North America,2021-07-29,1001604.4634146341,22541.536585365855
North America,2021-10-19,1319509.780487805,27106.80487804878
North America,2022-05-01,2354042.0975609757,34980.19512195122
North America,2022-07-19,2593740.9024390243,35785.39024390244
North America,2022-09-02,2733247.5853658537,36409.80487804878
North America,2023-01-19,2941076.8780487804,38001.170731707316
North America,2024-04-24,3035880.5853658537,40595.170731707316
North America,2024-07-31,3036395.4146341463,40745.34146341463
South America,2020-03-15,29.428571428571427,0.9285714285714286
South America,2020-06-11,77691.0,4795.0
South America,2020-07-06,174546.14285714287,8815.92857142857
South America,2020-09-10,477877.0714285714,19022.571428571428
South America,2020-12-09,820182.1428571428,27856.928571428572
South America,2021-03-27,1423515.2142857143,43174.0
South America,2022-02-23,3793480.5714285714,89215.92857142857
South America,2023-06-01,4897024.714285715,96586.21428571429
South America,2023-07-28,4897641.5,96592.07142857143
Asia,2020-04-23,7823.31914893617,305.3829787234043
Asia,2020-04-29,9731.212765957447,360.0425531914894
Asia,2020-10-30,289540.5106382979,4944.510638297872
Asia,2021-01-21,465725.25531914894,7569.893617021276
Asia,2021-04-04,604429.125,9039.666666666666
Asia,2021-07-24,1224422.1875,17559.5625
Asia,2022-01-05,1768821.9375,26225.458333333332
Asia,2022-06-27,3230474.5,30014.375
Asia,2023-11-27,6400252.382978723,34798.425531914894
Europe,2021-09-02,1060447.1153846155,23212.365384615383
Europe,2022-01-29,2222437.980769231,31471.23076923077
Europe,2022-04-28,3726808.294117647,36215.686274509804
Europe,2022-07-24,4196893.901960785,37369.19607843137
Europe,2023-12-26,4934053.333333333,41041.80392156863
Europe,2024-03-15,4948342.470588235,41169.56862745098
Africa,2020-10-10,26599.21052631579,689.3859649122807
Africa,2021-02-09,64655.54385964912,1665.1929824561403
Africa,2021-03-23,72677.26315789473,1932.5087719298247
Africa,2021-11-16,152266.8596491228,3878.877192982456
Africa,2021-12-31,169024.8245614035,3995.7017543859647
Africa,2023-05-11,229564.57894736843,4542.421052631579
Oceania,2020-02-18,0.625,0.0
Oceania,2020-03-11,3.125,0.16666666666666666
Oceania,2020-03-27,49.458333333333336,0.375
Oceania,2020-06-05,359.6666666666667,5.666666666666667
Oceania,2020-07-13,466.8333333333333,5.916666666666667
Oceania,2021-04-28,2918.0833333333335,51.833333333333336
Oceania,2021-09-17,8640.0,109.45833333333333
Oceania,2022-03-09,156207.66666666666,382.7916666666667
Oceania,2022-09-20,500131.4583333333,867.8333333333334
Oceania,2022-12-02,527276.8333333334,923.6666666666666
Oceania,2024-04-23,621542.7916666666,1354.4583333333333
Oceania,2024-05-21,622995.2083333334,1360.0833333333333
Oceania,2024-06-09,623686.6666666666,1362.375
Oceania,2024-07-18,624877.25,1368.75
North America,2020-01-28,0.1951219512195122,0.0
North America,2020-04-20,18938.365853658535,1017.9268292682926
North America,2020-04-28,24555.634146341465,1445.1463414634147
North America,2020-06-28,73315.46341463414,4326.0
North America,2020-09-21,200542.36585365853,7748.487804878048
North America,2021-01-02,534535.731707317,12738.292682926829
North America,2021-03-12,812139.1463414634,19418.243902439026
North America,2021-06-25,958063.1707317074,22013.682926829268
North America,2021-11-01,1348816.3658536586,27729.634146341465
North America,2022-10-12,2800359.926829268,36895.60975609756
North America,2023-03-06,2995870.975609756,38615.0243902439
North America,2023-05-05,3026404.048780488,38978.439024390245
North America,2023-06-10,3032199.3902439023,39121.12195121951
North America,2023-09-11,3032801.56097561,39386.0
North America,2023-11-19,3033960.3414634145,39744.19512195122
South America,2021-07-01,2321538.8571428573,71539.07142857143
South America,2021-08-18,2593833.4285714286,79684.57142857143
South America,2021-11-23,2776017.285714286,84177.64285714286
South America,2023-06-02,4897024.714285715,96586.21428571429
South America,2023-09-26,4898198.142857143,96596.57142857143
South America,2023-12-21,4901125.714285715,96634.85714285714
South America,2024-01-08,4902841.142857143,96646.14285714286
Asia,2021-05-07,831544.4583333334,10983.0
Asia,2021-06-03,1056840.375,14158.6875
Asia,2021-10-13,1604310.1041666667,23761.0
Asia,2022-06-17,3196403.1666666665,29944.666666666668
Asia,2022-06-20,3213240.1666666665,29979.9375
Asia,2023-12-15,6402081.574468086,34801.12765957447
Europe,2020-02-23,4.0,0.29411764705882354
Europe,2020-12-29,443444.82352941175,11090.843137254902
Europe,2021-01-16,508132.03921568627,12500.686274509804
Europe,2021-01-29,555694.0,13791.326923076924
Europe,2021-03-29,745776.0,18144.5
Europe,2021-10-19,1184312.6923076923,24966.05769230769
Europe,2022-04-15,3622907.8235294116,35880.92156862745
Europe,2023-02-09,4794103.215686275,39869.21568627451
Europe,2023-02-18,4800621.31372549,39917.03921568627
Europe,2023-07-25,4882966.352941177,40686.470588235294
Europe,2023-11-28,4915116.529411765,40934.8431372549
Europe,2024-06-13,4954051.431372549,41196.705882352944
Africa,2020-02-15,0.0,0.0
Africa,2020-08-18,19561.36842105263,491.1929824561403
Africa,2020-09-05,21816.491228070176,561.1754385964912
Africa,2021-01-27,60393.98245614035,1489.2456140350878
Africa,2021-06-02,85537.19298245614,2290.0175438596493
Africa,2021-07-17,104929.40350877192,2665.157894736842
Africa,2021-07-20,109914.85964912281,2773.0
Africa,2022-03-14,207516.0350877193,4417.0
Africa,2022-04-18,210656.7894736842,4446.0
Africa,2022-06-23,218273.1052631579,4485.3859649122805
Africa,2022-08-20,224374.57894736843,4513.982456140351
Africa,2023-01-18,228396.57894736843,4536.087719298245
Africa,2023-05-09,229564.57894736843,4542.421052631579
Africa,2023-12-22,230354.24561403508,4544.929824561404
Africa,2024-05-22,230579.94736842104,4545.666666666667
Oceania,2020-09-09,1275.9166666666667,34.625
Oceania,2021-07-13,3746.0,61.833333333333336
Oceania,2021-07-17,3746.0,61.833333333333336
Oceania,2022-05-10,310299.2083333333,505.0833333333333
Oceania,2022-07-14,409758.875,672.2916666666666
Oceania,2022-12-20,545289.3333333334,961.6666666666666
Oceania,2023-05-15,586981.5,1159.0833333333333
Oceania,2023-11-17,606209.4583333334,1269.5833333333333
Oceania,2024-05-09,622123.9166666666,1357.3333333333333
North America,2020-03-03,2.292682926829268,0.024390243902439025
North America,2021-03-10,812139.1463414634,19418.243902439026
North America,2023-02-20,2981773.2926829266,38487.34146341463
North America,2023-10-16,3033324.9024390243,39566.756097560974
North America,2024-01-16,3035085.7560975607,40156.31707317073
North America,2024-06-27,3036206.024390244,40681.26829268293
South America,2020-12-24,886131.8571428572,29038.64285714286
South America,2021-04-13,1601981.5,49450.21428571428
South America,2022-06-05,4141454.785714286,92819.28571428571
South America,2022-09-04,4548209.214285715,94708.5
South America,2023-03-09,4855322.071428572,96494.85714285714
South America,2023-03-14,4857847.285714285,96509.57142857143
South America,2023-03-26,4870471.928571428,96578.85714285714
South America,2023-04-18,4884253.357142857,96434.57142857143
South America,2023-11-18,4899732.642857143,96616.57142857143
Asia,2020-02-25,1658.9148936170213,52.255319148936174
Asia,2020-04-06,4548.489361702128,176.59574468085106
Asia,2020-06-09,28165.91489361702,732.0
Asia,2020-07-23,70147.8085106383,1651.0425531914893
Asia,2021-04-19,693491.8125,9691.458333333334
Asia,2021-11-27,1694972.2083333333,25063.520833333332
Asia,2022-02-03,2073663.4583333333,26905.9375
Asia,2022-12-19,4347785.833333333,31458.3125
Asia,2023-03-19,6147262.916666667,33833.1875
Asia,2023-04-16,6164507.75,33890.833333333336
Asia,2023-11-03,6265642.479166667,34070.666666666664
Europe,2020-08-10,56249.35294117647,4068.0196078431372
Europe,2020-12-19,386451.29411764705,9668.862745098038
Europe,2022-03-13,3254113.7843137253,34941.21568627451
Africa,2020-09-25,24706.543859649122,638.1754385964912
Africa,2021-10-07,147807.22807017545,3726.4561403508774
Africa,2021-11-23,152875.19298245615,3898.1403508771928
Africa,2022-01-23,189816.12280701756,4154.070175438596
Africa,2022-03-28,208943.73684210525,4430.684210526316
Africa,2022-06-05,216811.1403508772,4477.0
Africa,2022-09-16,225462.84210526315,4520.9473684210525
Africa,2023-07-22,229912.0701754386,4543.859649122807
Oceania,2020-12-09,2188.1666666666665,47.791666666666664
Oceania,2021-12-21,18573.791666666668,201.83333333333334
Oceania,2024-01-03,610757.6666666666,1306.75
Oceania,2024-06-13,623686.6666666666,1362.375
North America,2020-03-29,3312.5365853658536,54.51219512195122
North America,2021-12-12,1453720.8780487804,29143.463414634145
North America,2022-12-09,2862897.463414634,37463.39024390244
North America,2023-04-12,3017661.6097560977,38874.14634146341
North America,2023-09-22,3032883.7073170734,39421.87804878049
North America,2024-01-03,3034814.1707317075,40026.95121951219
South America,2020-05-27,42037.78571428572,3026.714285714286
South America,2022-02-07,3583052.1428571427,87666.21428571429
Asia,2020-04-25,7823.31914893617,305.3829787234043
Asia,2020-06-27,39472.1914893617,1005.7872340425532
Asia,2021-08-15,1369650.1041666667,20106.791666666668
Asia,2022-06-07,3178998.4791666665,29906.666666666668
Asia,2023-04-04,6154733.791666667,33862.4375
Asia,2023-05-31,6196609.4375,33966.854166666664
Asia,2023-06-30,6207450.854166667,33991.479166666664
Europe,2020-08-24,63349.490196078434,4161.294117647059
Europe,2021-08-21,1026060.0576923077,22831.0
Europe,2023-09-01,4886094.098039215,40724.901960784315
Europe,2023-09-22,4890498.843137255,40760.41176470588
Africa,2020-04-08,162.26315789473685,10.157894736842104
Africa,2020-10-28,30203.614035087718,755.7894736842105
Africa,2021-01-11,53427.0350877193,1270.9473684210527
Africa,2021-10-10,148747.73684210525,3760.122807017544
Africa,2022-03-26,208256.98245614034,4424.2807017543855
Africa,2022-05-16,214546.12280701756,4464.017543859649
Africa,2023-03-20,229252.8596491228,4540.298245614035
Africa,2023-04-07,229356.22807017545,4540.964912280701
Africa,2023-11-14,230125.0701754386,4544.631578947368
Africa,2023-12-27,230363.75438596492,4544.9473684210525
Africa,2024-05-10,230573.54385964913,4545.666666666667
Africa,2024-07-08,230611.33333333334,4545.701754385965
Oceania,2020-01-15,0.0,0.0
Oceania,2021-04-27,2918.0833333333335,51.833333333333336
Oceania,2021-09-02,7232.375,94.5
Oceania,2021-10-22,12569.083333333334,156.25
Oceania,2021-11-29,16009.208333333334,193.125
Oceania,2022-10-24,511082.5833333333,891.5
Oceania,2022-11-04,514072.0,896.125
Oceania,2023-03-19,573957.0,1104.4583333333333
Oceania,2023-07-20,599567.6666666666,1219.75
Oceania,2023-10-07,603521.375,1247.5416666666667
North America,2020-05-12,35285.85365853659,2280.048780487805
North America,2020-12-30,534535.731707317,12738.292682926829
North America,2021-06-29,962482.5853658536,22112.585365853658
North America,2022-08-08,2676593.6341463416,36102.829268292684
North America,2023-05-31,3032067.1219512196,39103.04878048781
North America,2024-03-14,3035676.463414634,40485.0243902439
South America,2020-03-16,29.428571428571427,0.9285714285714286
South America,2020-12-28,919734.9285714285,29667.428571428572
South America,2021-10-23,2727839.6428571427,83173.35714285714
South America,2022-11-16,4612050.785714285,95276.64285714286
South America,2024-07-08,4914592.285714285,96727.07142857143
Asia,2020-06-19,33501.46808510638,840.4042553191489
Asia,2020-10-08,242207.085106383,4233.531914893617
Asia,2021-08-23,1407136.1666666667,20774.895833333332
Asia,2021-12-25,1744034.6458333333,25890.625
Asia,2022-01-29,1972536.3125,26696.708333333332
Asia,2022-02-02,2073663.4583333333,26905.9375
Asia,2024-03-25,6412549.744680851,34825.65957446808
Europe,2020-11-28,303857.3137254902,7441.588235294118
Europe,2021-05-18,879173.5769230769,20955.48076923077
Europe,2021-06-26,912314.6538461539,21708.903846153848
Europe,2022-10-04,4467488.137254902,38255.25490196078
Europe,2022-11-16,4628064.68627451,38847.666666666664
Europe,2023-01-11,4769752.803921568,39598.549019607846
Europe,2023-04-27,4864668.156862745,40433.96078431373
Europe,2023-07-10,4882306.68627451,40675.450980392154
Europe,2023-08-09,4883878.68627451,40698.37254901961
Africa,2020-03-24,23.45614035087719,0.47368421052631576
Africa,2020-12-24,44018.45614035088,1039.298245614035
Africa,2021-04-18,78365.14035087719,2071.8947368421054
Africa,2022-08-06,223494.0350877193,4509.7192982456145
Africa,2023-01-22,228548.2105263158,4537.1578947368425
Africa,2023-02-10,228798.57894736843,4538.263157894737
Oceania,2020-09-19,1316.25,37.0
Oceania,2021-07-07,3534.9583333333335,60.375
Oceania,2021-11-11,14489.083333333334,176.83333333333334
Oceania,2022-01-12,59726.583333333336,219.5
Oceania,2023-05-29,591247.25,1181.2916666666667
Oceania,2023-06-14,594749.2083333334,1204.4583333333333
Oceania,2023-10-15,604354.2916666666,1253.9166666666667
Oceania,2023-12-10,608876.5416666666,1294.9583333333333
Oceania,2024-01-07,611662.3333333334,1309.4166666666667
North America,2020-06-18,59666.65853658537,3802.6585365853657
North America,2021-01-31,728716.0243902439,16662.951219512193
North America,2021-05-13,923692.0487804879,21290.39024390244
North America,2022-07-09,2537413.073170732,35615.70731707317
North America,2022-10-02,2792501.463414634,36823.365853658535
North America,2023-03-17,3001010.1219512196,38668.85365853659
North America,2023-04-19,3020793.6585365855,38912.0
North America,2023-09-17,3032883.7073170734,39421.87804878049
South America,2020-02-27,0.0,0.0
South America,2020-04-29,8762.92857142857,575.5
South America,2020-05-03,13892.42857142857,1005.8571428571429
South America,2020-08-17,371792.28571428574,15738.0
South America,2020-12-31,919734.9285714285,29667.428571428572
South America,2022-04-20,4037633.5,92276.78571428571
South America,2024-07-26,4914762.142857143,96727.28571428571
Asia,2020-02-12,796.3617021276596,19.27659574468085
Asia,2021-06-05,1056840.375,14158.6875
Asia,2021-10-02,1564189.2708333333,23235.458333333332
Asia,2021-10-19,1621884.875,23976.541666666668
Asia,2021-12-06,1720885.1458333333,25526.833333333332
Asia,2021-12-30,1754384.3125,26066.583333333332
Asia,2022-06-16,3196403.1666666665,29944.666666666668
Asia,2022-09-18,3784630.3541666665,30801.208333333332
Asia,2022-09-24,3784630.3541666665,30801.208333333332
Asia,2023-04-02,6154733.791666667,33862.4375
Asia,2023-07-13,6213193.041666667,33996.6875
Asia,2023-09-29,6263241.229166667,34034.916666666664
Asia,2024-05-03,6413017.489361702,34828.78723404255
Asia,2024-06-19,6413901.29787234,34832.70212765958
Europe,2020-09-07,72718.37254901961,4262.882352941177
Europe,2021-05-10,868387.5384615385,20698.78846153846
Europe,2021-05-11,868387.5384615385,20698.78846153846
Europe,2021-08-15,1026060.0576923077,22831.0
Europe,2023-11-11,4905807.156862745,40875.13725490196
Europe,2024-04-08,4950557.019607843,41180.41176470588
Europe,2024-05-11,4952139.05882353,41187.705882352944
Europe,2024-05-13,4952472.039215687,41189.56862745098
Africa,2020-02-28,0.017543859649122806,0.0
Africa,2020-11-13,33036.82456140351,813.8947368421053
Africa,2020-11-16,34689.80701754386,843.438596491228
Africa,2022-10-01,225766.38596491228,4522.894736842105
Africa,2022-10-08,225891.22807017545,4523.6140350877195
Africa,2022-10-31,226419.8947368421,4527.070175438596
Africa,2023-03-12,229189.2105263158,4539.982456140351
Africa,2023-04-28,229461.54385964913,4541.789473684211
Africa,2023-09-04,229991.43859649124,4544.1578947368425
Africa,2023-10-09,230069.70175438595,4544.456140350877
Africa,2023-11-22,230146.94736842104,4544.736842105263
Africa,2024-06-11,230590.77192982455,4545.684210526316
Oceania,2020-06-07,363.0,5.666666666666667
Oceania,2020-09-26,1351.0833333333333,38.958333333333336
Oceania,2021-03-01,2438.1666666666665,51.375
Oceania,2021-03-14,2502.5416666666665,51.583333333333336
Oceania,2021-04-13,2805.5,51.75
Oceania,2021-12-02,16009.208333333334,193.125
Oceania,2023-01-16,562359.1666666666,1023.2083333333334
Oceania,2023-01-17,562359.1666666666,1023.2083333333334
Oceania,2024-02-13,614796.1666666666,1332.0416666666667
North America,2020-12-21,497569.1219512195,12113.024390243903
North America,2021-07-07,967527.243902439,22206.243902439026
North America,2021-09-11,1173246.4146341463,24549.585365853658
North America,2022-04-13,2323239.8780487804,34743.09756097561
North America,2023-02-03,2958600.1219512196,38213.78048780488
North America,2023-06-21,3032290.7804878047,39153.12195121951
North America,2023-11-15,3033813.926829268,39706.560975609755
North America,2024-01-26,3035195.0,40216.04878048781
North America,2024-06-11,3036152.4146341463,40661.21951219512
South America,2020-03-01,0.14285714285714285,0.0
South America,2021-04-24,1667285.142857143,51857.642857142855
South America,2021-10-09,2707990.4285714286,82658.71428571429
South America,2021-12-30,2825022.5,85084.92857142857
South America,2022-04-22,4037633.5,92276.78571428571
South America,2022-08-10,4473748.571428572,94144.92857142857
South America,2022-10-18,4586457.785714285,95095.21428571429
Asia,2020-04-05,4548.489361702128,176.59574468085106
Asia,2020-06-02,23526.23404255319,643.2765957446809
Asia,2021-04-16,642114.0833333334,9318.4375
Asia,2021-10-12,1604310.1041666667,23761.0
Asia,2022-04-25,3053885.9166666665,29626.541666666668
Asia,2023-03-01,6132082.083333333,33767.354166666664
Europe,2020-02-12,1.6470588235294117,0.21568627450980393
Europe,2020-05-25,32668.254901960783,3399.372549019608
Europe,2020-09-19,78707.62745098039,4320.294117647059
Europe,2020-11-10,236609.0,6079.137254901961
Europe,2021-09-03,1060447.1153846155,23212.365384615383
Europe,2022-01-20,2030916.0961538462,31069.865384615383
Europe,2023-03-22,4838520.647058823,40185.490196078434
Europe,2023-04-22,4860482.549019608,40387.82352941176
Africa,2020-09-21,24706.543859649122,638.1754385964912
Africa,2020-11-17,34689.80701754386,843.438596491228
Africa,2022-08-24,224683.50877192983,4516.964912280701
Africa,2022-10-19,226179.12280701756,4525.315789473684
Africa,2023-07-11,229898.9298245614,4543.736842105263
Africa,2023-12-30,230363.75438596492,4544.9473684210525
Africa,2024-02-02,230508.15789473685,4545.333333333333
Oceania,2020-03-16,10.833333333333334,0.2916666666666667
Oceania,2021-04-21,2864.5,51.833333333333336
Oceania,2021-10-25,13347.75,163.29166666666666
Oceania,2022-02-17,123494.625,345.5
Oceania,2023-08-19,601098.625,1227.9583333333333
Oceania,2024-04-01,620616.4166666666,1348.0416666666667
North America,2021-06-22,958063.1707317074,22013.682926829268
North America,2021-11-04,1348816.3658536586,27729.634146341465
North America,2022-04-24,2341918.0975609757,34908.78048780488
North America,2022-06-02,2428136.2439024393,35281.26829268293
North America,2022-09-25,2783528.073170732,36741.0
South America,2020-05-14,20461.428571428572,1529.2857142857142
South America,2020-08-31,441993.5,17981.35714285714
South America,2020-12-07,820182.1428571428,27856.928571428572
South America,2021-09-26,2695911.8571428573,82330.35714285714
South America,2021-10-13,2718931.0714285714,82951.5
South America,2021-11-19,2766535.714285714,83973.71428571429
South America,2023-02-17,4840970.5,96336.14285714286
South America,2023-04-28,4888354.071428572,96475.71428571429
South America,2023-05-11,4894853.428571428,96538.0
South America,2023-08-30,4897922.571428572,96593.64285714286
South America,2024-05-04,4914111.928571428,96721.85714285714
Asia,2020-02-17,1464.936170212766,37.638297872340424
Asia,2020-09-02,150374.55319148937,2948.0851063829787
Asia,2021-01-30,476816.21276595746,7735.829787234043
Asia,2022-10-30,3903453.625,31040.145833333332
Asia,2023-02-02,6096325.25,32382.625
Europe,2020-07-22,48744.294117647056,3939.1960784313724
Europe,2021-01-02,443444.82352941175,11090.843137254902
Europe,2021-12-03,1407537.5,27917.903846153848
Europe,2021-12-08,1457992.5192307692,28458.98076923077
Europe,2022-05-23,3848340.1764705884,36646.58823529412
Europe,2022-10-10,4505196.882352941,38355.96078431373
Europe,2022-11-03,4595959.666666667,38687.60784313725
Europe,2024-05-06,4952139.05882353,41187.705882352944
Africa,2020-01-18,0.0,0.0
Africa,2020-07-28,14681.157894736842,355.7894736842105
Africa,2021-05-19,83064.50877192983,2220.2982456140353
Africa,2022-02-21,202772.1403508772,4345.0
Africa,2022-04-11,210125.59649122806,4442.210526315789
Africa,2022-12-24,227790.66666666666,4534.2807017543855
Oceania,2020-09-07,1275.9166666666667,34.625
Oceania,2021-01-10,2332.6666666666665,50.25
Oceania,2024-04-15,621356.4583333334,1353.0416666666667
Oceania,2024-06-05,623476.8333333334,1361.1666666666667
Oceania,2024-07-28,625064.2916666666,1370.9166666666667
North America,2021-01-16,618445.5365853659,14172.731707317073
North America,2021-07-23,987729.0487804879,22408.414634146342
North America,2021-09-14,1203889.9268292682,25012.243902439026
North America,2022-10-23,2815336.6829268294,37045.12195121951
North America,2023-05-18,3031618.0,39063.9756097561
North America,2023-09-03,3032733.048780488,39352.29268292683
North America,2024-04-10,3035816.2195121953,40567.80487804878
South America,2020-01-18,0.0,0.0
South America,2020-03-17,29.428571428571427,0.9285714285714286
South America,2020-12-10,820182.1428571428,27856.928571428572
South America,2022-07-31,4442886.214285715,93970.14285714286
South America,2022-08-05,4442886.214285715,93970.14285714286
South America,2023-06-15,4897149.428571428,96588.5
Asia,2020-09-08,167370.21276595743,3181.744680851064
Asia,2021-01-22,465725.25531914894,7569.893617021276
Asia,2021-03-09,528375.2291666666,8377.291666666666
Asia,2021-05-15,903867.8333333334,11778.0625
Asia,2023-04-25,6170760.791666667,33906.458333333336
Asia,2023-04-30,6177075.291666667,33922.708333333336
Asia,2023-09-12,6262659.625,34032.479166666664
Asia,2024-03-20,6412432.744680851,34823.87234042553
Europe,2020-08-11,56249.35294117647,4068.0196078431372
Europe,2022-06-19,3934799.098039216,36893.1568627451
Europe,2024-02-07,4944551.549019608,41148.03921568627
Europe,2024-05-28,4953204.294117647,41192.1568627451
Europe,2024-07-17,4956705.666666667,41213.8431372549
Africa,2020-08-19,19561.36842105263,491.1929824561403
Africa,2021-11-12,151600.8596491228,3858.2631578947367
Africa,2022-08-29,224976.70175438595,4518.491228070176
Africa,2023-03-08,229114.54385964913,4539.6140350877195
Africa,2024-02-15,230527.1403508772,4545.3859649122805
Africa,2024-06-27,230604.28070175438,4545.684210526316
Oceania,2020-02-09,0.625,0.0
Oceania,2020-02-29,0.9166666666666666,0.0
Oceania,2020-04-12,315.375,3.0
Oceania,2020-08-07,795.5833333333334,12.541666666666666
Oceania,2020-10-03,1378.625,40.5
Oceania,2020-12-18,2219.8333333333335,48.5
Oceania,2021-02-09,2400.125,50.958333333333336
Oceania,2021-10-13,11781.416666666666,146.45833333333334
Oceania,2022-01-20,79223.20833333333,239.0
Oceania,2022-10-06,504834.6666666667,878.9166666666666
Oceania,2022-12-04,532758.2083333334,935.4583333333334
Oceania,2023-06-18,596512.5,1213.7916666666667
Oceania,2023-07-29,599996.5833333334,1217.125
North America,2021-02-12,752889.1463414634,17397.853658536584
North America,2021-03-31,847466.6341463415,20192.29268292683
North America,2021-09-28,1260151.731707317,25944.90243902439
North America,2023-10-10,3033218.8048780486,39532.68292682927
South America,2020-01-01,,
South America,2020-01-05,0.0,0.0
South America,2020-11-05,692497.7142857143,25302.35714285714
South America,2021-05-28,1977754.5714285714,62447.357142857145
South America,2022-07-29,4403292.857142857,93769.85714285714
South America,2022-11-13,4612050.785714285,95276.64285714286
South America,2023-09-09,4897987.0,96594.14285714286
Asia,2020-05-24,19875.127659574468,576.2978723404256
Asia,2020-07-19,70147.8085106383,1651.0425531914893
Asia,2020-09-11,167370.21276595743,3181.744680851064
Asia,2021-03-07,528375.2291666666,8377.291666666666
Asia,2021-03-12,528375.2291666666,8377.291666666666
Asia,2021-06-07,1086660.75,14781.291666666666
Asia,2021-06-28,1149361.1666666667,16341.020833333334
Asia,2021-08-12,1330391.7291666667,19425.0625
Asia,2021-09-22,1539192.0,22892.479166666668
Asia,2021-09-24,1539192.0,22892.479166666668
Asia,2021-10-06,1585439.625,23526.125
Asia,2021-11-24,1694972.2083333333,25063.520833333332
Asia,2024-06-01,6413497.70212766,34831.44680851064
Asia,2024-06-29,6414035.361702127,34833.14893617021
Europe,2020-05-06,24558.803921568626,2865.725490196078
Europe,2020-08-31,67696.11764705883,4210.333333333333
Europe,2022-02-14,2787789.2884615385,32783.75
Europe,2022-11-18,4628064.68627451,38847.666666666664
Europe,2024-01-29,4943559.68627451,41139.41176470588
Africa,2020-04-30,549.5087719298245,30.964912280701753
Africa,2020-09-10,22796.526315789473,589.7017543859649
Africa,2021-03-01,68835.43859649122,1819.1754385964912
Africa,2021-04-02,74047.47368421052,1967.8070175438597
Africa,2021-04-24,78365.14035087719,2071.8947368421054
Africa,2021-07-29,114241.21052631579,2886.7368421052633
Africa,2022-02-08,197809.28070175438,4242.122807017544
Africa,2022-05-11,213356.28070175438,4457.877192982456
Africa,2022-10-30,226419.8947368421,4527.070175438596
Africa,2024-07-07,230611.33333333334,4545.701754385965
Oceania,2020-03-25,49.458333333333336,0.375
Oceania,2021-05-17,3087.4166666666665,56.708333333333336
Oceania,2021-06-21,3322.3333333333335,59.333333333333336
Oceania,2021-11-19,14969.041666666666,182.0
Oceania,2022-02-26,131559.66666666666,362.3333333333333
Oceania,2022-11-14,518661.4583333333,908.3333333333334
Oceania,2023-08-22,601505.125,1231.5416666666667
Oceania,2024-03-02,615831.375,1337.3333333333333
North America,2020-03-15,108.09756097560975,1.7560975609756098
North America,2020-10-06,218906.19512195123,8147.463414634146
North America,2020-10-20,240579.07317073172,8538.853658536585
North America,2020-12-03,381614.0975609756,10416.09756097561
North America,2021-02-28,799655.9268292683,19048.170731707316
North America,2021-08-28,1106336.1219512196,23655.048780487807
North America,2022-06-21,2489605.4146341463,35461.90243902439
North America,2022-07-07,2537413.073170732,35615.70731707317
North America,2022-08-20,2697305.7073170734,36211.9756097561
North America,2023-08-26,3032617.7804878047,39295.19512195122
North America,2023-09-29,3032984.1707317075,39458.12195121951
North America,2024-01-24,3035195.0,40216.04878048781
North America,2024-03-02,3035579.3414634145,40424.12195121951
North America,2024-04-11,3035816.2195121953,40567.80487804878
North America,2024-06-04,3036126.926829268,40653.19512195122
North America,2024-06-14,3036152.4146341463,40661.21951219512
South America,2020-05-17,29093.428571428572,2229.1428571428573
South America,2020-07-24,229009.57142857142,11052.142857142857
South America,2020-09-08,477877.0714285714,19022.571428571428
South America,2022-07-20,4365336.357142857,93604.92857142857
South America,2023-03-25,4864320.714285715,96544.78571428571
South America,2023-11-14,4899732.642857143,96616.57142857143
South America,2023-11-15,4899732.642857143,96616.57142857143
South America,2024-01-31,4906318.928571428,96672.42857142857
South America,2024-07-04,4914523.357142857,96726.85714285714
Europe,2024-08-09,2247248.3333333335,18772.333333333332
Europe,2024-08-13,1369355.0,9810.0
North America,2020-01-04,,
Oceania,2024-08-08,2639048.0,4284.0
Europe,2024-08-11,2247248.3333333335,18772.333333333332
Asia,2020-01-04,,
Europe,2024-08-05,8380705.75,63406.0
Europe,2024-08-14,1369355.0,9810.0
Europe,2024-08-08,2247248.3333333335,18772.333333333332
North America,2020-01-01,,
Europe,2024-08-06,8380705.75,63406.0
North America,2020-01-03,,
Oceania,2024-08-09,2639048.0,4284.0
Oceania,2024-08-10,2639048.0,4284.0
Europe,2024-08-12,2247248.3333333335,18772.333333333332
Europe,2024-08-10,2247248.3333333335,18772.333333333332
North America,2020-01-02,,
Oceania,2024-08-11,2639048.0,4284.0
Oceania,2024-08-05,2639048.0,4284.0
Oceania,2024-08-06,2639048.0,4284.0
Europe,2024-08-07,8380705.75,63406.0
Oceania,2024-08-07,2639048.0,4284.0
